[0.095s] DEBUG:colcon:Command line arguments: ['/usr/bin/colcon', 'build']
[0.095s] DEBUG:colcon:Parsed command line arguments: Namespace(log_base=None, log_level=None, verb_name='build', build_base='build', install_base='install', merge_install=False, symlink_install=False, test_result_base=None, continue_on_error=False, executor='parallel', parallel_workers=16, event_handlers=None, ignore_user_meta=False, metas=['./colcon.meta'], base_paths=['.'], packages_ignore=None, packages_ignore_regex=None, paths=None, packages_up_to=None, packages_up_to_regex=None, packages_above=None, packages_above_and_dependencies=None, packages_above_depth=None, packages_select_by_dep=None, packages_skip_by_dep=None, packages_skip_up_to=None, packages_select_build_failed=False, packages_skip_build_finished=False, packages_select_test_failures=False, packages_skip_test_passed=False, packages_select=None, packages_skip=None, packages_select_regex=None, packages_skip_regex=None, packages_start=None, packages_end=None, allow_overriding=[], ament_gradle_args=None, ament_gradle_task=None, cmake_args=None, cmake_target=None, cmake_target_skip_unavailable=False, cmake_clean_cache=False, cmake_clean_first=False, cmake_force_configure=False, gradle_args=None, gradle_task=None, ament_cmake_args=None, catkin_cmake_args=None, catkin_skip_building_tests=False, verb_parser=<colcon_defaults.argument_parser.defaults.DefaultArgumentsDecorator object at 0x74431ae69090>, verb_extension=<colcon_core.verb.build.BuildVerb object at 0x74431ae68760>, main=<bound method BuildVerb.main of <colcon_core.verb.build.BuildVerb object at 0x74431ae68760>>)
[0.259s] Level 1:colcon.colcon_core.package_discovery:discover_packages(colcon_meta) check parameters
[0.259s] Level 1:colcon.colcon_core.package_discovery:discover_packages(recursive) check parameters
[0.259s] Level 1:colcon.colcon_core.package_discovery:discover_packages(ignore) check parameters
[0.259s] Level 1:colcon.colcon_core.package_discovery:discover_packages(path) check parameters
[0.259s] Level 1:colcon.colcon_core.package_discovery:discover_packages(colcon_meta) discover
[0.259s] Level 1:colcon.colcon_core.package_discovery:discover_packages(recursive) discover
[0.259s] INFO:colcon.colcon_core.package_discovery:Crawling recursively for packages in '/home/takuto/scout_ws'
[0.259s] Level 1:colcon.colcon_core.package_identification:_identify(.) by extensions ['ignore', 'ignore_ament_install']
[0.259s] Level 1:colcon.colcon_core.package_identification:_identify(.) by extension 'ignore'
[0.259s] Level 1:colcon.colcon_core.package_identification:_identify(.) by extension 'ignore_ament_install'
[0.259s] Level 1:colcon.colcon_core.package_identification:_identify(.) by extensions ['colcon_pkg']
[0.259s] Level 1:colcon.colcon_core.package_identification:_identify(.) by extension 'colcon_pkg'
[0.259s] Level 1:colcon.colcon_core.package_identification:_identify(.) by extensions ['colcon_meta']
[0.259s] Level 1:colcon.colcon_core.package_identification:_identify(.) by extension 'colcon_meta'
[0.260s] Level 1:colcon.colcon_core.package_identification:_identify(.) by extensions ['ament_gradle']
[0.260s] Level 1:colcon.colcon_core.package_identification:_identify(.) by extension 'ament_gradle'
[0.260s] Level 1:colcon.colcon_core.package_identification:_identify(.) by extensions ['ros']
[0.260s] Level 1:colcon.colcon_core.package_identification:_identify(.) by extension 'ros'
[0.270s] Level 1:colcon.colcon_core.package_identification:_identify(.) by extensions ['cmake', 'gradle', 'python']
[0.270s] Level 1:colcon.colcon_core.package_identification:_identify(.) by extension 'cmake'
[0.270s] Level 1:colcon.colcon_core.package_identification:_identify(.) by extension 'gradle'
[0.270s] Level 1:colcon.colcon_core.package_identification:_identify(.) by extension 'python'
[0.270s] Level 1:colcon.colcon_core.package_identification:_identify(.) by extensions ['python_setup_py']
[0.270s] Level 1:colcon.colcon_core.package_identification:_identify(.) by extension 'python_setup_py'
[0.271s] Level 1:colcon.colcon_core.package_identification:_identify(build) by extensions ['ignore', 'ignore_ament_install']
[0.271s] Level 1:colcon.colcon_core.package_identification:_identify(build) by extension 'ignore'
[0.271s] Level 1:colcon.colcon_core.package_identification:_identify(build) ignored
[0.271s] Level 1:colcon.colcon_core.package_identification:_identify(install) by extensions ['ignore', 'ignore_ament_install']
[0.271s] Level 1:colcon.colcon_core.package_identification:_identify(install) by extension 'ignore'
[0.271s] Level 1:colcon.colcon_core.package_identification:_identify(install) ignored
[0.271s] Level 1:colcon.colcon_core.package_identification:_identify(log) by extensions ['ignore', 'ignore_ament_install']
[0.271s] Level 1:colcon.colcon_core.package_identification:_identify(log) by extension 'ignore'
[0.271s] Level 1:colcon.colcon_core.package_identification:_identify(log) ignored
[0.271s] Level 1:colcon.colcon_core.package_identification:_identify(models) by extensions ['ignore', 'ignore_ament_install']
[0.271s] Level 1:colcon.colcon_core.package_identification:_identify(models) by extension 'ignore'
[0.271s] Level 1:colcon.colcon_core.package_identification:_identify(models) by extension 'ignore_ament_install'
[0.271s] Level 1:colcon.colcon_core.package_identification:_identify(models) by extensions ['colcon_pkg']
[0.271s] Level 1:colcon.colcon_core.package_identification:_identify(models) by extension 'colcon_pkg'
[0.271s] Level 1:colcon.colcon_core.package_identification:_identify(models) by extensions ['colcon_meta']
[0.271s] Level 1:colcon.colcon_core.package_identification:_identify(models) by extension 'colcon_meta'
[0.272s] Level 1:colcon.colcon_core.package_identification:_identify(models) by extensions ['ament_gradle']
[0.272s] Level 1:colcon.colcon_core.package_identification:_identify(models) by extension 'ament_gradle'
[0.272s] Level 1:colcon.colcon_core.package_identification:_identify(models) by extensions ['ros']
[0.272s] Level 1:colcon.colcon_core.package_identification:_identify(models) by extension 'ros'
[0.272s] Level 1:colcon.colcon_core.package_identification:_identify(models) by extensions ['cmake', 'gradle', 'python']
[0.272s] Level 1:colcon.colcon_core.package_identification:_identify(models) by extension 'cmake'
[0.272s] Level 1:colcon.colcon_core.package_identification:_identify(models) by extension 'gradle'
[0.272s] Level 1:colcon.colcon_core.package_identification:_identify(models) by extension 'python'
[0.272s] Level 1:colcon.colcon_core.package_identification:_identify(models) by extensions ['python_setup_py']
[0.272s] Level 1:colcon.colcon_core.package_identification:_identify(models) by extension 'python_setup_py'
[0.272s] Level 1:colcon.colcon_core.package_identification:_identify(models/nhk2026) by extensions ['ignore', 'ignore_ament_install']
[0.272s] Level 1:colcon.colcon_core.package_identification:_identify(models/nhk2026) by extension 'ignore'
[0.272s] Level 1:colcon.colcon_core.package_identification:_identify(models/nhk2026) by extension 'ignore_ament_install'
[0.272s] Level 1:colcon.colcon_core.package_identification:_identify(models/nhk2026) by extensions ['colcon_pkg']
[0.272s] Level 1:colcon.colcon_core.package_identification:_identify(models/nhk2026) by extension 'colcon_pkg'
[0.272s] Level 1:colcon.colcon_core.package_identification:_identify(models/nhk2026) by extensions ['colcon_meta']
[0.272s] Level 1:colcon.colcon_core.package_identification:_identify(models/nhk2026) by extension 'colcon_meta'
[0.272s] Level 1:colcon.colcon_core.package_identification:_identify(models/nhk2026) by extensions ['ament_gradle']
[0.272s] Level 1:colcon.colcon_core.package_identification:_identify(models/nhk2026) by extension 'ament_gradle'
[0.272s] Level 1:colcon.colcon_core.package_identification:_identify(models/nhk2026) by extensions ['ros']
[0.272s] Level 1:colcon.colcon_core.package_identification:_identify(models/nhk2026) by extension 'ros'
[0.272s] Level 1:colcon.colcon_core.package_identification:_identify(models/nhk2026) by extensions ['cmake', 'gradle', 'python']
[0.272s] Level 1:colcon.colcon_core.package_identification:_identify(models/nhk2026) by extension 'cmake'
[0.272s] Level 1:colcon.colcon_core.package_identification:_identify(models/nhk2026) by extension 'gradle'
[0.272s] Level 1:colcon.colcon_core.package_identification:_identify(models/nhk2026) by extension 'python'
[0.272s] Level 1:colcon.colcon_core.package_identification:_identify(models/nhk2026) by extensions ['python_setup_py']
[0.272s] Level 1:colcon.colcon_core.package_identification:_identify(models/nhk2026) by extension 'python_setup_py'
[0.273s] Level 1:colcon.colcon_core.package_identification:_identify(models/nhk2026/meshes) by extensions ['ignore', 'ignore_ament_install']
[0.273s] Level 1:colcon.colcon_core.package_identification:_identify(models/nhk2026/meshes) by extension 'ignore'
[0.273s] Level 1:colcon.colcon_core.package_identification:_identify(models/nhk2026/meshes) by extension 'ignore_ament_install'
[0.273s] Level 1:colcon.colcon_core.package_identification:_identify(models/nhk2026/meshes) by extensions ['colcon_pkg']
[0.273s] Level 1:colcon.colcon_core.package_identification:_identify(models/nhk2026/meshes) by extension 'colcon_pkg'
[0.273s] Level 1:colcon.colcon_core.package_identification:_identify(models/nhk2026/meshes) by extensions ['colcon_meta']
[0.273s] Level 1:colcon.colcon_core.package_identification:_identify(models/nhk2026/meshes) by extension 'colcon_meta'
[0.273s] Level 1:colcon.colcon_core.package_identification:_identify(models/nhk2026/meshes) by extensions ['ament_gradle']
[0.273s] Level 1:colcon.colcon_core.package_identification:_identify(models/nhk2026/meshes) by extension 'ament_gradle'
[0.273s] Level 1:colcon.colcon_core.package_identification:_identify(models/nhk2026/meshes) by extensions ['ros']
[0.273s] Level 1:colcon.colcon_core.package_identification:_identify(models/nhk2026/meshes) by extension 'ros'
[0.273s] Level 1:colcon.colcon_core.package_identification:_identify(models/nhk2026/meshes) by extensions ['cmake', 'gradle', 'python']
[0.273s] Level 1:colcon.colcon_core.package_identification:_identify(models/nhk2026/meshes) by extension 'cmake'
[0.273s] Level 1:colcon.colcon_core.package_identification:_identify(models/nhk2026/meshes) by extension 'gradle'
[0.273s] Level 1:colcon.colcon_core.package_identification:_identify(models/nhk2026/meshes) by extension 'python'
[0.273s] Level 1:colcon.colcon_core.package_identification:_identify(models/nhk2026/meshes) by extensions ['python_setup_py']
[0.273s] Level 1:colcon.colcon_core.package_identification:_identify(models/nhk2026/meshes) by extension 'python_setup_py'
[0.273s] Level 1:colcon.colcon_core.package_identification:_identify(models/slope) by extensions ['ignore', 'ignore_ament_install']
[0.273s] Level 1:colcon.colcon_core.package_identification:_identify(models/slope) by extension 'ignore'
[0.274s] Level 1:colcon.colcon_core.package_identification:_identify(models/slope) by extension 'ignore_ament_install'
[0.274s] Level 1:colcon.colcon_core.package_identification:_identify(models/slope) by extensions ['colcon_pkg']
[0.274s] Level 1:colcon.colcon_core.package_identification:_identify(models/slope) by extension 'colcon_pkg'
[0.274s] Level 1:colcon.colcon_core.package_identification:_identify(models/slope) by extensions ['colcon_meta']
[0.274s] Level 1:colcon.colcon_core.package_identification:_identify(models/slope) by extension 'colcon_meta'
[0.274s] Level 1:colcon.colcon_core.package_identification:_identify(models/slope) by extensions ['ament_gradle']
[0.274s] Level 1:colcon.colcon_core.package_identification:_identify(models/slope) by extension 'ament_gradle'
[0.274s] Level 1:colcon.colcon_core.package_identification:_identify(models/slope) by extensions ['ros']
[0.274s] Level 1:colcon.colcon_core.package_identification:_identify(models/slope) by extension 'ros'
[0.274s] Level 1:colcon.colcon_core.package_identification:_identify(models/slope) by extensions ['cmake', 'gradle', 'python']
[0.274s] Level 1:colcon.colcon_core.package_identification:_identify(models/slope) by extension 'cmake'
[0.274s] Level 1:colcon.colcon_core.package_identification:_identify(models/slope) by extension 'gradle'
[0.274s] Level 1:colcon.colcon_core.package_identification:_identify(models/slope) by extension 'python'
[0.274s] Level 1:colcon.colcon_core.package_identification:_identify(models/slope) by extensions ['python_setup_py']
[0.274s] Level 1:colcon.colcon_core.package_identification:_identify(models/slope) by extension 'python_setup_py'
[0.274s] Level 1:colcon.colcon_core.package_identification:_identify(models/slope/meshes) by extensions ['ignore', 'ignore_ament_install']
[0.274s] Level 1:colcon.colcon_core.package_identification:_identify(models/slope/meshes) by extension 'ignore'
[0.274s] Level 1:colcon.colcon_core.package_identification:_identify(models/slope/meshes) by extension 'ignore_ament_install'
[0.274s] Level 1:colcon.colcon_core.package_identification:_identify(models/slope/meshes) by extensions ['colcon_pkg']
[0.274s] Level 1:colcon.colcon_core.package_identification:_identify(models/slope/meshes) by extension 'colcon_pkg'
[0.274s] Level 1:colcon.colcon_core.package_identification:_identify(models/slope/meshes) by extensions ['colcon_meta']
[0.274s] Level 1:colcon.colcon_core.package_identification:_identify(models/slope/meshes) by extension 'colcon_meta'
[0.274s] Level 1:colcon.colcon_core.package_identification:_identify(models/slope/meshes) by extensions ['ament_gradle']
[0.274s] Level 1:colcon.colcon_core.package_identification:_identify(models/slope/meshes) by extension 'ament_gradle'
[0.274s] Level 1:colcon.colcon_core.package_identification:_identify(models/slope/meshes) by extensions ['ros']
[0.275s] Level 1:colcon.colcon_core.package_identification:_identify(models/slope/meshes) by extension 'ros'
[0.275s] Level 1:colcon.colcon_core.package_identification:_identify(models/slope/meshes) by extensions ['cmake', 'gradle', 'python']
[0.275s] Level 1:colcon.colcon_core.package_identification:_identify(models/slope/meshes) by extension 'cmake'
[0.275s] Level 1:colcon.colcon_core.package_identification:_identify(models/slope/meshes) by extension 'gradle'
[0.275s] Level 1:colcon.colcon_core.package_identification:_identify(models/slope/meshes) by extension 'python'
[0.275s] Level 1:colcon.colcon_core.package_identification:_identify(models/slope/meshes) by extensions ['python_setup_py']
[0.275s] Level 1:colcon.colcon_core.package_identification:_identify(models/slope/meshes) by extension 'python_setup_py'
[0.275s] Level 1:colcon.colcon_core.package_identification:_identify(src) by extensions ['ignore', 'ignore_ament_install']
[0.275s] Level 1:colcon.colcon_core.package_identification:_identify(src) by extension 'ignore'
[0.275s] Level 1:colcon.colcon_core.package_identification:_identify(src) by extension 'ignore_ament_install'
[0.275s] Level 1:colcon.colcon_core.package_identification:_identify(src) by extensions ['colcon_pkg']
[0.275s] Level 1:colcon.colcon_core.package_identification:_identify(src) by extension 'colcon_pkg'
[0.275s] Level 1:colcon.colcon_core.package_identification:_identify(src) by extensions ['colcon_meta']
[0.275s] Level 1:colcon.colcon_core.package_identification:_identify(src) by extension 'colcon_meta'
[0.275s] Level 1:colcon.colcon_core.package_identification:_identify(src) by extensions ['ament_gradle']
[0.275s] Level 1:colcon.colcon_core.package_identification:_identify(src) by extension 'ament_gradle'
[0.275s] Level 1:colcon.colcon_core.package_identification:_identify(src) by extensions ['ros']
[0.275s] Level 1:colcon.colcon_core.package_identification:_identify(src) by extension 'ros'
[0.275s] Level 1:colcon.colcon_core.package_identification:_identify(src) by extensions ['cmake', 'gradle', 'python']
[0.275s] Level 1:colcon.colcon_core.package_identification:_identify(src) by extension 'cmake'
[0.275s] Level 1:colcon.colcon_core.package_identification:_identify(src) by extension 'gradle'
[0.275s] Level 1:colcon.colcon_core.package_identification:_identify(src) by extension 'python'
[0.275s] Level 1:colcon.colcon_core.package_identification:_identify(src) by extensions ['python_setup_py']
[0.275s] Level 1:colcon.colcon_core.package_identification:_identify(src) by extension 'python_setup_py'
[0.275s] Level 1:colcon.colcon_core.package_identification:_identify(src/HesaiLidar_ROS_2.0) by extensions ['ignore', 'ignore_ament_install']
[0.276s] Level 1:colcon.colcon_core.package_identification:_identify(src/HesaiLidar_ROS_2.0) by extension 'ignore'
[0.276s] Level 1:colcon.colcon_core.package_identification:_identify(src/HesaiLidar_ROS_2.0) by extension 'ignore_ament_install'
[0.276s] Level 1:colcon.colcon_core.package_identification:_identify(src/HesaiLidar_ROS_2.0) by extensions ['colcon_pkg']
[0.276s] Level 1:colcon.colcon_core.package_identification:_identify(src/HesaiLidar_ROS_2.0) by extension 'colcon_pkg'
[0.276s] Level 1:colcon.colcon_core.package_identification:_identify(src/HesaiLidar_ROS_2.0) by extensions ['colcon_meta']
[0.276s] Level 1:colcon.colcon_core.package_identification:_identify(src/HesaiLidar_ROS_2.0) by extension 'colcon_meta'
[0.276s] Level 1:colcon.colcon_core.package_identification:_identify(src/HesaiLidar_ROS_2.0) by extensions ['ament_gradle']
[0.276s] Level 1:colcon.colcon_core.package_identification:_identify(src/HesaiLidar_ROS_2.0) by extension 'ament_gradle'
[0.276s] Level 1:colcon.colcon_core.package_identification:_identify(src/HesaiLidar_ROS_2.0) by extensions ['ros']
[0.276s] Level 1:colcon.colcon_core.package_identification:_identify(src/HesaiLidar_ROS_2.0) by extension 'ros'
[0.299s] DEBUG:colcon.colcon_core.package_identification:Package 'src/HesaiLidar_ROS_2.0' with type 'ros.ament_cmake' and name 'hesai_ros_driver'
[0.300s] Level 1:colcon.colcon_core.package_identification:_identify(src/cmd_vel_joy) by extensions ['ignore', 'ignore_ament_install']
[0.300s] Level 1:colcon.colcon_core.package_identification:_identify(src/cmd_vel_joy) by extension 'ignore'
[0.300s] Level 1:colcon.colcon_core.package_identification:_identify(src/cmd_vel_joy) by extension 'ignore_ament_install'
[0.300s] Level 1:colcon.colcon_core.package_identification:_identify(src/cmd_vel_joy) by extensions ['colcon_pkg']
[0.300s] Level 1:colcon.colcon_core.package_identification:_identify(src/cmd_vel_joy) by extension 'colcon_pkg'
[0.300s] Level 1:colcon.colcon_core.package_identification:_identify(src/cmd_vel_joy) by extensions ['colcon_meta']
[0.300s] Level 1:colcon.colcon_core.package_identification:_identify(src/cmd_vel_joy) by extension 'colcon_meta'
[0.300s] Level 1:colcon.colcon_core.package_identification:_identify(src/cmd_vel_joy) by extensions ['ament_gradle']
[0.300s] Level 1:colcon.colcon_core.package_identification:_identify(src/cmd_vel_joy) by extension 'ament_gradle'
[0.300s] Level 1:colcon.colcon_core.package_identification:_identify(src/cmd_vel_joy) by extensions ['ros']
[0.300s] Level 1:colcon.colcon_core.package_identification:_identify(src/cmd_vel_joy) by extension 'ros'
[0.301s] DEBUG:colcon.colcon_core.package_identification:Package 'src/cmd_vel_joy' with type 'ros.ament_python' and name 'cmd_vel_joy'
[0.301s] Level 1:colcon.colcon_core.package_identification:_identify(src/cost_cul) by extensions ['ignore', 'ignore_ament_install']
[0.301s] Level 1:colcon.colcon_core.package_identification:_identify(src/cost_cul) by extension 'ignore'
[0.301s] Level 1:colcon.colcon_core.package_identification:_identify(src/cost_cul) by extension 'ignore_ament_install'
[0.301s] Level 1:colcon.colcon_core.package_identification:_identify(src/cost_cul) by extensions ['colcon_pkg']
[0.301s] Level 1:colcon.colcon_core.package_identification:_identify(src/cost_cul) by extension 'colcon_pkg'
[0.301s] Level 1:colcon.colcon_core.package_identification:_identify(src/cost_cul) by extensions ['colcon_meta']
[0.301s] Level 1:colcon.colcon_core.package_identification:_identify(src/cost_cul) by extension 'colcon_meta'
[0.301s] Level 1:colcon.colcon_core.package_identification:_identify(src/cost_cul) by extensions ['ament_gradle']
[0.301s] Level 1:colcon.colcon_core.package_identification:_identify(src/cost_cul) by extension 'ament_gradle'
[0.301s] Level 1:colcon.colcon_core.package_identification:_identify(src/cost_cul) by extensions ['ros']
[0.301s] Level 1:colcon.colcon_core.package_identification:_identify(src/cost_cul) by extension 'ros'
[0.302s] DEBUG:colcon.colcon_core.package_identification:Package 'src/cost_cul' with type 'ros.ament_python' and name 'cost_cul'
[0.302s] Level 1:colcon.colcon_core.package_identification:_identify(src/hesai_description) by extensions ['ignore', 'ignore_ament_install']
[0.302s] Level 1:colcon.colcon_core.package_identification:_identify(src/hesai_description) by extension 'ignore'
[0.302s] Level 1:colcon.colcon_core.package_identification:_identify(src/hesai_description) by extension 'ignore_ament_install'
[0.302s] Level 1:colcon.colcon_core.package_identification:_identify(src/hesai_description) by extensions ['colcon_pkg']
[0.302s] Level 1:colcon.colcon_core.package_identification:_identify(src/hesai_description) by extension 'colcon_pkg'
[0.302s] Level 1:colcon.colcon_core.package_identification:_identify(src/hesai_description) by extensions ['colcon_meta']
[0.302s] Level 1:colcon.colcon_core.package_identification:_identify(src/hesai_description) by extension 'colcon_meta'
[0.302s] Level 1:colcon.colcon_core.package_identification:_identify(src/hesai_description) by extensions ['ament_gradle']
[0.302s] Level 1:colcon.colcon_core.package_identification:_identify(src/hesai_description) by extension 'ament_gradle'
[0.302s] Level 1:colcon.colcon_core.package_identification:_identify(src/hesai_description) by extensions ['ros']
[0.302s] Level 1:colcon.colcon_core.package_identification:_identify(src/hesai_description) by extension 'ros'
[0.303s] DEBUG:colcon.colcon_core.package_identification:Package 'src/hesai_description' with type 'ros.ament_cmake' and name 'hesai_description'
[0.303s] Level 1:colcon.colcon_core.package_identification:_identify(src/scout_gazebo) by extensions ['ignore', 'ignore_ament_install']
[0.303s] Level 1:colcon.colcon_core.package_identification:_identify(src/scout_gazebo) by extension 'ignore'
[0.303s] Level 1:colcon.colcon_core.package_identification:_identify(src/scout_gazebo) by extension 'ignore_ament_install'
[0.303s] Level 1:colcon.colcon_core.package_identification:_identify(src/scout_gazebo) by extensions ['colcon_pkg']
[0.303s] Level 1:colcon.colcon_core.package_identification:_identify(src/scout_gazebo) by extension 'colcon_pkg'
[0.303s] Level 1:colcon.colcon_core.package_identification:_identify(src/scout_gazebo) by extensions ['colcon_meta']
[0.303s] Level 1:colcon.colcon_core.package_identification:_identify(src/scout_gazebo) by extension 'colcon_meta'
[0.303s] Level 1:colcon.colcon_core.package_identification:_identify(src/scout_gazebo) by extensions ['ament_gradle']
[0.303s] Level 1:colcon.colcon_core.package_identification:_identify(src/scout_gazebo) by extension 'ament_gradle'
[0.303s] Level 1:colcon.colcon_core.package_identification:_identify(src/scout_gazebo) by extensions ['ros']
[0.303s] Level 1:colcon.colcon_core.package_identification:_identify(src/scout_gazebo) by extension 'ros'
[0.304s] DEBUG:colcon.colcon_core.package_identification:Package 'src/scout_gazebo' with type 'ros.ament_cmake' and name 'scout_gazebo'
[0.304s] Level 1:colcon.colcon_core.package_identification:_identify(src/scout_mini_control) by extensions ['ignore', 'ignore_ament_install']
[0.304s] Level 1:colcon.colcon_core.package_identification:_identify(src/scout_mini_control) by extension 'ignore'
[0.304s] Level 1:colcon.colcon_core.package_identification:_identify(src/scout_mini_control) by extension 'ignore_ament_install'
[0.304s] Level 1:colcon.colcon_core.package_identification:_identify(src/scout_mini_control) by extensions ['colcon_pkg']
[0.304s] Level 1:colcon.colcon_core.package_identification:_identify(src/scout_mini_control) by extension 'colcon_pkg'
[0.304s] Level 1:colcon.colcon_core.package_identification:_identify(src/scout_mini_control) by extensions ['colcon_meta']
[0.304s] Level 1:colcon.colcon_core.package_identification:_identify(src/scout_mini_control) by extension 'colcon_meta'
[0.304s] Level 1:colcon.colcon_core.package_identification:_identify(src/scout_mini_control) by extensions ['ament_gradle']
[0.304s] Level 1:colcon.colcon_core.package_identification:_identify(src/scout_mini_control) by extension 'ament_gradle'
[0.304s] Level 1:colcon.colcon_core.package_identification:_identify(src/scout_mini_control) by extensions ['ros']
[0.304s] Level 1:colcon.colcon_core.package_identification:_identify(src/scout_mini_control) by extension 'ros'
[0.304s] DEBUG:colcon.colcon_core.package_identification:Package 'src/scout_mini_control' with type 'ros.ament_cmake' and name 'scout_mini_control'
[0.305s] Level 1:colcon.colcon_core.package_identification:_identify(src/scout_mini_description) by extensions ['ignore', 'ignore_ament_install']
[0.305s] Level 1:colcon.colcon_core.package_identification:_identify(src/scout_mini_description) by extension 'ignore'
[0.305s] Level 1:colcon.colcon_core.package_identification:_identify(src/scout_mini_description) by extension 'ignore_ament_install'
[0.305s] Level 1:colcon.colcon_core.package_identification:_identify(src/scout_mini_description) by extensions ['colcon_pkg']
[0.305s] Level 1:colcon.colcon_core.package_identification:_identify(src/scout_mini_description) by extension 'colcon_pkg'
[0.305s] Level 1:colcon.colcon_core.package_identification:_identify(src/scout_mini_description) by extensions ['colcon_meta']
[0.305s] Level 1:colcon.colcon_core.package_identification:_identify(src/scout_mini_description) by extension 'colcon_meta'
[0.305s] Level 1:colcon.colcon_core.package_identification:_identify(src/scout_mini_description) by extensions ['ament_gradle']
[0.305s] Level 1:colcon.colcon_core.package_identification:_identify(src/scout_mini_description) by extension 'ament_gradle'
[0.305s] Level 1:colcon.colcon_core.package_identification:_identify(src/scout_mini_description) by extensions ['ros']
[0.305s] Level 1:colcon.colcon_core.package_identification:_identify(src/scout_mini_description) by extension 'ros'
[0.305s] DEBUG:colcon.colcon_core.package_identification:Package 'src/scout_mini_description' with type 'ros.ament_cmake' and name 'scout_mini_description'
[0.305s] Level 1:colcon.colcon_core.package_identification:_identify(src/scout_mini_gazebo_sim) by extensions ['ignore', 'ignore_ament_install']
[0.305s] Level 1:colcon.colcon_core.package_identification:_identify(src/scout_mini_gazebo_sim) by extension 'ignore'
[0.306s] Level 1:colcon.colcon_core.package_identification:_identify(src/scout_mini_gazebo_sim) by extension 'ignore_ament_install'
[0.306s] Level 1:colcon.colcon_core.package_identification:_identify(src/scout_mini_gazebo_sim) by extensions ['colcon_pkg']
[0.306s] Level 1:colcon.colcon_core.package_identification:_identify(src/scout_mini_gazebo_sim) by extension 'colcon_pkg'
[0.306s] Level 1:colcon.colcon_core.package_identification:_identify(src/scout_mini_gazebo_sim) by extensions ['colcon_meta']
[0.306s] Level 1:colcon.colcon_core.package_identification:_identify(src/scout_mini_gazebo_sim) by extension 'colcon_meta'
[0.306s] Level 1:colcon.colcon_core.package_identification:_identify(src/scout_mini_gazebo_sim) by extensions ['ament_gradle']
[0.306s] Level 1:colcon.colcon_core.package_identification:_identify(src/scout_mini_gazebo_sim) by extension 'ament_gradle'
[0.306s] Level 1:colcon.colcon_core.package_identification:_identify(src/scout_mini_gazebo_sim) by extensions ['ros']
[0.306s] Level 1:colcon.colcon_core.package_identification:_identify(src/scout_mini_gazebo_sim) by extension 'ros'
[0.306s] DEBUG:colcon.colcon_core.package_identification:Package 'src/scout_mini_gazebo_sim' with type 'ros.ament_cmake' and name 'scout_mini_gazebo_sim'
[0.306s] Level 1:colcon.colcon_core.package_discovery:discover_packages(recursive) using defaults
[0.306s] Level 1:colcon.colcon_core.package_discovery:discover_packages(ignore) discover
[0.307s] Level 1:colcon.colcon_core.package_discovery:discover_packages(ignore) using defaults
[0.307s] Level 1:colcon.colcon_core.package_discovery:discover_packages(path) discover
[0.307s] Level 1:colcon.colcon_core.package_discovery:discover_packages(path) using defaults
[0.325s] Level 1:colcon.colcon_core.package_discovery:discover_packages(prefix_path) check parameters
[0.325s] Level 1:colcon.colcon_core.package_discovery:discover_packages(prefix_path) discover
[0.328s] DEBUG:colcon.colcon_installed_package_information.package_discovery:Found 9 installed packages in /home/takuto/scout_ws/install
[0.329s] DEBUG:colcon.colcon_installed_package_information.package_discovery:Found 5 installed packages in /home/takuto/mecanumrover_ws/install
[0.329s] DEBUG:colcon.colcon_installed_package_information.package_discovery:Found 3 installed packages in /home/takuto/uros_ws/install
[0.330s] DEBUG:colcon.colcon_installed_package_information.package_discovery:Found 19 installed packages in /home/takuto/turtlebot3_ws/install
[0.332s] DEBUG:colcon.colcon_installed_package_information.package_discovery:Found 426 installed packages in /opt/ros/humble
[0.334s] Level 1:colcon.colcon_core.package_discovery:discover_packages(prefix_path) using defaults
[0.382s] Level 5:colcon.colcon_core.verb:set package 'cmd_vel_joy' build argument 'ament_gradle_args' from command line to 'None'
[0.382s] Level 5:colcon.colcon_core.verb:set package 'cmd_vel_joy' build argument 'ament_gradle_task' from command line to 'None'
[0.382s] Level 5:colcon.colcon_core.verb:set package 'cmd_vel_joy' build argument 'cmake_args' from command line to 'None'
[0.382s] Level 5:colcon.colcon_core.verb:set package 'cmd_vel_joy' build argument 'cmake_target' from command line to 'None'
[0.382s] Level 5:colcon.colcon_core.verb:set package 'cmd_vel_joy' build argument 'cmake_target_skip_unavailable' from command line to 'False'
[0.382s] Level 5:colcon.colcon_core.verb:set package 'cmd_vel_joy' build argument 'cmake_clean_cache' from command line to 'False'
[0.382s] Level 5:colcon.colcon_core.verb:set package 'cmd_vel_joy' build argument 'cmake_clean_first' from command line to 'False'
[0.382s] Level 5:colcon.colcon_core.verb:set package 'cmd_vel_joy' build argument 'cmake_force_configure' from command line to 'False'
[0.382s] Level 5:colcon.colcon_core.verb:set package 'cmd_vel_joy' build argument 'gradle_args' from command line to 'None'
[0.382s] Level 5:colcon.colcon_core.verb:set package 'cmd_vel_joy' build argument 'gradle_task' from command line to 'None'
[0.382s] Level 5:colcon.colcon_core.verb:set package 'cmd_vel_joy' build argument 'ament_cmake_args' from command line to 'None'
[0.383s] Level 5:colcon.colcon_core.verb:set package 'cmd_vel_joy' build argument 'catkin_cmake_args' from command line to 'None'
[0.383s] Level 5:colcon.colcon_core.verb:set package 'cmd_vel_joy' build argument 'catkin_skip_building_tests' from command line to 'False'
[0.383s] DEBUG:colcon.colcon_core.verb:Building package 'cmd_vel_joy' with the following arguments: {'ament_cmake_args': None, 'ament_gradle_args': None, 'ament_gradle_task': None, 'build_base': '/home/takuto/scout_ws/build/cmd_vel_joy', 'catkin_cmake_args': None, 'catkin_skip_building_tests': False, 'cmake_args': None, 'cmake_clean_cache': False, 'cmake_clean_first': False, 'cmake_force_configure': False, 'cmake_target': None, 'cmake_target_skip_unavailable': False, 'gradle_args': None, 'gradle_task': None, 'install_base': '/home/takuto/scout_ws/install/cmd_vel_joy', 'merge_install': False, 'path': '/home/takuto/scout_ws/src/cmd_vel_joy', 'symlink_install': False, 'test_result_base': None}
[0.383s] Level 5:colcon.colcon_core.verb:set package 'cost_cul' build argument 'ament_gradle_args' from command line to 'None'
[0.383s] Level 5:colcon.colcon_core.verb:set package 'cost_cul' build argument 'ament_gradle_task' from command line to 'None'
[0.383s] Level 5:colcon.colcon_core.verb:set package 'cost_cul' build argument 'cmake_args' from command line to 'None'
[0.383s] Level 5:colcon.colcon_core.verb:set package 'cost_cul' build argument 'cmake_target' from command line to 'None'
[0.383s] Level 5:colcon.colcon_core.verb:set package 'cost_cul' build argument 'cmake_target_skip_unavailable' from command line to 'False'
[0.383s] Level 5:colcon.colcon_core.verb:set package 'cost_cul' build argument 'cmake_clean_cache' from command line to 'False'
[0.383s] Level 5:colcon.colcon_core.verb:set package 'cost_cul' build argument 'cmake_clean_first' from command line to 'False'
[0.383s] Level 5:colcon.colcon_core.verb:set package 'cost_cul' build argument 'cmake_force_configure' from command line to 'False'
[0.383s] Level 5:colcon.colcon_core.verb:set package 'cost_cul' build argument 'gradle_args' from command line to 'None'
[0.383s] Level 5:colcon.colcon_core.verb:set package 'cost_cul' build argument 'gradle_task' from command line to 'None'
[0.383s] Level 5:colcon.colcon_core.verb:set package 'cost_cul' build argument 'ament_cmake_args' from command line to 'None'
[0.383s] Level 5:colcon.colcon_core.verb:set package 'cost_cul' build argument 'catkin_cmake_args' from command line to 'None'
[0.383s] Level 5:colcon.colcon_core.verb:set package 'cost_cul' build argument 'catkin_skip_building_tests' from command line to 'False'
[0.383s] DEBUG:colcon.colcon_core.verb:Building package 'cost_cul' with the following arguments: {'ament_cmake_args': None, 'ament_gradle_args': None, 'ament_gradle_task': None, 'build_base': '/home/takuto/scout_ws/build/cost_cul', 'catkin_cmake_args': None, 'catkin_skip_building_tests': False, 'cmake_args': None, 'cmake_clean_cache': False, 'cmake_clean_first': False, 'cmake_force_configure': False, 'cmake_target': None, 'cmake_target_skip_unavailable': False, 'gradle_args': None, 'gradle_task': None, 'install_base': '/home/takuto/scout_ws/install/cost_cul', 'merge_install': False, 'path': '/home/takuto/scout_ws/src/cost_cul', 'symlink_install': False, 'test_result_base': None}
[0.384s] Level 5:colcon.colcon_core.verb:set package 'hesai_description' build argument 'ament_gradle_args' from command line to 'None'
[0.384s] Level 5:colcon.colcon_core.verb:set package 'hesai_description' build argument 'ament_gradle_task' from command line to 'None'
[0.384s] Level 5:colcon.colcon_core.verb:set package 'hesai_description' build argument 'cmake_args' from command line to 'None'
[0.384s] Level 5:colcon.colcon_core.verb:set package 'hesai_description' build argument 'cmake_target' from command line to 'None'
[0.384s] Level 5:colcon.colcon_core.verb:set package 'hesai_description' build argument 'cmake_target_skip_unavailable' from command line to 'False'
[0.384s] Level 5:colcon.colcon_core.verb:set package 'hesai_description' build argument 'cmake_clean_cache' from command line to 'False'
[0.384s] Level 5:colcon.colcon_core.verb:set package 'hesai_description' build argument 'cmake_clean_first' from command line to 'False'
[0.384s] Level 5:colcon.colcon_core.verb:set package 'hesai_description' build argument 'cmake_force_configure' from command line to 'False'
[0.384s] Level 5:colcon.colcon_core.verb:set package 'hesai_description' build argument 'gradle_args' from command line to 'None'
[0.384s] Level 5:colcon.colcon_core.verb:set package 'hesai_description' build argument 'gradle_task' from command line to 'None'
[0.384s] Level 5:colcon.colcon_core.verb:set package 'hesai_description' build argument 'ament_cmake_args' from command line to 'None'
[0.384s] Level 5:colcon.colcon_core.verb:set package 'hesai_description' build argument 'catkin_cmake_args' from command line to 'None'
[0.384s] Level 5:colcon.colcon_core.verb:set package 'hesai_description' build argument 'catkin_skip_building_tests' from command line to 'False'
[0.384s] DEBUG:colcon.colcon_core.verb:Building package 'hesai_description' with the following arguments: {'ament_cmake_args': None, 'ament_gradle_args': None, 'ament_gradle_task': None, 'build_base': '/home/takuto/scout_ws/build/hesai_description', 'catkin_cmake_args': None, 'catkin_skip_building_tests': False, 'cmake_args': None, 'cmake_clean_cache': False, 'cmake_clean_first': False, 'cmake_force_configure': False, 'cmake_target': None, 'cmake_target_skip_unavailable': False, 'gradle_args': None, 'gradle_task': None, 'install_base': '/home/takuto/scout_ws/install/hesai_description', 'merge_install': False, 'path': '/home/takuto/scout_ws/src/hesai_description', 'symlink_install': False, 'test_result_base': None}
[0.384s] Level 5:colcon.colcon_core.verb:set package 'hesai_ros_driver' build argument 'ament_gradle_args' from command line to 'None'
[0.384s] Level 5:colcon.colcon_core.verb:set package 'hesai_ros_driver' build argument 'ament_gradle_task' from command line to 'None'
[0.384s] Level 5:colcon.colcon_core.verb:set package 'hesai_ros_driver' build argument 'cmake_args' from command line to 'None'
[0.384s] Level 5:colcon.colcon_core.verb:set package 'hesai_ros_driver' build argument 'cmake_target' from command line to 'None'
[0.385s] Level 5:colcon.colcon_core.verb:set package 'hesai_ros_driver' build argument 'cmake_target_skip_unavailable' from command line to 'False'
[0.385s] Level 5:colcon.colcon_core.verb:set package 'hesai_ros_driver' build argument 'cmake_clean_cache' from command line to 'False'
[0.385s] Level 5:colcon.colcon_core.verb:set package 'hesai_ros_driver' build argument 'cmake_clean_first' from command line to 'False'
[0.385s] Level 5:colcon.colcon_core.verb:set package 'hesai_ros_driver' build argument 'cmake_force_configure' from command line to 'False'
[0.385s] Level 5:colcon.colcon_core.verb:set package 'hesai_ros_driver' build argument 'gradle_args' from command line to 'None'
[0.385s] Level 5:colcon.colcon_core.verb:set package 'hesai_ros_driver' build argument 'gradle_task' from command line to 'None'
[0.385s] Level 5:colcon.colcon_core.verb:set package 'hesai_ros_driver' build argument 'ament_cmake_args' from command line to 'None'
[0.385s] Level 5:colcon.colcon_core.verb:set package 'hesai_ros_driver' build argument 'catkin_cmake_args' from command line to 'None'
[0.385s] Level 5:colcon.colcon_core.verb:set package 'hesai_ros_driver' build argument 'catkin_skip_building_tests' from command line to 'False'
[0.385s] DEBUG:colcon.colcon_core.verb:Building package 'hesai_ros_driver' with the following arguments: {'ament_cmake_args': None, 'ament_gradle_args': None, 'ament_gradle_task': None, 'build_base': '/home/takuto/scout_ws/build/hesai_ros_driver', 'catkin_cmake_args': None, 'catkin_skip_building_tests': False, 'cmake_args': None, 'cmake_clean_cache': False, 'cmake_clean_first': False, 'cmake_force_configure': False, 'cmake_target': None, 'cmake_target_skip_unavailable': False, 'gradle_args': None, 'gradle_task': None, 'install_base': '/home/takuto/scout_ws/install/hesai_ros_driver', 'merge_install': False, 'path': '/home/takuto/scout_ws/src/HesaiLidar_ROS_2.0', 'symlink_install': False, 'test_result_base': None}
[0.385s] Level 5:colcon.colcon_core.verb:set package 'scout_gazebo' build argument 'ament_gradle_args' from command line to 'None'
[0.385s] Level 5:colcon.colcon_core.verb:set package 'scout_gazebo' build argument 'ament_gradle_task' from command line to 'None'
[0.385s] Level 5:colcon.colcon_core.verb:set package 'scout_gazebo' build argument 'cmake_args' from command line to 'None'
[0.385s] Level 5:colcon.colcon_core.verb:set package 'scout_gazebo' build argument 'cmake_target' from command line to 'None'
[0.385s] Level 5:colcon.colcon_core.verb:set package 'scout_gazebo' build argument 'cmake_target_skip_unavailable' from command line to 'False'
[0.385s] Level 5:colcon.colcon_core.verb:set package 'scout_gazebo' build argument 'cmake_clean_cache' from command line to 'False'
[0.385s] Level 5:colcon.colcon_core.verb:set package 'scout_gazebo' build argument 'cmake_clean_first' from command line to 'False'
[0.385s] Level 5:colcon.colcon_core.verb:set package 'scout_gazebo' build argument 'cmake_force_configure' from command line to 'False'
[0.385s] Level 5:colcon.colcon_core.verb:set package 'scout_gazebo' build argument 'gradle_args' from command line to 'None'
[0.385s] Level 5:colcon.colcon_core.verb:set package 'scout_gazebo' build argument 'gradle_task' from command line to 'None'
[0.385s] Level 5:colcon.colcon_core.verb:set package 'scout_gazebo' build argument 'ament_cmake_args' from command line to 'None'
[0.385s] Level 5:colcon.colcon_core.verb:set package 'scout_gazebo' build argument 'catkin_cmake_args' from command line to 'None'
[0.385s] Level 5:colcon.colcon_core.verb:set package 'scout_gazebo' build argument 'catkin_skip_building_tests' from command line to 'False'
[0.385s] DEBUG:colcon.colcon_core.verb:Building package 'scout_gazebo' with the following arguments: {'ament_cmake_args': None, 'ament_gradle_args': None, 'ament_gradle_task': None, 'build_base': '/home/takuto/scout_ws/build/scout_gazebo', 'catkin_cmake_args': None, 'catkin_skip_building_tests': False, 'cmake_args': None, 'cmake_clean_cache': False, 'cmake_clean_first': False, 'cmake_force_configure': False, 'cmake_target': None, 'cmake_target_skip_unavailable': False, 'gradle_args': None, 'gradle_task': None, 'install_base': '/home/takuto/scout_ws/install/scout_gazebo', 'merge_install': False, 'path': '/home/takuto/scout_ws/src/scout_gazebo', 'symlink_install': False, 'test_result_base': None}
[0.386s] Level 5:colcon.colcon_core.verb:set package 'scout_mini_control' build argument 'ament_gradle_args' from command line to 'None'
[0.386s] Level 5:colcon.colcon_core.verb:set package 'scout_mini_control' build argument 'ament_gradle_task' from command line to 'None'
[0.386s] Level 5:colcon.colcon_core.verb:set package 'scout_mini_control' build argument 'cmake_args' from command line to 'None'
[0.386s] Level 5:colcon.colcon_core.verb:set package 'scout_mini_control' build argument 'cmake_target' from command line to 'None'
[0.386s] Level 5:colcon.colcon_core.verb:set package 'scout_mini_control' build argument 'cmake_target_skip_unavailable' from command line to 'False'
[0.386s] Level 5:colcon.colcon_core.verb:set package 'scout_mini_control' build argument 'cmake_clean_cache' from command line to 'False'
[0.386s] Level 5:colcon.colcon_core.verb:set package 'scout_mini_control' build argument 'cmake_clean_first' from command line to 'False'
[0.386s] Level 5:colcon.colcon_core.verb:set package 'scout_mini_control' build argument 'cmake_force_configure' from command line to 'False'
[0.386s] Level 5:colcon.colcon_core.verb:set package 'scout_mini_control' build argument 'gradle_args' from command line to 'None'
[0.386s] Level 5:colcon.colcon_core.verb:set package 'scout_mini_control' build argument 'gradle_task' from command line to 'None'
[0.386s] Level 5:colcon.colcon_core.verb:set package 'scout_mini_control' build argument 'ament_cmake_args' from command line to 'None'
[0.386s] Level 5:colcon.colcon_core.verb:set package 'scout_mini_control' build argument 'catkin_cmake_args' from command line to 'None'
[0.386s] Level 5:colcon.colcon_core.verb:set package 'scout_mini_control' build argument 'catkin_skip_building_tests' from command line to 'False'
[0.386s] DEBUG:colcon.colcon_core.verb:Building package 'scout_mini_control' with the following arguments: {'ament_cmake_args': None, 'ament_gradle_args': None, 'ament_gradle_task': None, 'build_base': '/home/takuto/scout_ws/build/scout_mini_control', 'catkin_cmake_args': None, 'catkin_skip_building_tests': False, 'cmake_args': None, 'cmake_clean_cache': False, 'cmake_clean_first': False, 'cmake_force_configure': False, 'cmake_target': None, 'cmake_target_skip_unavailable': False, 'gradle_args': None, 'gradle_task': None, 'install_base': '/home/takuto/scout_ws/install/scout_mini_control', 'merge_install': False, 'path': '/home/takuto/scout_ws/src/scout_mini_control', 'symlink_install': False, 'test_result_base': None}
[0.386s] Level 5:colcon.colcon_core.verb:set package 'scout_mini_description' build argument 'ament_gradle_args' from command line to 'None'
[0.386s] Level 5:colcon.colcon_core.verb:set package 'scout_mini_description' build argument 'ament_gradle_task' from command line to 'None'
[0.386s] Level 5:colcon.colcon_core.verb:set package 'scout_mini_description' build argument 'cmake_args' from command line to 'None'
[0.386s] Level 5:colcon.colcon_core.verb:set package 'scout_mini_description' build argument 'cmake_target' from command line to 'None'
[0.386s] Level 5:colcon.colcon_core.verb:set package 'scout_mini_description' build argument 'cmake_target_skip_unavailable' from command line to 'False'
[0.386s] Level 5:colcon.colcon_core.verb:set package 'scout_mini_description' build argument 'cmake_clean_cache' from command line to 'False'
[0.386s] Level 5:colcon.colcon_core.verb:set package 'scout_mini_description' build argument 'cmake_clean_first' from command line to 'False'
[0.386s] Level 5:colcon.colcon_core.verb:set package 'scout_mini_description' build argument 'cmake_force_configure' from command line to 'False'
[0.386s] Level 5:colcon.colcon_core.verb:set package 'scout_mini_description' build argument 'gradle_args' from command line to 'None'
[0.386s] Level 5:colcon.colcon_core.verb:set package 'scout_mini_description' build argument 'gradle_task' from command line to 'None'
[0.386s] Level 5:colcon.colcon_core.verb:set package 'scout_mini_description' build argument 'ament_cmake_args' from command line to 'None'
[0.386s] Level 5:colcon.colcon_core.verb:set package 'scout_mini_description' build argument 'catkin_cmake_args' from command line to 'None'
[0.386s] Level 5:colcon.colcon_core.verb:set package 'scout_mini_description' build argument 'catkin_skip_building_tests' from command line to 'False'
[0.386s] DEBUG:colcon.colcon_core.verb:Building package 'scout_mini_description' with the following arguments: {'ament_cmake_args': None, 'ament_gradle_args': None, 'ament_gradle_task': None, 'build_base': '/home/takuto/scout_ws/build/scout_mini_description', 'catkin_cmake_args': None, 'catkin_skip_building_tests': False, 'cmake_args': None, 'cmake_clean_cache': False, 'cmake_clean_first': False, 'cmake_force_configure': False, 'cmake_target': None, 'cmake_target_skip_unavailable': False, 'gradle_args': None, 'gradle_task': None, 'install_base': '/home/takuto/scout_ws/install/scout_mini_description', 'merge_install': False, 'path': '/home/takuto/scout_ws/src/scout_mini_description', 'symlink_install': False, 'test_result_base': None}
[0.387s] Level 5:colcon.colcon_core.verb:set package 'scout_mini_gazebo_sim' build argument 'ament_gradle_args' from command line to 'None'
[0.387s] Level 5:colcon.colcon_core.verb:set package 'scout_mini_gazebo_sim' build argument 'ament_gradle_task' from command line to 'None'
[0.387s] Level 5:colcon.colcon_core.verb:set package 'scout_mini_gazebo_sim' build argument 'cmake_args' from command line to 'None'
[0.387s] Level 5:colcon.colcon_core.verb:set package 'scout_mini_gazebo_sim' build argument 'cmake_target' from command line to 'None'
[0.387s] Level 5:colcon.colcon_core.verb:set package 'scout_mini_gazebo_sim' build argument 'cmake_target_skip_unavailable' from command line to 'False'
[0.387s] Level 5:colcon.colcon_core.verb:set package 'scout_mini_gazebo_sim' build argument 'cmake_clean_cache' from command line to 'False'
[0.387s] Level 5:colcon.colcon_core.verb:set package 'scout_mini_gazebo_sim' build argument 'cmake_clean_first' from command line to 'False'
[0.387s] Level 5:colcon.colcon_core.verb:set package 'scout_mini_gazebo_sim' build argument 'cmake_force_configure' from command line to 'False'
[0.387s] Level 5:colcon.colcon_core.verb:set package 'scout_mini_gazebo_sim' build argument 'gradle_args' from command line to 'None'
[0.387s] Level 5:colcon.colcon_core.verb:set package 'scout_mini_gazebo_sim' build argument 'gradle_task' from command line to 'None'
[0.387s] Level 5:colcon.colcon_core.verb:set package 'scout_mini_gazebo_sim' build argument 'ament_cmake_args' from command line to 'None'
[0.387s] Level 5:colcon.colcon_core.verb:set package 'scout_mini_gazebo_sim' build argument 'catkin_cmake_args' from command line to 'None'
[0.387s] Level 5:colcon.colcon_core.verb:set package 'scout_mini_gazebo_sim' build argument 'catkin_skip_building_tests' from command line to 'False'
[0.387s] DEBUG:colcon.colcon_core.verb:Building package 'scout_mini_gazebo_sim' with the following arguments: {'ament_cmake_args': None, 'ament_gradle_args': None, 'ament_gradle_task': None, 'build_base': '/home/takuto/scout_ws/build/scout_mini_gazebo_sim', 'catkin_cmake_args': None, 'catkin_skip_building_tests': False, 'cmake_args': None, 'cmake_clean_cache': False, 'cmake_clean_first': False, 'cmake_force_configure': False, 'cmake_target': None, 'cmake_target_skip_unavailable': False, 'gradle_args': None, 'gradle_task': None, 'install_base': '/home/takuto/scout_ws/install/scout_mini_gazebo_sim', 'merge_install': False, 'path': '/home/takuto/scout_ws/src/scout_mini_gazebo_sim', 'symlink_install': False, 'test_result_base': None}
[0.387s] INFO:colcon.colcon_core.executor:Executing jobs using 'parallel' executor
[0.388s] DEBUG:colcon.colcon_parallel_executor.executor.parallel:run_until_complete
[0.388s] INFO:colcon.colcon_ros.task.ament_cmake.build:Building ROS package in '/home/takuto/scout_ws/src/scout_mini_description' with build type 'ament_cmake'
[0.388s] INFO:colcon.colcon_cmake.task.cmake.build:Building CMake package in '/home/takuto/scout_ws/src/scout_mini_description'
[0.390s] INFO:colcon.colcon_core.plugin_system:Skipping extension 'colcon_core.shell.bat': Not used on non-Windows systems
[0.391s] INFO:colcon.colcon_core.shell:Skip shell extension 'powershell' for command environment: Not usable outside of PowerShell
[0.391s] DEBUG:colcon.colcon_core.shell:Skip shell extension 'dsv' for command environment
[0.396s] INFO:colcon.colcon_ros.task.ament_python.build:Building ROS package in '/home/takuto/scout_ws/src/cmd_vel_joy' with build type 'ament_python'
[0.397s] Level 1:colcon.colcon_core.shell:create_environment_hook('cmd_vel_joy', 'ament_prefix_path')
[0.397s] INFO:colcon.colcon_core.shell:Creating environment hook '/home/takuto/scout_ws/install/cmd_vel_joy/share/cmd_vel_joy/hook/ament_prefix_path.ps1'
[0.397s] INFO:colcon.colcon_core.shell:Creating environment descriptor '/home/takuto/scout_ws/install/cmd_vel_joy/share/cmd_vel_joy/hook/ament_prefix_path.dsv'
[0.398s] INFO:colcon.colcon_core.shell:Creating environment hook '/home/takuto/scout_ws/install/cmd_vel_joy/share/cmd_vel_joy/hook/ament_prefix_path.sh'
[0.398s] INFO:colcon.colcon_core.shell:Skip shell extension 'powershell' for command environment: Not usable outside of PowerShell
[0.398s] DEBUG:colcon.colcon_core.shell:Skip shell extension 'dsv' for command environment
[0.404s] INFO:colcon.colcon_ros.task.ament_python.build:Building ROS package in '/home/takuto/scout_ws/src/cost_cul' with build type 'ament_python'
[0.404s] Level 1:colcon.colcon_core.shell:create_environment_hook('cost_cul', 'ament_prefix_path')
[0.404s] INFO:colcon.colcon_core.shell:Creating environment hook '/home/takuto/scout_ws/install/cost_cul/share/cost_cul/hook/ament_prefix_path.ps1'
[0.405s] INFO:colcon.colcon_core.shell:Creating environment descriptor '/home/takuto/scout_ws/install/cost_cul/share/cost_cul/hook/ament_prefix_path.dsv'
[0.405s] INFO:colcon.colcon_core.shell:Creating environment hook '/home/takuto/scout_ws/install/cost_cul/share/cost_cul/hook/ament_prefix_path.sh'
[0.406s] INFO:colcon.colcon_core.shell:Skip shell extension 'powershell' for command environment: Not usable outside of PowerShell
[0.406s] DEBUG:colcon.colcon_core.shell:Skip shell extension 'dsv' for command environment
[0.411s] INFO:colcon.colcon_ros.task.ament_cmake.build:Building ROS package in '/home/takuto/scout_ws/src/hesai_description' with build type 'ament_cmake'
[0.411s] INFO:colcon.colcon_cmake.task.cmake.build:Building CMake package in '/home/takuto/scout_ws/src/hesai_description'
[0.412s] INFO:colcon.colcon_core.shell:Skip shell extension 'powershell' for command environment: Not usable outside of PowerShell
[0.412s] DEBUG:colcon.colcon_core.shell:Skip shell extension 'dsv' for command environment
[0.417s] INFO:colcon.colcon_ros.task.ament_cmake.build:Building ROS package in '/home/takuto/scout_ws/src/HesaiLidar_ROS_2.0' with build type 'ament_cmake'
[0.417s] INFO:colcon.colcon_cmake.task.cmake.build:Building CMake package in '/home/takuto/scout_ws/src/HesaiLidar_ROS_2.0'
[0.418s] INFO:colcon.colcon_core.shell:Skip shell extension 'powershell' for command environment: Not usable outside of PowerShell
[0.418s] DEBUG:colcon.colcon_core.shell:Skip shell extension 'dsv' for command environment
[0.423s] INFO:colcon.colcon_ros.task.ament_cmake.build:Building ROS package in '/home/takuto/scout_ws/src/scout_gazebo' with build type 'ament_cmake'
[0.424s] INFO:colcon.colcon_cmake.task.cmake.build:Building CMake package in '/home/takuto/scout_ws/src/scout_gazebo'
[0.424s] INFO:colcon.colcon_core.shell:Skip shell extension 'powershell' for command environment: Not usable outside of PowerShell
[0.424s] DEBUG:colcon.colcon_core.shell:Skip shell extension 'dsv' for command environment
[0.430s] INFO:colcon.colcon_ros.task.ament_cmake.build:Building ROS package in '/home/takuto/scout_ws/src/scout_mini_control' with build type 'ament_cmake'
[0.430s] INFO:colcon.colcon_cmake.task.cmake.build:Building CMake package in '/home/takuto/scout_ws/src/scout_mini_control'
[0.430s] INFO:colcon.colcon_core.shell:Skip shell extension 'powershell' for command environment: Not usable outside of PowerShell
[0.430s] DEBUG:colcon.colcon_core.shell:Skip shell extension 'dsv' for command environment
[0.441s] DEBUG:colcon.colcon_core.event_handler.log_command:Invoking command in '/home/takuto/scout_ws/build/scout_mini_description': CMAKE_PREFIX_PATH=/home/takuto/scout_ws/install/scout_mini_gazebo_sim:/home/takuto/scout_ws/install/scout_mini_description:/home/takuto/scout_ws/install/scout_mini_control:/home/takuto/scout_ws/install/scout_gazebo:/home/takuto/scout_ws/install/scout_description:/home/takuto/scout_ws/install/hesai_ros_driver:/home/takuto/scout_ws/install/hesai_description:/home/takuto/mecanumrover_ws/install/vs_rover_options_description:/home/takuto/mecanumrover_ws/install/mecanumrover_gazebo:/home/takuto/mecanumrover_ws/install/mecanumrover3:/home/takuto/mecanumrover_ws/install/mecanumrover_description:/home/takuto/mecanumrover_ws/install/mecanumrover3_bringup:/home/takuto/uros_ws/install/micro_ros_setup:/home/takuto/uros_ws/install/micro_ros_agent:/home/takuto/uros_ws/install/micro_ros_msgs:/home/takuto/turtlebot3_ws/install/turtlebot3:/home/takuto/turtlebot3_ws/install/turtlebot3_simulations:/home/takuto/turtlebot3_ws/install/turtlebot3_bringup:/home/takuto/turtlebot3_ws/install/turtlebot3_node:/home/takuto/turtlebot3_ws/install/turtlebot3_navigation2:/home/takuto/turtlebot3_ws/install/turtlebot3_gazebo:/home/takuto/turtlebot3_ws/install/turtlebot3_fake_node:/home/takuto/turtlebot3_ws/install/turtlebot3_description:/home/takuto/turtlebot3_ws/install/turtlebot3_cartographer:/home/takuto/scout_ws/install/cost_cul:/home/takuto/scout_ws/install/cmd_vel_joy:/home/takuto/turtlebot3_ws/install/turtlebot3_teleop:/home/takuto/turtlebot3_ws/install/turtlebot3_example:/home/takuto/turtlebot3_ws/install/cmd_vel_joy:/opt/ros/humble:/home/takuto/turtlebot3_ws/install/realsense_gazebo_plugin:/home/takuto/turtlebot3_ws/install/realsense2_description:/home/takuto/turtlebot3_ws/install/realsense2_camera:/home/takuto/turtlebot3_ws/install/realsense2_camera_msgs:/home/takuto/turtlebot3_ws/install/dynamixel_sdk_examples:/home/takuto/turtlebot3_ws/install/dynamixel_sdk_custom_interfaces:/home/takuto/turtlebot3_ws/install/dynamixel_sdk /usr/bin/cmake /home/takuto/scout_ws/src/scout_mini_description -DCMAKE_INSTALL_PREFIX=/home/takuto/scout_ws/install/scout_mini_description
[0.692s] INFO:colcon.colcon_core.task.python.build:Building Python package in '/home/takuto/scout_ws/src/cmd_vel_joy'
[0.692s] INFO:colcon.colcon_core.shell:Skip shell extension 'powershell' for command environment: Not usable outside of PowerShell
[0.692s] DEBUG:colcon.colcon_core.shell:Skip shell extension 'dsv' for command environment
[0.948s] INFO:colcon.colcon_core.task.python.build:Building Python package in '/home/takuto/scout_ws/src/cost_cul'
[0.949s] INFO:colcon.colcon_core.shell:Skip shell extension 'powershell' for command environment: Not usable outside of PowerShell
[0.949s] DEBUG:colcon.colcon_core.shell:Skip shell extension 'dsv' for command environment
[0.957s] DEBUG:colcon.colcon_core.event_handler.log_command:Invoking command in '/home/takuto/scout_ws/build/hesai_description': CMAKE_PREFIX_PATH=/home/takuto/scout_ws/install/scout_mini_gazebo_sim:/home/takuto/scout_ws/install/scout_mini_description:/home/takuto/scout_ws/install/scout_mini_control:/home/takuto/scout_ws/install/scout_gazebo:/home/takuto/scout_ws/install/scout_description:/home/takuto/scout_ws/install/hesai_ros_driver:/home/takuto/scout_ws/install/hesai_description:/home/takuto/mecanumrover_ws/install/vs_rover_options_description:/home/takuto/mecanumrover_ws/install/mecanumrover_gazebo:/home/takuto/mecanumrover_ws/install/mecanumrover3:/home/takuto/mecanumrover_ws/install/mecanumrover_description:/home/takuto/mecanumrover_ws/install/mecanumrover3_bringup:/home/takuto/uros_ws/install/micro_ros_setup:/home/takuto/uros_ws/install/micro_ros_agent:/home/takuto/uros_ws/install/micro_ros_msgs:/home/takuto/turtlebot3_ws/install/turtlebot3:/home/takuto/turtlebot3_ws/install/turtlebot3_simulations:/home/takuto/turtlebot3_ws/install/turtlebot3_bringup:/home/takuto/turtlebot3_ws/install/turtlebot3_node:/home/takuto/turtlebot3_ws/install/turtlebot3_navigation2:/home/takuto/turtlebot3_ws/install/turtlebot3_gazebo:/home/takuto/turtlebot3_ws/install/turtlebot3_fake_node:/home/takuto/turtlebot3_ws/install/turtlebot3_description:/home/takuto/turtlebot3_ws/install/turtlebot3_cartographer:/home/takuto/scout_ws/install/cost_cul:/home/takuto/scout_ws/install/cmd_vel_joy:/home/takuto/turtlebot3_ws/install/turtlebot3_teleop:/home/takuto/turtlebot3_ws/install/turtlebot3_example:/home/takuto/turtlebot3_ws/install/cmd_vel_joy:/opt/ros/humble:/home/takuto/turtlebot3_ws/install/realsense_gazebo_plugin:/home/takuto/turtlebot3_ws/install/realsense2_description:/home/takuto/turtlebot3_ws/install/realsense2_camera:/home/takuto/turtlebot3_ws/install/realsense2_camera_msgs:/home/takuto/turtlebot3_ws/install/dynamixel_sdk_examples:/home/takuto/turtlebot3_ws/install/dynamixel_sdk_custom_interfaces:/home/takuto/turtlebot3_ws/install/dynamixel_sdk /usr/bin/cmake /home/takuto/scout_ws/src/hesai_description -DCMAKE_INSTALL_PREFIX=/home/takuto/scout_ws/install/hesai_description
[0.959s] DEBUG:colcon.colcon_core.event_handler.log_command:Invoking command in '/home/takuto/scout_ws/build/hesai_ros_driver': CMAKE_PREFIX_PATH=/home/takuto/scout_ws/install/scout_mini_gazebo_sim:/home/takuto/scout_ws/install/scout_mini_description:/home/takuto/scout_ws/install/scout_mini_control:/home/takuto/scout_ws/install/scout_gazebo:/home/takuto/scout_ws/install/scout_description:/home/takuto/scout_ws/install/hesai_ros_driver:/home/takuto/scout_ws/install/hesai_description:/home/takuto/mecanumrover_ws/install/vs_rover_options_description:/home/takuto/mecanumrover_ws/install/mecanumrover_gazebo:/home/takuto/mecanumrover_ws/install/mecanumrover3:/home/takuto/mecanumrover_ws/install/mecanumrover_description:/home/takuto/mecanumrover_ws/install/mecanumrover3_bringup:/home/takuto/uros_ws/install/micro_ros_setup:/home/takuto/uros_ws/install/micro_ros_agent:/home/takuto/uros_ws/install/micro_ros_msgs:/home/takuto/turtlebot3_ws/install/turtlebot3:/home/takuto/turtlebot3_ws/install/turtlebot3_simulations:/home/takuto/turtlebot3_ws/install/turtlebot3_bringup:/home/takuto/turtlebot3_ws/install/turtlebot3_node:/home/takuto/turtlebot3_ws/install/turtlebot3_navigation2:/home/takuto/turtlebot3_ws/install/turtlebot3_gazebo:/home/takuto/turtlebot3_ws/install/turtlebot3_fake_node:/home/takuto/turtlebot3_ws/install/turtlebot3_description:/home/takuto/turtlebot3_ws/install/turtlebot3_cartographer:/home/takuto/scout_ws/install/cost_cul:/home/takuto/scout_ws/install/cmd_vel_joy:/home/takuto/turtlebot3_ws/install/turtlebot3_teleop:/home/takuto/turtlebot3_ws/install/turtlebot3_example:/home/takuto/turtlebot3_ws/install/cmd_vel_joy:/opt/ros/humble:/home/takuto/turtlebot3_ws/install/realsense_gazebo_plugin:/home/takuto/turtlebot3_ws/install/realsense2_description:/home/takuto/turtlebot3_ws/install/realsense2_camera:/home/takuto/turtlebot3_ws/install/realsense2_camera_msgs:/home/takuto/turtlebot3_ws/install/dynamixel_sdk_examples:/home/takuto/turtlebot3_ws/install/dynamixel_sdk_custom_interfaces:/home/takuto/turtlebot3_ws/install/dynamixel_sdk /usr/bin/cmake /home/takuto/scout_ws/src/HesaiLidar_ROS_2.0 -DCMAKE_INSTALL_PREFIX=/home/takuto/scout_ws/install/hesai_ros_driver
[0.962s] DEBUG:colcon.colcon_core.event_handler.log_command:Invoking command in '/home/takuto/scout_ws/build/scout_gazebo': CMAKE_PREFIX_PATH=/home/takuto/scout_ws/install/scout_mini_gazebo_sim:/home/takuto/scout_ws/install/scout_mini_description:/home/takuto/scout_ws/install/scout_mini_control:/home/takuto/scout_ws/install/scout_gazebo:/home/takuto/scout_ws/install/scout_description:/home/takuto/scout_ws/install/hesai_ros_driver:/home/takuto/scout_ws/install/hesai_description:/home/takuto/mecanumrover_ws/install/vs_rover_options_description:/home/takuto/mecanumrover_ws/install/mecanumrover_gazebo:/home/takuto/mecanumrover_ws/install/mecanumrover3:/home/takuto/mecanumrover_ws/install/mecanumrover_description:/home/takuto/mecanumrover_ws/install/mecanumrover3_bringup:/home/takuto/uros_ws/install/micro_ros_setup:/home/takuto/uros_ws/install/micro_ros_agent:/home/takuto/uros_ws/install/micro_ros_msgs:/home/takuto/turtlebot3_ws/install/turtlebot3:/home/takuto/turtlebot3_ws/install/turtlebot3_simulations:/home/takuto/turtlebot3_ws/install/turtlebot3_bringup:/home/takuto/turtlebot3_ws/install/turtlebot3_node:/home/takuto/turtlebot3_ws/install/turtlebot3_navigation2:/home/takuto/turtlebot3_ws/install/turtlebot3_gazebo:/home/takuto/turtlebot3_ws/install/turtlebot3_fake_node:/home/takuto/turtlebot3_ws/install/turtlebot3_description:/home/takuto/turtlebot3_ws/install/turtlebot3_cartographer:/home/takuto/scout_ws/install/cost_cul:/home/takuto/scout_ws/install/cmd_vel_joy:/home/takuto/turtlebot3_ws/install/turtlebot3_teleop:/home/takuto/turtlebot3_ws/install/turtlebot3_example:/home/takuto/turtlebot3_ws/install/cmd_vel_joy:/opt/ros/humble:/home/takuto/turtlebot3_ws/install/realsense_gazebo_plugin:/home/takuto/turtlebot3_ws/install/realsense2_description:/home/takuto/turtlebot3_ws/install/realsense2_camera:/home/takuto/turtlebot3_ws/install/realsense2_camera_msgs:/home/takuto/turtlebot3_ws/install/dynamixel_sdk_examples:/home/takuto/turtlebot3_ws/install/dynamixel_sdk_custom_interfaces:/home/takuto/turtlebot3_ws/install/dynamixel_sdk /usr/bin/cmake /home/takuto/scout_ws/src/scout_gazebo -DCMAKE_INSTALL_PREFIX=/home/takuto/scout_ws/install/scout_gazebo
[0.968s] DEBUG:colcon.colcon_core.event_handler.log_command:Invoking command in '/home/takuto/scout_ws/build/scout_mini_control': CMAKE_PREFIX_PATH=/home/takuto/scout_ws/install/scout_mini_gazebo_sim:/home/takuto/scout_ws/install/scout_mini_description:/home/takuto/scout_ws/install/scout_mini_control:/home/takuto/scout_ws/install/scout_gazebo:/home/takuto/scout_ws/install/scout_description:/home/takuto/scout_ws/install/hesai_ros_driver:/home/takuto/scout_ws/install/hesai_description:/home/takuto/mecanumrover_ws/install/vs_rover_options_description:/home/takuto/mecanumrover_ws/install/mecanumrover_gazebo:/home/takuto/mecanumrover_ws/install/mecanumrover3:/home/takuto/mecanumrover_ws/install/mecanumrover_description:/home/takuto/mecanumrover_ws/install/mecanumrover3_bringup:/home/takuto/uros_ws/install/micro_ros_setup:/home/takuto/uros_ws/install/micro_ros_agent:/home/takuto/uros_ws/install/micro_ros_msgs:/home/takuto/turtlebot3_ws/install/turtlebot3:/home/takuto/turtlebot3_ws/install/turtlebot3_simulations:/home/takuto/turtlebot3_ws/install/turtlebot3_bringup:/home/takuto/turtlebot3_ws/install/turtlebot3_node:/home/takuto/turtlebot3_ws/install/turtlebot3_navigation2:/home/takuto/turtlebot3_ws/install/turtlebot3_gazebo:/home/takuto/turtlebot3_ws/install/turtlebot3_fake_node:/home/takuto/turtlebot3_ws/install/turtlebot3_description:/home/takuto/turtlebot3_ws/install/turtlebot3_cartographer:/home/takuto/scout_ws/install/cost_cul:/home/takuto/scout_ws/install/cmd_vel_joy:/home/takuto/turtlebot3_ws/install/turtlebot3_teleop:/home/takuto/turtlebot3_ws/install/turtlebot3_example:/home/takuto/turtlebot3_ws/install/cmd_vel_joy:/opt/ros/humble:/home/takuto/turtlebot3_ws/install/realsense_gazebo_plugin:/home/takuto/turtlebot3_ws/install/realsense2_description:/home/takuto/turtlebot3_ws/install/realsense2_camera:/home/takuto/turtlebot3_ws/install/realsense2_camera_msgs:/home/takuto/turtlebot3_ws/install/dynamixel_sdk_examples:/home/takuto/turtlebot3_ws/install/dynamixel_sdk_custom_interfaces:/home/takuto/turtlebot3_ws/install/dynamixel_sdk /usr/bin/cmake /home/takuto/scout_ws/src/scout_mini_control -DCMAKE_INSTALL_PREFIX=/home/takuto/scout_ws/install/scout_mini_control
[0.969s] DEBUG:colcon.colcon_core.event_handler.log_command:Invoked command in '/home/takuto/scout_ws/build/scout_mini_description' returned '0': CMAKE_PREFIX_PATH=/home/takuto/scout_ws/install/scout_mini_gazebo_sim:/home/takuto/scout_ws/install/scout_mini_description:/home/takuto/scout_ws/install/scout_mini_control:/home/takuto/scout_ws/install/scout_gazebo:/home/takuto/scout_ws/install/scout_description:/home/takuto/scout_ws/install/hesai_ros_driver:/home/takuto/scout_ws/install/hesai_description:/home/takuto/mecanumrover_ws/install/vs_rover_options_description:/home/takuto/mecanumrover_ws/install/mecanumrover_gazebo:/home/takuto/mecanumrover_ws/install/mecanumrover3:/home/takuto/mecanumrover_ws/install/mecanumrover_description:/home/takuto/mecanumrover_ws/install/mecanumrover3_bringup:/home/takuto/uros_ws/install/micro_ros_setup:/home/takuto/uros_ws/install/micro_ros_agent:/home/takuto/uros_ws/install/micro_ros_msgs:/home/takuto/turtlebot3_ws/install/turtlebot3:/home/takuto/turtlebot3_ws/install/turtlebot3_simulations:/home/takuto/turtlebot3_ws/install/turtlebot3_bringup:/home/takuto/turtlebot3_ws/install/turtlebot3_node:/home/takuto/turtlebot3_ws/install/turtlebot3_navigation2:/home/takuto/turtlebot3_ws/install/turtlebot3_gazebo:/home/takuto/turtlebot3_ws/install/turtlebot3_fake_node:/home/takuto/turtlebot3_ws/install/turtlebot3_description:/home/takuto/turtlebot3_ws/install/turtlebot3_cartographer:/home/takuto/scout_ws/install/cost_cul:/home/takuto/scout_ws/install/cmd_vel_joy:/home/takuto/turtlebot3_ws/install/turtlebot3_teleop:/home/takuto/turtlebot3_ws/install/turtlebot3_example:/home/takuto/turtlebot3_ws/install/cmd_vel_joy:/opt/ros/humble:/home/takuto/turtlebot3_ws/install/realsense_gazebo_plugin:/home/takuto/turtlebot3_ws/install/realsense2_description:/home/takuto/turtlebot3_ws/install/realsense2_camera:/home/takuto/turtlebot3_ws/install/realsense2_camera_msgs:/home/takuto/turtlebot3_ws/install/dynamixel_sdk_examples:/home/takuto/turtlebot3_ws/install/dynamixel_sdk_custom_interfaces:/home/takuto/turtlebot3_ws/install/dynamixel_sdk /usr/bin/cmake /home/takuto/scout_ws/src/scout_mini_description -DCMAKE_INSTALL_PREFIX=/home/takuto/scout_ws/install/scout_mini_description
[0.969s] DEBUG:colcon.colcon_core.event_handler.log_command:Invoking command in '/home/takuto/scout_ws/build/scout_mini_description': CMAKE_PREFIX_PATH=/home/takuto/scout_ws/install/scout_mini_gazebo_sim:/home/takuto/scout_ws/install/scout_mini_description:/home/takuto/scout_ws/install/scout_mini_control:/home/takuto/scout_ws/install/scout_gazebo:/home/takuto/scout_ws/install/scout_description:/home/takuto/scout_ws/install/hesai_ros_driver:/home/takuto/scout_ws/install/hesai_description:/home/takuto/mecanumrover_ws/install/vs_rover_options_description:/home/takuto/mecanumrover_ws/install/mecanumrover_gazebo:/home/takuto/mecanumrover_ws/install/mecanumrover3:/home/takuto/mecanumrover_ws/install/mecanumrover_description:/home/takuto/mecanumrover_ws/install/mecanumrover3_bringup:/home/takuto/uros_ws/install/micro_ros_setup:/home/takuto/uros_ws/install/micro_ros_agent:/home/takuto/uros_ws/install/micro_ros_msgs:/home/takuto/turtlebot3_ws/install/turtlebot3:/home/takuto/turtlebot3_ws/install/turtlebot3_simulations:/home/takuto/turtlebot3_ws/install/turtlebot3_bringup:/home/takuto/turtlebot3_ws/install/turtlebot3_node:/home/takuto/turtlebot3_ws/install/turtlebot3_navigation2:/home/takuto/turtlebot3_ws/install/turtlebot3_gazebo:/home/takuto/turtlebot3_ws/install/turtlebot3_fake_node:/home/takuto/turtlebot3_ws/install/turtlebot3_description:/home/takuto/turtlebot3_ws/install/turtlebot3_cartographer:/home/takuto/scout_ws/install/cost_cul:/home/takuto/scout_ws/install/cmd_vel_joy:/home/takuto/turtlebot3_ws/install/turtlebot3_teleop:/home/takuto/turtlebot3_ws/install/turtlebot3_example:/home/takuto/turtlebot3_ws/install/cmd_vel_joy:/opt/ros/humble:/home/takuto/turtlebot3_ws/install/realsense_gazebo_plugin:/home/takuto/turtlebot3_ws/install/realsense2_description:/home/takuto/turtlebot3_ws/install/realsense2_camera:/home/takuto/turtlebot3_ws/install/realsense2_camera_msgs:/home/takuto/turtlebot3_ws/install/dynamixel_sdk_examples:/home/takuto/turtlebot3_ws/install/dynamixel_sdk_custom_interfaces:/home/takuto/turtlebot3_ws/install/dynamixel_sdk /usr/bin/cmake --build /home/takuto/scout_ws/build/scout_mini_description -- -j16 -l16
[1.036s] DEBUG:colcon.colcon_core.event_handler.log_command:Invoked command in '/home/takuto/scout_ws/build/scout_mini_description' returned '0': CMAKE_PREFIX_PATH=/home/takuto/scout_ws/install/scout_mini_gazebo_sim:/home/takuto/scout_ws/install/scout_mini_description:/home/takuto/scout_ws/install/scout_mini_control:/home/takuto/scout_ws/install/scout_gazebo:/home/takuto/scout_ws/install/scout_description:/home/takuto/scout_ws/install/hesai_ros_driver:/home/takuto/scout_ws/install/hesai_description:/home/takuto/mecanumrover_ws/install/vs_rover_options_description:/home/takuto/mecanumrover_ws/install/mecanumrover_gazebo:/home/takuto/mecanumrover_ws/install/mecanumrover3:/home/takuto/mecanumrover_ws/install/mecanumrover_description:/home/takuto/mecanumrover_ws/install/mecanumrover3_bringup:/home/takuto/uros_ws/install/micro_ros_setup:/home/takuto/uros_ws/install/micro_ros_agent:/home/takuto/uros_ws/install/micro_ros_msgs:/home/takuto/turtlebot3_ws/install/turtlebot3:/home/takuto/turtlebot3_ws/install/turtlebot3_simulations:/home/takuto/turtlebot3_ws/install/turtlebot3_bringup:/home/takuto/turtlebot3_ws/install/turtlebot3_node:/home/takuto/turtlebot3_ws/install/turtlebot3_navigation2:/home/takuto/turtlebot3_ws/install/turtlebot3_gazebo:/home/takuto/turtlebot3_ws/install/turtlebot3_fake_node:/home/takuto/turtlebot3_ws/install/turtlebot3_description:/home/takuto/turtlebot3_ws/install/turtlebot3_cartographer:/home/takuto/scout_ws/install/cost_cul:/home/takuto/scout_ws/install/cmd_vel_joy:/home/takuto/turtlebot3_ws/install/turtlebot3_teleop:/home/takuto/turtlebot3_ws/install/turtlebot3_example:/home/takuto/turtlebot3_ws/install/cmd_vel_joy:/opt/ros/humble:/home/takuto/turtlebot3_ws/install/realsense_gazebo_plugin:/home/takuto/turtlebot3_ws/install/realsense2_description:/home/takuto/turtlebot3_ws/install/realsense2_camera:/home/takuto/turtlebot3_ws/install/realsense2_camera_msgs:/home/takuto/turtlebot3_ws/install/dynamixel_sdk_examples:/home/takuto/turtlebot3_ws/install/dynamixel_sdk_custom_interfaces:/home/takuto/turtlebot3_ws/install/dynamixel_sdk /usr/bin/cmake --build /home/takuto/scout_ws/build/scout_mini_description -- -j16 -l16
[1.055s] DEBUG:colcon.colcon_core.event_handler.log_command:Invoking command in '/home/takuto/scout_ws/build/scout_mini_description': CMAKE_PREFIX_PATH=/home/takuto/scout_ws/install/scout_mini_gazebo_sim:/home/takuto/scout_ws/install/scout_mini_description:/home/takuto/scout_ws/install/scout_mini_control:/home/takuto/scout_ws/install/scout_gazebo:/home/takuto/scout_ws/install/scout_description:/home/takuto/scout_ws/install/hesai_ros_driver:/home/takuto/scout_ws/install/hesai_description:/home/takuto/mecanumrover_ws/install/vs_rover_options_description:/home/takuto/mecanumrover_ws/install/mecanumrover_gazebo:/home/takuto/mecanumrover_ws/install/mecanumrover3:/home/takuto/mecanumrover_ws/install/mecanumrover_description:/home/takuto/mecanumrover_ws/install/mecanumrover3_bringup:/home/takuto/uros_ws/install/micro_ros_setup:/home/takuto/uros_ws/install/micro_ros_agent:/home/takuto/uros_ws/install/micro_ros_msgs:/home/takuto/turtlebot3_ws/install/turtlebot3:/home/takuto/turtlebot3_ws/install/turtlebot3_simulations:/home/takuto/turtlebot3_ws/install/turtlebot3_bringup:/home/takuto/turtlebot3_ws/install/turtlebot3_node:/home/takuto/turtlebot3_ws/install/turtlebot3_navigation2:/home/takuto/turtlebot3_ws/install/turtlebot3_gazebo:/home/takuto/turtlebot3_ws/install/turtlebot3_fake_node:/home/takuto/turtlebot3_ws/install/turtlebot3_description:/home/takuto/turtlebot3_ws/install/turtlebot3_cartographer:/home/takuto/scout_ws/install/cost_cul:/home/takuto/scout_ws/install/cmd_vel_joy:/home/takuto/turtlebot3_ws/install/turtlebot3_teleop:/home/takuto/turtlebot3_ws/install/turtlebot3_example:/home/takuto/turtlebot3_ws/install/cmd_vel_joy:/opt/ros/humble:/home/takuto/turtlebot3_ws/install/realsense_gazebo_plugin:/home/takuto/turtlebot3_ws/install/realsense2_description:/home/takuto/turtlebot3_ws/install/realsense2_camera:/home/takuto/turtlebot3_ws/install/realsense2_camera_msgs:/home/takuto/turtlebot3_ws/install/dynamixel_sdk_examples:/home/takuto/turtlebot3_ws/install/dynamixel_sdk_custom_interfaces:/home/takuto/turtlebot3_ws/install/dynamixel_sdk /usr/bin/cmake --install /home/takuto/scout_ws/build/scout_mini_description
[1.098s] Level 1:colcon.colcon_core.environment:create_environment_scripts_only(scout_mini_description)
[1.099s] DEBUG:colcon.colcon_core.event_handler.log_command:Invoked command in '/home/takuto/scout_ws/build/scout_mini_description' returned '0': CMAKE_PREFIX_PATH=/home/takuto/scout_ws/install/scout_mini_gazebo_sim:/home/takuto/scout_ws/install/scout_mini_description:/home/takuto/scout_ws/install/scout_mini_control:/home/takuto/scout_ws/install/scout_gazebo:/home/takuto/scout_ws/install/scout_description:/home/takuto/scout_ws/install/hesai_ros_driver:/home/takuto/scout_ws/install/hesai_description:/home/takuto/mecanumrover_ws/install/vs_rover_options_description:/home/takuto/mecanumrover_ws/install/mecanumrover_gazebo:/home/takuto/mecanumrover_ws/install/mecanumrover3:/home/takuto/mecanumrover_ws/install/mecanumrover_description:/home/takuto/mecanumrover_ws/install/mecanumrover3_bringup:/home/takuto/uros_ws/install/micro_ros_setup:/home/takuto/uros_ws/install/micro_ros_agent:/home/takuto/uros_ws/install/micro_ros_msgs:/home/takuto/turtlebot3_ws/install/turtlebot3:/home/takuto/turtlebot3_ws/install/turtlebot3_simulations:/home/takuto/turtlebot3_ws/install/turtlebot3_bringup:/home/takuto/turtlebot3_ws/install/turtlebot3_node:/home/takuto/turtlebot3_ws/install/turtlebot3_navigation2:/home/takuto/turtlebot3_ws/install/turtlebot3_gazebo:/home/takuto/turtlebot3_ws/install/turtlebot3_fake_node:/home/takuto/turtlebot3_ws/install/turtlebot3_description:/home/takuto/turtlebot3_ws/install/turtlebot3_cartographer:/home/takuto/scout_ws/install/cost_cul:/home/takuto/scout_ws/install/cmd_vel_joy:/home/takuto/turtlebot3_ws/install/turtlebot3_teleop:/home/takuto/turtlebot3_ws/install/turtlebot3_example:/home/takuto/turtlebot3_ws/install/cmd_vel_joy:/opt/ros/humble:/home/takuto/turtlebot3_ws/install/realsense_gazebo_plugin:/home/takuto/turtlebot3_ws/install/realsense2_description:/home/takuto/turtlebot3_ws/install/realsense2_camera:/home/takuto/turtlebot3_ws/install/realsense2_camera_msgs:/home/takuto/turtlebot3_ws/install/dynamixel_sdk_examples:/home/takuto/turtlebot3_ws/install/dynamixel_sdk_custom_interfaces:/home/takuto/turtlebot3_ws/install/dynamixel_sdk /usr/bin/cmake --install /home/takuto/scout_ws/build/scout_mini_description
[1.102s] Level 1:colcon.colcon_core.environment:checking '/home/takuto/scout_ws/install/scout_mini_description' for CMake module files
[1.103s] Level 1:colcon.colcon_core.environment:checking '/home/takuto/scout_ws/install/scout_mini_description' for CMake config files
[1.103s] Level 1:colcon.colcon_core.shell:create_environment_hook('scout_mini_description', 'cmake_prefix_path')
[1.104s] INFO:colcon.colcon_core.shell:Creating environment hook '/home/takuto/scout_ws/install/scout_mini_description/share/scout_mini_description/hook/cmake_prefix_path.ps1'
[1.105s] INFO:colcon.colcon_core.shell:Creating environment descriptor '/home/takuto/scout_ws/install/scout_mini_description/share/scout_mini_description/hook/cmake_prefix_path.dsv'
[1.105s] INFO:colcon.colcon_core.shell:Creating environment hook '/home/takuto/scout_ws/install/scout_mini_description/share/scout_mini_description/hook/cmake_prefix_path.sh'
[1.107s] Level 1:colcon.colcon_core.environment:checking '/home/takuto/scout_ws/install/scout_mini_description/bin'
[1.107s] Level 1:colcon.colcon_core.environment:checking '/home/takuto/scout_ws/install/scout_mini_description/lib/pkgconfig/scout_mini_description.pc'
[1.107s] Level 1:colcon.colcon_core.environment:checking '/home/takuto/scout_ws/install/scout_mini_description/lib/python3.10/site-packages'
[1.107s] Level 1:colcon.colcon_core.environment:checking '/home/takuto/scout_ws/install/scout_mini_description/bin'
[1.108s] INFO:colcon.colcon_core.shell:Creating package script '/home/takuto/scout_ws/install/scout_mini_description/share/scout_mini_description/package.ps1'
[1.109s] INFO:colcon.colcon_core.shell:Creating package descriptor '/home/takuto/scout_ws/install/scout_mini_description/share/scout_mini_description/package.dsv'
[1.110s] INFO:colcon.colcon_core.shell:Creating package script '/home/takuto/scout_ws/install/scout_mini_description/share/scout_mini_description/package.sh'
[1.111s] INFO:colcon.colcon_core.shell:Creating package script '/home/takuto/scout_ws/install/scout_mini_description/share/scout_mini_description/package.bash'
[1.112s] INFO:colcon.colcon_core.shell:Creating package script '/home/takuto/scout_ws/install/scout_mini_description/share/scout_mini_description/package.zsh'
[1.113s] Level 1:colcon.colcon_core.environment:create_file_with_runtime_dependencies(/home/takuto/scout_ws/install/scout_mini_description/share/colcon-core/packages/scout_mini_description)
[1.114s] Level 1:colcon.colcon_core.environment:create_environment_scripts_only(scout_mini_description)
[1.115s] Level 1:colcon.colcon_core.environment:checking '/home/takuto/scout_ws/install/scout_mini_description' for CMake module files
[1.115s] Level 1:colcon.colcon_core.environment:checking '/home/takuto/scout_ws/install/scout_mini_description' for CMake config files
[1.116s] Level 1:colcon.colcon_core.shell:create_environment_hook('scout_mini_description', 'cmake_prefix_path')
[1.116s] INFO:colcon.colcon_core.shell:Creating environment hook '/home/takuto/scout_ws/install/scout_mini_description/share/scout_mini_description/hook/cmake_prefix_path.ps1'
[1.117s] INFO:colcon.colcon_core.shell:Creating environment descriptor '/home/takuto/scout_ws/install/scout_mini_description/share/scout_mini_description/hook/cmake_prefix_path.dsv'
[1.117s] INFO:colcon.colcon_core.shell:Creating environment hook '/home/takuto/scout_ws/install/scout_mini_description/share/scout_mini_description/hook/cmake_prefix_path.sh'
[1.118s] Level 1:colcon.colcon_core.environment:checking '/home/takuto/scout_ws/install/scout_mini_description/bin'
[1.118s] Level 1:colcon.colcon_core.environment:checking '/home/takuto/scout_ws/install/scout_mini_description/lib/pkgconfig/scout_mini_description.pc'
[1.118s] Level 1:colcon.colcon_core.environment:checking '/home/takuto/scout_ws/install/scout_mini_description/lib/python3.10/site-packages'
[1.119s] Level 1:colcon.colcon_core.environment:checking '/home/takuto/scout_ws/install/scout_mini_description/bin'
[1.119s] INFO:colcon.colcon_core.shell:Creating package script '/home/takuto/scout_ws/install/scout_mini_description/share/scout_mini_description/package.ps1'
[1.120s] INFO:colcon.colcon_core.shell:Creating package descriptor '/home/takuto/scout_ws/install/scout_mini_description/share/scout_mini_description/package.dsv'
[1.120s] INFO:colcon.colcon_core.shell:Creating package script '/home/takuto/scout_ws/install/scout_mini_description/share/scout_mini_description/package.sh'
[1.121s] INFO:colcon.colcon_core.shell:Creating package script '/home/takuto/scout_ws/install/scout_mini_description/share/scout_mini_description/package.bash'
[1.122s] INFO:colcon.colcon_core.shell:Creating package script '/home/takuto/scout_ws/install/scout_mini_description/share/scout_mini_description/package.zsh'
[1.122s] Level 1:colcon.colcon_core.environment:create_file_with_runtime_dependencies(/home/takuto/scout_ws/install/scout_mini_description/share/colcon-core/packages/scout_mini_description)
[1.123s] INFO:colcon.colcon_ros.task.ament_cmake.build:Building ROS package in '/home/takuto/scout_ws/src/scout_mini_gazebo_sim' with build type 'ament_cmake'
[1.123s] INFO:colcon.colcon_cmake.task.cmake.build:Building CMake package in '/home/takuto/scout_ws/src/scout_mini_gazebo_sim'
[1.124s] INFO:colcon.colcon_core.shell:Skip shell extension 'powershell' for command environment: Not usable outside of PowerShell
[1.124s] DEBUG:colcon.colcon_core.shell:Skip shell extension 'dsv' for command environment
[1.145s] DEBUG:colcon.colcon_core.event_handler.log_command:Invoking command in '/home/takuto/scout_ws/build/scout_mini_gazebo_sim': CMAKE_PREFIX_PATH=/home/takuto/scout_ws/install/scout_mini_description:/home/takuto/scout_ws/install/scout_mini_gazebo_sim:/home/takuto/scout_ws/install/scout_mini_control:/home/takuto/scout_ws/install/scout_gazebo:/home/takuto/scout_ws/install/scout_description:/home/takuto/scout_ws/install/hesai_ros_driver:/home/takuto/scout_ws/install/hesai_description:/home/takuto/mecanumrover_ws/install/vs_rover_options_description:/home/takuto/mecanumrover_ws/install/mecanumrover_gazebo:/home/takuto/mecanumrover_ws/install/mecanumrover3:/home/takuto/mecanumrover_ws/install/mecanumrover_description:/home/takuto/mecanumrover_ws/install/mecanumrover3_bringup:/home/takuto/uros_ws/install/micro_ros_setup:/home/takuto/uros_ws/install/micro_ros_agent:/home/takuto/uros_ws/install/micro_ros_msgs:/home/takuto/turtlebot3_ws/install/turtlebot3:/home/takuto/turtlebot3_ws/install/turtlebot3_simulations:/home/takuto/turtlebot3_ws/install/turtlebot3_bringup:/home/takuto/turtlebot3_ws/install/turtlebot3_node:/home/takuto/turtlebot3_ws/install/turtlebot3_navigation2:/home/takuto/turtlebot3_ws/install/turtlebot3_gazebo:/home/takuto/turtlebot3_ws/install/turtlebot3_fake_node:/home/takuto/turtlebot3_ws/install/turtlebot3_description:/home/takuto/turtlebot3_ws/install/turtlebot3_cartographer:/home/takuto/scout_ws/install/cost_cul:/home/takuto/scout_ws/install/cmd_vel_joy:/home/takuto/turtlebot3_ws/install/turtlebot3_teleop:/home/takuto/turtlebot3_ws/install/turtlebot3_example:/home/takuto/turtlebot3_ws/install/cmd_vel_joy:/opt/ros/humble:/home/takuto/turtlebot3_ws/install/realsense_gazebo_plugin:/home/takuto/turtlebot3_ws/install/realsense2_description:/home/takuto/turtlebot3_ws/install/realsense2_camera:/home/takuto/turtlebot3_ws/install/realsense2_camera_msgs:/home/takuto/turtlebot3_ws/install/dynamixel_sdk_examples:/home/takuto/turtlebot3_ws/install/dynamixel_sdk_custom_interfaces:/home/takuto/turtlebot3_ws/install/dynamixel_sdk /usr/bin/cmake /home/takuto/scout_ws/src/scout_mini_gazebo_sim -DCMAKE_INSTALL_PREFIX=/home/takuto/scout_ws/install/scout_mini_gazebo_sim
[1.295s] DEBUG:colcon.colcon_core.event_handler.log_command:Invoked command in '/home/takuto/scout_ws/build/hesai_description' returned '0': CMAKE_PREFIX_PATH=/home/takuto/scout_ws/install/scout_mini_gazebo_sim:/home/takuto/scout_ws/install/scout_mini_description:/home/takuto/scout_ws/install/scout_mini_control:/home/takuto/scout_ws/install/scout_gazebo:/home/takuto/scout_ws/install/scout_description:/home/takuto/scout_ws/install/hesai_ros_driver:/home/takuto/scout_ws/install/hesai_description:/home/takuto/mecanumrover_ws/install/vs_rover_options_description:/home/takuto/mecanumrover_ws/install/mecanumrover_gazebo:/home/takuto/mecanumrover_ws/install/mecanumrover3:/home/takuto/mecanumrover_ws/install/mecanumrover_description:/home/takuto/mecanumrover_ws/install/mecanumrover3_bringup:/home/takuto/uros_ws/install/micro_ros_setup:/home/takuto/uros_ws/install/micro_ros_agent:/home/takuto/uros_ws/install/micro_ros_msgs:/home/takuto/turtlebot3_ws/install/turtlebot3:/home/takuto/turtlebot3_ws/install/turtlebot3_simulations:/home/takuto/turtlebot3_ws/install/turtlebot3_bringup:/home/takuto/turtlebot3_ws/install/turtlebot3_node:/home/takuto/turtlebot3_ws/install/turtlebot3_navigation2:/home/takuto/turtlebot3_ws/install/turtlebot3_gazebo:/home/takuto/turtlebot3_ws/install/turtlebot3_fake_node:/home/takuto/turtlebot3_ws/install/turtlebot3_description:/home/takuto/turtlebot3_ws/install/turtlebot3_cartographer:/home/takuto/scout_ws/install/cost_cul:/home/takuto/scout_ws/install/cmd_vel_joy:/home/takuto/turtlebot3_ws/install/turtlebot3_teleop:/home/takuto/turtlebot3_ws/install/turtlebot3_example:/home/takuto/turtlebot3_ws/install/cmd_vel_joy:/opt/ros/humble:/home/takuto/turtlebot3_ws/install/realsense_gazebo_plugin:/home/takuto/turtlebot3_ws/install/realsense2_description:/home/takuto/turtlebot3_ws/install/realsense2_camera:/home/takuto/turtlebot3_ws/install/realsense2_camera_msgs:/home/takuto/turtlebot3_ws/install/dynamixel_sdk_examples:/home/takuto/turtlebot3_ws/install/dynamixel_sdk_custom_interfaces:/home/takuto/turtlebot3_ws/install/dynamixel_sdk /usr/bin/cmake /home/takuto/scout_ws/src/hesai_description -DCMAKE_INSTALL_PREFIX=/home/takuto/scout_ws/install/hesai_description
[1.298s] DEBUG:colcon.colcon_core.event_handler.log_command:Invoking command in '/home/takuto/scout_ws/build/hesai_description': CMAKE_PREFIX_PATH=/home/takuto/scout_ws/install/scout_mini_gazebo_sim:/home/takuto/scout_ws/install/scout_mini_description:/home/takuto/scout_ws/install/scout_mini_control:/home/takuto/scout_ws/install/scout_gazebo:/home/takuto/scout_ws/install/scout_description:/home/takuto/scout_ws/install/hesai_ros_driver:/home/takuto/scout_ws/install/hesai_description:/home/takuto/mecanumrover_ws/install/vs_rover_options_description:/home/takuto/mecanumrover_ws/install/mecanumrover_gazebo:/home/takuto/mecanumrover_ws/install/mecanumrover3:/home/takuto/mecanumrover_ws/install/mecanumrover_description:/home/takuto/mecanumrover_ws/install/mecanumrover3_bringup:/home/takuto/uros_ws/install/micro_ros_setup:/home/takuto/uros_ws/install/micro_ros_agent:/home/takuto/uros_ws/install/micro_ros_msgs:/home/takuto/turtlebot3_ws/install/turtlebot3:/home/takuto/turtlebot3_ws/install/turtlebot3_simulations:/home/takuto/turtlebot3_ws/install/turtlebot3_bringup:/home/takuto/turtlebot3_ws/install/turtlebot3_node:/home/takuto/turtlebot3_ws/install/turtlebot3_navigation2:/home/takuto/turtlebot3_ws/install/turtlebot3_gazebo:/home/takuto/turtlebot3_ws/install/turtlebot3_fake_node:/home/takuto/turtlebot3_ws/install/turtlebot3_description:/home/takuto/turtlebot3_ws/install/turtlebot3_cartographer:/home/takuto/scout_ws/install/cost_cul:/home/takuto/scout_ws/install/cmd_vel_joy:/home/takuto/turtlebot3_ws/install/turtlebot3_teleop:/home/takuto/turtlebot3_ws/install/turtlebot3_example:/home/takuto/turtlebot3_ws/install/cmd_vel_joy:/opt/ros/humble:/home/takuto/turtlebot3_ws/install/realsense_gazebo_plugin:/home/takuto/turtlebot3_ws/install/realsense2_description:/home/takuto/turtlebot3_ws/install/realsense2_camera:/home/takuto/turtlebot3_ws/install/realsense2_camera_msgs:/home/takuto/turtlebot3_ws/install/dynamixel_sdk_examples:/home/takuto/turtlebot3_ws/install/dynamixel_sdk_custom_interfaces:/home/takuto/turtlebot3_ws/install/dynamixel_sdk /usr/bin/cmake --build /home/takuto/scout_ws/build/hesai_description -- -j16 -l16
[1.311s] DEBUG:colcon.colcon_core.event_handler.log_command:Invoked command in '/home/takuto/scout_ws/build/scout_mini_control' returned '0': CMAKE_PREFIX_PATH=/home/takuto/scout_ws/install/scout_mini_gazebo_sim:/home/takuto/scout_ws/install/scout_mini_description:/home/takuto/scout_ws/install/scout_mini_control:/home/takuto/scout_ws/install/scout_gazebo:/home/takuto/scout_ws/install/scout_description:/home/takuto/scout_ws/install/hesai_ros_driver:/home/takuto/scout_ws/install/hesai_description:/home/takuto/mecanumrover_ws/install/vs_rover_options_description:/home/takuto/mecanumrover_ws/install/mecanumrover_gazebo:/home/takuto/mecanumrover_ws/install/mecanumrover3:/home/takuto/mecanumrover_ws/install/mecanumrover_description:/home/takuto/mecanumrover_ws/install/mecanumrover3_bringup:/home/takuto/uros_ws/install/micro_ros_setup:/home/takuto/uros_ws/install/micro_ros_agent:/home/takuto/uros_ws/install/micro_ros_msgs:/home/takuto/turtlebot3_ws/install/turtlebot3:/home/takuto/turtlebot3_ws/install/turtlebot3_simulations:/home/takuto/turtlebot3_ws/install/turtlebot3_bringup:/home/takuto/turtlebot3_ws/install/turtlebot3_node:/home/takuto/turtlebot3_ws/install/turtlebot3_navigation2:/home/takuto/turtlebot3_ws/install/turtlebot3_gazebo:/home/takuto/turtlebot3_ws/install/turtlebot3_fake_node:/home/takuto/turtlebot3_ws/install/turtlebot3_description:/home/takuto/turtlebot3_ws/install/turtlebot3_cartographer:/home/takuto/scout_ws/install/cost_cul:/home/takuto/scout_ws/install/cmd_vel_joy:/home/takuto/turtlebot3_ws/install/turtlebot3_teleop:/home/takuto/turtlebot3_ws/install/turtlebot3_example:/home/takuto/turtlebot3_ws/install/cmd_vel_joy:/opt/ros/humble:/home/takuto/turtlebot3_ws/install/realsense_gazebo_plugin:/home/takuto/turtlebot3_ws/install/realsense2_description:/home/takuto/turtlebot3_ws/install/realsense2_camera:/home/takuto/turtlebot3_ws/install/realsense2_camera_msgs:/home/takuto/turtlebot3_ws/install/dynamixel_sdk_examples:/home/takuto/turtlebot3_ws/install/dynamixel_sdk_custom_interfaces:/home/takuto/turtlebot3_ws/install/dynamixel_sdk /usr/bin/cmake /home/takuto/scout_ws/src/scout_mini_control -DCMAKE_INSTALL_PREFIX=/home/takuto/scout_ws/install/scout_mini_control
[1.314s] DEBUG:colcon.colcon_core.event_handler.log_command:Invoking command in '/home/takuto/scout_ws/build/scout_mini_control': CMAKE_PREFIX_PATH=/home/takuto/scout_ws/install/scout_mini_gazebo_sim:/home/takuto/scout_ws/install/scout_mini_description:/home/takuto/scout_ws/install/scout_mini_control:/home/takuto/scout_ws/install/scout_gazebo:/home/takuto/scout_ws/install/scout_description:/home/takuto/scout_ws/install/hesai_ros_driver:/home/takuto/scout_ws/install/hesai_description:/home/takuto/mecanumrover_ws/install/vs_rover_options_description:/home/takuto/mecanumrover_ws/install/mecanumrover_gazebo:/home/takuto/mecanumrover_ws/install/mecanumrover3:/home/takuto/mecanumrover_ws/install/mecanumrover_description:/home/takuto/mecanumrover_ws/install/mecanumrover3_bringup:/home/takuto/uros_ws/install/micro_ros_setup:/home/takuto/uros_ws/install/micro_ros_agent:/home/takuto/uros_ws/install/micro_ros_msgs:/home/takuto/turtlebot3_ws/install/turtlebot3:/home/takuto/turtlebot3_ws/install/turtlebot3_simulations:/home/takuto/turtlebot3_ws/install/turtlebot3_bringup:/home/takuto/turtlebot3_ws/install/turtlebot3_node:/home/takuto/turtlebot3_ws/install/turtlebot3_navigation2:/home/takuto/turtlebot3_ws/install/turtlebot3_gazebo:/home/takuto/turtlebot3_ws/install/turtlebot3_fake_node:/home/takuto/turtlebot3_ws/install/turtlebot3_description:/home/takuto/turtlebot3_ws/install/turtlebot3_cartographer:/home/takuto/scout_ws/install/cost_cul:/home/takuto/scout_ws/install/cmd_vel_joy:/home/takuto/turtlebot3_ws/install/turtlebot3_teleop:/home/takuto/turtlebot3_ws/install/turtlebot3_example:/home/takuto/turtlebot3_ws/install/cmd_vel_joy:/opt/ros/humble:/home/takuto/turtlebot3_ws/install/realsense_gazebo_plugin:/home/takuto/turtlebot3_ws/install/realsense2_description:/home/takuto/turtlebot3_ws/install/realsense2_camera:/home/takuto/turtlebot3_ws/install/realsense2_camera_msgs:/home/takuto/turtlebot3_ws/install/dynamixel_sdk_examples:/home/takuto/turtlebot3_ws/install/dynamixel_sdk_custom_interfaces:/home/takuto/turtlebot3_ws/install/dynamixel_sdk /usr/bin/cmake --build /home/takuto/scout_ws/build/scout_mini_control -- -j16 -l16
[1.366s] DEBUG:colcon.colcon_core.event_handler.log_command:Invoked command in '/home/takuto/scout_ws/build/hesai_description' returned '0': CMAKE_PREFIX_PATH=/home/takuto/scout_ws/install/scout_mini_gazebo_sim:/home/takuto/scout_ws/install/scout_mini_description:/home/takuto/scout_ws/install/scout_mini_control:/home/takuto/scout_ws/install/scout_gazebo:/home/takuto/scout_ws/install/scout_description:/home/takuto/scout_ws/install/hesai_ros_driver:/home/takuto/scout_ws/install/hesai_description:/home/takuto/mecanumrover_ws/install/vs_rover_options_description:/home/takuto/mecanumrover_ws/install/mecanumrover_gazebo:/home/takuto/mecanumrover_ws/install/mecanumrover3:/home/takuto/mecanumrover_ws/install/mecanumrover_description:/home/takuto/mecanumrover_ws/install/mecanumrover3_bringup:/home/takuto/uros_ws/install/micro_ros_setup:/home/takuto/uros_ws/install/micro_ros_agent:/home/takuto/uros_ws/install/micro_ros_msgs:/home/takuto/turtlebot3_ws/install/turtlebot3:/home/takuto/turtlebot3_ws/install/turtlebot3_simulations:/home/takuto/turtlebot3_ws/install/turtlebot3_bringup:/home/takuto/turtlebot3_ws/install/turtlebot3_node:/home/takuto/turtlebot3_ws/install/turtlebot3_navigation2:/home/takuto/turtlebot3_ws/install/turtlebot3_gazebo:/home/takuto/turtlebot3_ws/install/turtlebot3_fake_node:/home/takuto/turtlebot3_ws/install/turtlebot3_description:/home/takuto/turtlebot3_ws/install/turtlebot3_cartographer:/home/takuto/scout_ws/install/cost_cul:/home/takuto/scout_ws/install/cmd_vel_joy:/home/takuto/turtlebot3_ws/install/turtlebot3_teleop:/home/takuto/turtlebot3_ws/install/turtlebot3_example:/home/takuto/turtlebot3_ws/install/cmd_vel_joy:/opt/ros/humble:/home/takuto/turtlebot3_ws/install/realsense_gazebo_plugin:/home/takuto/turtlebot3_ws/install/realsense2_description:/home/takuto/turtlebot3_ws/install/realsense2_camera:/home/takuto/turtlebot3_ws/install/realsense2_camera_msgs:/home/takuto/turtlebot3_ws/install/dynamixel_sdk_examples:/home/takuto/turtlebot3_ws/install/dynamixel_sdk_custom_interfaces:/home/takuto/turtlebot3_ws/install/dynamixel_sdk /usr/bin/cmake --build /home/takuto/scout_ws/build/hesai_description -- -j16 -l16
[1.369s] DEBUG:colcon.colcon_core.event_handler.log_command:Invoking command in '/home/takuto/scout_ws/build/hesai_description': CMAKE_PREFIX_PATH=/home/takuto/scout_ws/install/scout_mini_gazebo_sim:/home/takuto/scout_ws/install/scout_mini_description:/home/takuto/scout_ws/install/scout_mini_control:/home/takuto/scout_ws/install/scout_gazebo:/home/takuto/scout_ws/install/scout_description:/home/takuto/scout_ws/install/hesai_ros_driver:/home/takuto/scout_ws/install/hesai_description:/home/takuto/mecanumrover_ws/install/vs_rover_options_description:/home/takuto/mecanumrover_ws/install/mecanumrover_gazebo:/home/takuto/mecanumrover_ws/install/mecanumrover3:/home/takuto/mecanumrover_ws/install/mecanumrover_description:/home/takuto/mecanumrover_ws/install/mecanumrover3_bringup:/home/takuto/uros_ws/install/micro_ros_setup:/home/takuto/uros_ws/install/micro_ros_agent:/home/takuto/uros_ws/install/micro_ros_msgs:/home/takuto/turtlebot3_ws/install/turtlebot3:/home/takuto/turtlebot3_ws/install/turtlebot3_simulations:/home/takuto/turtlebot3_ws/install/turtlebot3_bringup:/home/takuto/turtlebot3_ws/install/turtlebot3_node:/home/takuto/turtlebot3_ws/install/turtlebot3_navigation2:/home/takuto/turtlebot3_ws/install/turtlebot3_gazebo:/home/takuto/turtlebot3_ws/install/turtlebot3_fake_node:/home/takuto/turtlebot3_ws/install/turtlebot3_description:/home/takuto/turtlebot3_ws/install/turtlebot3_cartographer:/home/takuto/scout_ws/install/cost_cul:/home/takuto/scout_ws/install/cmd_vel_joy:/home/takuto/turtlebot3_ws/install/turtlebot3_teleop:/home/takuto/turtlebot3_ws/install/turtlebot3_example:/home/takuto/turtlebot3_ws/install/cmd_vel_joy:/opt/ros/humble:/home/takuto/turtlebot3_ws/install/realsense_gazebo_plugin:/home/takuto/turtlebot3_ws/install/realsense2_description:/home/takuto/turtlebot3_ws/install/realsense2_camera:/home/takuto/turtlebot3_ws/install/realsense2_camera_msgs:/home/takuto/turtlebot3_ws/install/dynamixel_sdk_examples:/home/takuto/turtlebot3_ws/install/dynamixel_sdk_custom_interfaces:/home/takuto/turtlebot3_ws/install/dynamixel_sdk /usr/bin/cmake --install /home/takuto/scout_ws/build/hesai_description
[1.384s] DEBUG:colcon.colcon_core.event_handler.log_command:Invoked command in '/home/takuto/scout_ws/build/scout_mini_control' returned '0': CMAKE_PREFIX_PATH=/home/takuto/scout_ws/install/scout_mini_gazebo_sim:/home/takuto/scout_ws/install/scout_mini_description:/home/takuto/scout_ws/install/scout_mini_control:/home/takuto/scout_ws/install/scout_gazebo:/home/takuto/scout_ws/install/scout_description:/home/takuto/scout_ws/install/hesai_ros_driver:/home/takuto/scout_ws/install/hesai_description:/home/takuto/mecanumrover_ws/install/vs_rover_options_description:/home/takuto/mecanumrover_ws/install/mecanumrover_gazebo:/home/takuto/mecanumrover_ws/install/mecanumrover3:/home/takuto/mecanumrover_ws/install/mecanumrover_description:/home/takuto/mecanumrover_ws/install/mecanumrover3_bringup:/home/takuto/uros_ws/install/micro_ros_setup:/home/takuto/uros_ws/install/micro_ros_agent:/home/takuto/uros_ws/install/micro_ros_msgs:/home/takuto/turtlebot3_ws/install/turtlebot3:/home/takuto/turtlebot3_ws/install/turtlebot3_simulations:/home/takuto/turtlebot3_ws/install/turtlebot3_bringup:/home/takuto/turtlebot3_ws/install/turtlebot3_node:/home/takuto/turtlebot3_ws/install/turtlebot3_navigation2:/home/takuto/turtlebot3_ws/install/turtlebot3_gazebo:/home/takuto/turtlebot3_ws/install/turtlebot3_fake_node:/home/takuto/turtlebot3_ws/install/turtlebot3_description:/home/takuto/turtlebot3_ws/install/turtlebot3_cartographer:/home/takuto/scout_ws/install/cost_cul:/home/takuto/scout_ws/install/cmd_vel_joy:/home/takuto/turtlebot3_ws/install/turtlebot3_teleop:/home/takuto/turtlebot3_ws/install/turtlebot3_example:/home/takuto/turtlebot3_ws/install/cmd_vel_joy:/opt/ros/humble:/home/takuto/turtlebot3_ws/install/realsense_gazebo_plugin:/home/takuto/turtlebot3_ws/install/realsense2_description:/home/takuto/turtlebot3_ws/install/realsense2_camera:/home/takuto/turtlebot3_ws/install/realsense2_camera_msgs:/home/takuto/turtlebot3_ws/install/dynamixel_sdk_examples:/home/takuto/turtlebot3_ws/install/dynamixel_sdk_custom_interfaces:/home/takuto/turtlebot3_ws/install/dynamixel_sdk /usr/bin/cmake --build /home/takuto/scout_ws/build/scout_mini_control -- -j16 -l16
[1.388s] DEBUG:colcon.colcon_core.event_handler.log_command:Invoking command in '/home/takuto/scout_ws/build/scout_mini_control': CMAKE_PREFIX_PATH=/home/takuto/scout_ws/install/scout_mini_gazebo_sim:/home/takuto/scout_ws/install/scout_mini_description:/home/takuto/scout_ws/install/scout_mini_control:/home/takuto/scout_ws/install/scout_gazebo:/home/takuto/scout_ws/install/scout_description:/home/takuto/scout_ws/install/hesai_ros_driver:/home/takuto/scout_ws/install/hesai_description:/home/takuto/mecanumrover_ws/install/vs_rover_options_description:/home/takuto/mecanumrover_ws/install/mecanumrover_gazebo:/home/takuto/mecanumrover_ws/install/mecanumrover3:/home/takuto/mecanumrover_ws/install/mecanumrover_description:/home/takuto/mecanumrover_ws/install/mecanumrover3_bringup:/home/takuto/uros_ws/install/micro_ros_setup:/home/takuto/uros_ws/install/micro_ros_agent:/home/takuto/uros_ws/install/micro_ros_msgs:/home/takuto/turtlebot3_ws/install/turtlebot3:/home/takuto/turtlebot3_ws/install/turtlebot3_simulations:/home/takuto/turtlebot3_ws/install/turtlebot3_bringup:/home/takuto/turtlebot3_ws/install/turtlebot3_node:/home/takuto/turtlebot3_ws/install/turtlebot3_navigation2:/home/takuto/turtlebot3_ws/install/turtlebot3_gazebo:/home/takuto/turtlebot3_ws/install/turtlebot3_fake_node:/home/takuto/turtlebot3_ws/install/turtlebot3_description:/home/takuto/turtlebot3_ws/install/turtlebot3_cartographer:/home/takuto/scout_ws/install/cost_cul:/home/takuto/scout_ws/install/cmd_vel_joy:/home/takuto/turtlebot3_ws/install/turtlebot3_teleop:/home/takuto/turtlebot3_ws/install/turtlebot3_example:/home/takuto/turtlebot3_ws/install/cmd_vel_joy:/opt/ros/humble:/home/takuto/turtlebot3_ws/install/realsense_gazebo_plugin:/home/takuto/turtlebot3_ws/install/realsense2_description:/home/takuto/turtlebot3_ws/install/realsense2_camera:/home/takuto/turtlebot3_ws/install/realsense2_camera_msgs:/home/takuto/turtlebot3_ws/install/dynamixel_sdk_examples:/home/takuto/turtlebot3_ws/install/dynamixel_sdk_custom_interfaces:/home/takuto/turtlebot3_ws/install/dynamixel_sdk /usr/bin/cmake --install /home/takuto/scout_ws/build/scout_mini_control
[1.396s] DEBUG:colcon.colcon_core.event_handler.log_command:Invoked command in '/home/takuto/scout_ws/build/scout_gazebo' returned '0': CMAKE_PREFIX_PATH=/home/takuto/scout_ws/install/scout_mini_gazebo_sim:/home/takuto/scout_ws/install/scout_mini_description:/home/takuto/scout_ws/install/scout_mini_control:/home/takuto/scout_ws/install/scout_gazebo:/home/takuto/scout_ws/install/scout_description:/home/takuto/scout_ws/install/hesai_ros_driver:/home/takuto/scout_ws/install/hesai_description:/home/takuto/mecanumrover_ws/install/vs_rover_options_description:/home/takuto/mecanumrover_ws/install/mecanumrover_gazebo:/home/takuto/mecanumrover_ws/install/mecanumrover3:/home/takuto/mecanumrover_ws/install/mecanumrover_description:/home/takuto/mecanumrover_ws/install/mecanumrover3_bringup:/home/takuto/uros_ws/install/micro_ros_setup:/home/takuto/uros_ws/install/micro_ros_agent:/home/takuto/uros_ws/install/micro_ros_msgs:/home/takuto/turtlebot3_ws/install/turtlebot3:/home/takuto/turtlebot3_ws/install/turtlebot3_simulations:/home/takuto/turtlebot3_ws/install/turtlebot3_bringup:/home/takuto/turtlebot3_ws/install/turtlebot3_node:/home/takuto/turtlebot3_ws/install/turtlebot3_navigation2:/home/takuto/turtlebot3_ws/install/turtlebot3_gazebo:/home/takuto/turtlebot3_ws/install/turtlebot3_fake_node:/home/takuto/turtlebot3_ws/install/turtlebot3_description:/home/takuto/turtlebot3_ws/install/turtlebot3_cartographer:/home/takuto/scout_ws/install/cost_cul:/home/takuto/scout_ws/install/cmd_vel_joy:/home/takuto/turtlebot3_ws/install/turtlebot3_teleop:/home/takuto/turtlebot3_ws/install/turtlebot3_example:/home/takuto/turtlebot3_ws/install/cmd_vel_joy:/opt/ros/humble:/home/takuto/turtlebot3_ws/install/realsense_gazebo_plugin:/home/takuto/turtlebot3_ws/install/realsense2_description:/home/takuto/turtlebot3_ws/install/realsense2_camera:/home/takuto/turtlebot3_ws/install/realsense2_camera_msgs:/home/takuto/turtlebot3_ws/install/dynamixel_sdk_examples:/home/takuto/turtlebot3_ws/install/dynamixel_sdk_custom_interfaces:/home/takuto/turtlebot3_ws/install/dynamixel_sdk /usr/bin/cmake /home/takuto/scout_ws/src/scout_gazebo -DCMAKE_INSTALL_PREFIX=/home/takuto/scout_ws/install/scout_gazebo
[1.399s] DEBUG:colcon.colcon_core.event_handler.log_command:Invoking command in '/home/takuto/scout_ws/build/scout_gazebo': CMAKE_PREFIX_PATH=/home/takuto/scout_ws/install/scout_mini_gazebo_sim:/home/takuto/scout_ws/install/scout_mini_description:/home/takuto/scout_ws/install/scout_mini_control:/home/takuto/scout_ws/install/scout_gazebo:/home/takuto/scout_ws/install/scout_description:/home/takuto/scout_ws/install/hesai_ros_driver:/home/takuto/scout_ws/install/hesai_description:/home/takuto/mecanumrover_ws/install/vs_rover_options_description:/home/takuto/mecanumrover_ws/install/mecanumrover_gazebo:/home/takuto/mecanumrover_ws/install/mecanumrover3:/home/takuto/mecanumrover_ws/install/mecanumrover_description:/home/takuto/mecanumrover_ws/install/mecanumrover3_bringup:/home/takuto/uros_ws/install/micro_ros_setup:/home/takuto/uros_ws/install/micro_ros_agent:/home/takuto/uros_ws/install/micro_ros_msgs:/home/takuto/turtlebot3_ws/install/turtlebot3:/home/takuto/turtlebot3_ws/install/turtlebot3_simulations:/home/takuto/turtlebot3_ws/install/turtlebot3_bringup:/home/takuto/turtlebot3_ws/install/turtlebot3_node:/home/takuto/turtlebot3_ws/install/turtlebot3_navigation2:/home/takuto/turtlebot3_ws/install/turtlebot3_gazebo:/home/takuto/turtlebot3_ws/install/turtlebot3_fake_node:/home/takuto/turtlebot3_ws/install/turtlebot3_description:/home/takuto/turtlebot3_ws/install/turtlebot3_cartographer:/home/takuto/scout_ws/install/cost_cul:/home/takuto/scout_ws/install/cmd_vel_joy:/home/takuto/turtlebot3_ws/install/turtlebot3_teleop:/home/takuto/turtlebot3_ws/install/turtlebot3_example:/home/takuto/turtlebot3_ws/install/cmd_vel_joy:/opt/ros/humble:/home/takuto/turtlebot3_ws/install/realsense_gazebo_plugin:/home/takuto/turtlebot3_ws/install/realsense2_description:/home/takuto/turtlebot3_ws/install/realsense2_camera:/home/takuto/turtlebot3_ws/install/realsense2_camera_msgs:/home/takuto/turtlebot3_ws/install/dynamixel_sdk_examples:/home/takuto/turtlebot3_ws/install/dynamixel_sdk_custom_interfaces:/home/takuto/turtlebot3_ws/install/dynamixel_sdk /usr/bin/cmake --build /home/takuto/scout_ws/build/scout_gazebo -- -j16 -l16
[1.409s] Level 1:colcon.colcon_core.environment:create_environment_scripts_only(hesai_description)
[1.410s] Level 1:colcon.colcon_core.environment:checking '/home/takuto/scout_ws/install/hesai_description' for CMake module files
[1.411s] DEBUG:colcon.colcon_core.event_handler.log_command:Invoked command in '/home/takuto/scout_ws/build/hesai_description' returned '0': CMAKE_PREFIX_PATH=/home/takuto/scout_ws/install/scout_mini_gazebo_sim:/home/takuto/scout_ws/install/scout_mini_description:/home/takuto/scout_ws/install/scout_mini_control:/home/takuto/scout_ws/install/scout_gazebo:/home/takuto/scout_ws/install/scout_description:/home/takuto/scout_ws/install/hesai_ros_driver:/home/takuto/scout_ws/install/hesai_description:/home/takuto/mecanumrover_ws/install/vs_rover_options_description:/home/takuto/mecanumrover_ws/install/mecanumrover_gazebo:/home/takuto/mecanumrover_ws/install/mecanumrover3:/home/takuto/mecanumrover_ws/install/mecanumrover_description:/home/takuto/mecanumrover_ws/install/mecanumrover3_bringup:/home/takuto/uros_ws/install/micro_ros_setup:/home/takuto/uros_ws/install/micro_ros_agent:/home/takuto/uros_ws/install/micro_ros_msgs:/home/takuto/turtlebot3_ws/install/turtlebot3:/home/takuto/turtlebot3_ws/install/turtlebot3_simulations:/home/takuto/turtlebot3_ws/install/turtlebot3_bringup:/home/takuto/turtlebot3_ws/install/turtlebot3_node:/home/takuto/turtlebot3_ws/install/turtlebot3_navigation2:/home/takuto/turtlebot3_ws/install/turtlebot3_gazebo:/home/takuto/turtlebot3_ws/install/turtlebot3_fake_node:/home/takuto/turtlebot3_ws/install/turtlebot3_description:/home/takuto/turtlebot3_ws/install/turtlebot3_cartographer:/home/takuto/scout_ws/install/cost_cul:/home/takuto/scout_ws/install/cmd_vel_joy:/home/takuto/turtlebot3_ws/install/turtlebot3_teleop:/home/takuto/turtlebot3_ws/install/turtlebot3_example:/home/takuto/turtlebot3_ws/install/cmd_vel_joy:/opt/ros/humble:/home/takuto/turtlebot3_ws/install/realsense_gazebo_plugin:/home/takuto/turtlebot3_ws/install/realsense2_description:/home/takuto/turtlebot3_ws/install/realsense2_camera:/home/takuto/turtlebot3_ws/install/realsense2_camera_msgs:/home/takuto/turtlebot3_ws/install/dynamixel_sdk_examples:/home/takuto/turtlebot3_ws/install/dynamixel_sdk_custom_interfaces:/home/takuto/turtlebot3_ws/install/dynamixel_sdk /usr/bin/cmake --install /home/takuto/scout_ws/build/hesai_description
[1.411s] Level 1:colcon.colcon_core.environment:checking '/home/takuto/scout_ws/install/hesai_description' for CMake config files
[1.411s] Level 1:colcon.colcon_core.shell:create_environment_hook('hesai_description', 'cmake_prefix_path')
[1.412s] INFO:colcon.colcon_core.shell:Creating environment hook '/home/takuto/scout_ws/install/hesai_description/share/hesai_description/hook/cmake_prefix_path.ps1'
[1.412s] INFO:colcon.colcon_core.shell:Creating environment descriptor '/home/takuto/scout_ws/install/hesai_description/share/hesai_description/hook/cmake_prefix_path.dsv'
[1.413s] INFO:colcon.colcon_core.shell:Creating environment hook '/home/takuto/scout_ws/install/hesai_description/share/hesai_description/hook/cmake_prefix_path.sh'
[1.414s] Level 1:colcon.colcon_core.environment:checking '/home/takuto/scout_ws/install/hesai_description/bin'
[1.414s] Level 1:colcon.colcon_core.environment:checking '/home/takuto/scout_ws/install/hesai_description/lib/pkgconfig/hesai_description.pc'
[1.414s] Level 1:colcon.colcon_core.environment:checking '/home/takuto/scout_ws/install/hesai_description/lib/python3.10/site-packages'
[1.414s] Level 1:colcon.colcon_core.environment:checking '/home/takuto/scout_ws/install/hesai_description/bin'
[1.415s] INFO:colcon.colcon_core.shell:Creating package script '/home/takuto/scout_ws/install/hesai_description/share/hesai_description/package.ps1'
[1.415s] INFO:colcon.colcon_core.shell:Creating package descriptor '/home/takuto/scout_ws/install/hesai_description/share/hesai_description/package.dsv'
[1.416s] INFO:colcon.colcon_core.shell:Creating package script '/home/takuto/scout_ws/install/hesai_description/share/hesai_description/package.sh'
[1.416s] INFO:colcon.colcon_core.shell:Creating package script '/home/takuto/scout_ws/install/hesai_description/share/hesai_description/package.bash'
[1.417s] INFO:colcon.colcon_core.shell:Creating package script '/home/takuto/scout_ws/install/hesai_description/share/hesai_description/package.zsh'
[1.418s] Level 1:colcon.colcon_core.environment:create_file_with_runtime_dependencies(/home/takuto/scout_ws/install/hesai_description/share/colcon-core/packages/hesai_description)
[1.418s] Level 1:colcon.colcon_core.environment:create_environment_scripts_only(hesai_description)
[1.419s] Level 1:colcon.colcon_core.environment:checking '/home/takuto/scout_ws/install/hesai_description' for CMake module files
[1.419s] Level 1:colcon.colcon_core.environment:checking '/home/takuto/scout_ws/install/hesai_description' for CMake config files
[1.420s] Level 1:colcon.colcon_core.shell:create_environment_hook('hesai_description', 'cmake_prefix_path')
[1.420s] INFO:colcon.colcon_core.shell:Creating environment hook '/home/takuto/scout_ws/install/hesai_description/share/hesai_description/hook/cmake_prefix_path.ps1'
[1.421s] INFO:colcon.colcon_core.shell:Creating environment descriptor '/home/takuto/scout_ws/install/hesai_description/share/hesai_description/hook/cmake_prefix_path.dsv'
[1.422s] INFO:colcon.colcon_core.shell:Creating environment hook '/home/takuto/scout_ws/install/hesai_description/share/hesai_description/hook/cmake_prefix_path.sh'
[1.423s] Level 1:colcon.colcon_core.environment:checking '/home/takuto/scout_ws/install/hesai_description/bin'
[1.423s] Level 1:colcon.colcon_core.environment:checking '/home/takuto/scout_ws/install/hesai_description/lib/pkgconfig/hesai_description.pc'
[1.424s] Level 1:colcon.colcon_core.environment:checking '/home/takuto/scout_ws/install/hesai_description/lib/python3.10/site-packages'
[1.424s] Level 1:colcon.colcon_core.environment:checking '/home/takuto/scout_ws/install/hesai_description/bin'
[1.424s] INFO:colcon.colcon_core.shell:Creating package script '/home/takuto/scout_ws/install/hesai_description/share/hesai_description/package.ps1'
[1.425s] INFO:colcon.colcon_core.shell:Creating package descriptor '/home/takuto/scout_ws/install/hesai_description/share/hesai_description/package.dsv'
[1.426s] INFO:colcon.colcon_core.shell:Creating package script '/home/takuto/scout_ws/install/hesai_description/share/hesai_description/package.sh'
[1.426s] INFO:colcon.colcon_core.shell:Creating package script '/home/takuto/scout_ws/install/hesai_description/share/hesai_description/package.bash'
[1.427s] INFO:colcon.colcon_core.shell:Creating package script '/home/takuto/scout_ws/install/hesai_description/share/hesai_description/package.zsh'
[1.427s] Level 1:colcon.colcon_core.environment:create_file_with_runtime_dependencies(/home/takuto/scout_ws/install/hesai_description/share/colcon-core/packages/hesai_description)
[1.429s] Level 1:colcon.colcon_core.environment:create_environment_scripts_only(scout_mini_control)
[1.429s] Level 1:colcon.colcon_core.environment:checking '/home/takuto/scout_ws/install/scout_mini_control' for CMake module files
[1.430s] DEBUG:colcon.colcon_core.event_handler.log_command:Invoked command in '/home/takuto/scout_ws/build/scout_mini_control' returned '0': CMAKE_PREFIX_PATH=/home/takuto/scout_ws/install/scout_mini_gazebo_sim:/home/takuto/scout_ws/install/scout_mini_description:/home/takuto/scout_ws/install/scout_mini_control:/home/takuto/scout_ws/install/scout_gazebo:/home/takuto/scout_ws/install/scout_description:/home/takuto/scout_ws/install/hesai_ros_driver:/home/takuto/scout_ws/install/hesai_description:/home/takuto/mecanumrover_ws/install/vs_rover_options_description:/home/takuto/mecanumrover_ws/install/mecanumrover_gazebo:/home/takuto/mecanumrover_ws/install/mecanumrover3:/home/takuto/mecanumrover_ws/install/mecanumrover_description:/home/takuto/mecanumrover_ws/install/mecanumrover3_bringup:/home/takuto/uros_ws/install/micro_ros_setup:/home/takuto/uros_ws/install/micro_ros_agent:/home/takuto/uros_ws/install/micro_ros_msgs:/home/takuto/turtlebot3_ws/install/turtlebot3:/home/takuto/turtlebot3_ws/install/turtlebot3_simulations:/home/takuto/turtlebot3_ws/install/turtlebot3_bringup:/home/takuto/turtlebot3_ws/install/turtlebot3_node:/home/takuto/turtlebot3_ws/install/turtlebot3_navigation2:/home/takuto/turtlebot3_ws/install/turtlebot3_gazebo:/home/takuto/turtlebot3_ws/install/turtlebot3_fake_node:/home/takuto/turtlebot3_ws/install/turtlebot3_description:/home/takuto/turtlebot3_ws/install/turtlebot3_cartographer:/home/takuto/scout_ws/install/cost_cul:/home/takuto/scout_ws/install/cmd_vel_joy:/home/takuto/turtlebot3_ws/install/turtlebot3_teleop:/home/takuto/turtlebot3_ws/install/turtlebot3_example:/home/takuto/turtlebot3_ws/install/cmd_vel_joy:/opt/ros/humble:/home/takuto/turtlebot3_ws/install/realsense_gazebo_plugin:/home/takuto/turtlebot3_ws/install/realsense2_description:/home/takuto/turtlebot3_ws/install/realsense2_camera:/home/takuto/turtlebot3_ws/install/realsense2_camera_msgs:/home/takuto/turtlebot3_ws/install/dynamixel_sdk_examples:/home/takuto/turtlebot3_ws/install/dynamixel_sdk_custom_interfaces:/home/takuto/turtlebot3_ws/install/dynamixel_sdk /usr/bin/cmake --install /home/takuto/scout_ws/build/scout_mini_control
[1.430s] Level 1:colcon.colcon_core.environment:checking '/home/takuto/scout_ws/install/scout_mini_control' for CMake config files
[1.431s] Level 1:colcon.colcon_core.shell:create_environment_hook('scout_mini_control', 'cmake_prefix_path')
[1.431s] INFO:colcon.colcon_core.shell:Creating environment hook '/home/takuto/scout_ws/install/scout_mini_control/share/scout_mini_control/hook/cmake_prefix_path.ps1'
[1.432s] INFO:colcon.colcon_core.shell:Creating environment descriptor '/home/takuto/scout_ws/install/scout_mini_control/share/scout_mini_control/hook/cmake_prefix_path.dsv'
[1.432s] INFO:colcon.colcon_core.shell:Creating environment hook '/home/takuto/scout_ws/install/scout_mini_control/share/scout_mini_control/hook/cmake_prefix_path.sh'
[1.433s] Level 1:colcon.colcon_core.environment:checking '/home/takuto/scout_ws/install/scout_mini_control/bin'
[1.433s] Level 1:colcon.colcon_core.environment:checking '/home/takuto/scout_ws/install/scout_mini_control/lib/pkgconfig/scout_mini_control.pc'
[1.433s] Level 1:colcon.colcon_core.environment:checking '/home/takuto/scout_ws/install/scout_mini_control/lib/python3.10/site-packages'
[1.433s] Level 1:colcon.colcon_core.environment:checking '/home/takuto/scout_ws/install/scout_mini_control/bin'
[1.434s] INFO:colcon.colcon_core.shell:Creating package script '/home/takuto/scout_ws/install/scout_mini_control/share/scout_mini_control/package.ps1'
[1.435s] INFO:colcon.colcon_core.shell:Creating package descriptor '/home/takuto/scout_ws/install/scout_mini_control/share/scout_mini_control/package.dsv'
[1.435s] INFO:colcon.colcon_core.shell:Creating package script '/home/takuto/scout_ws/install/scout_mini_control/share/scout_mini_control/package.sh'
[1.436s] INFO:colcon.colcon_core.shell:Creating package script '/home/takuto/scout_ws/install/scout_mini_control/share/scout_mini_control/package.bash'
[1.436s] INFO:colcon.colcon_core.shell:Creating package script '/home/takuto/scout_ws/install/scout_mini_control/share/scout_mini_control/package.zsh'
[1.437s] Level 1:colcon.colcon_core.environment:create_file_with_runtime_dependencies(/home/takuto/scout_ws/install/scout_mini_control/share/colcon-core/packages/scout_mini_control)
[1.437s] Level 1:colcon.colcon_core.environment:create_environment_scripts_only(scout_mini_control)
[1.438s] Level 1:colcon.colcon_core.environment:checking '/home/takuto/scout_ws/install/scout_mini_control' for CMake module files
[1.439s] Level 1:colcon.colcon_core.environment:checking '/home/takuto/scout_ws/install/scout_mini_control' for CMake config files
[1.439s] Level 1:colcon.colcon_core.shell:create_environment_hook('scout_mini_control', 'cmake_prefix_path')
[1.440s] INFO:colcon.colcon_core.shell:Creating environment hook '/home/takuto/scout_ws/install/scout_mini_control/share/scout_mini_control/hook/cmake_prefix_path.ps1'
[1.440s] INFO:colcon.colcon_core.shell:Creating environment descriptor '/home/takuto/scout_ws/install/scout_mini_control/share/scout_mini_control/hook/cmake_prefix_path.dsv'
[1.441s] INFO:colcon.colcon_core.shell:Creating environment hook '/home/takuto/scout_ws/install/scout_mini_control/share/scout_mini_control/hook/cmake_prefix_path.sh'
[1.442s] Level 1:colcon.colcon_core.environment:checking '/home/takuto/scout_ws/install/scout_mini_control/bin'
[1.442s] Level 1:colcon.colcon_core.environment:checking '/home/takuto/scout_ws/install/scout_mini_control/lib/pkgconfig/scout_mini_control.pc'
[1.442s] Level 1:colcon.colcon_core.environment:checking '/home/takuto/scout_ws/install/scout_mini_control/lib/python3.10/site-packages'
[1.442s] Level 1:colcon.colcon_core.environment:checking '/home/takuto/scout_ws/install/scout_mini_control/bin'
[1.443s] INFO:colcon.colcon_core.shell:Creating package script '/home/takuto/scout_ws/install/scout_mini_control/share/scout_mini_control/package.ps1'
[1.443s] INFO:colcon.colcon_core.shell:Creating package descriptor '/home/takuto/scout_ws/install/scout_mini_control/share/scout_mini_control/package.dsv'
[1.444s] INFO:colcon.colcon_core.shell:Creating package script '/home/takuto/scout_ws/install/scout_mini_control/share/scout_mini_control/package.sh'
[1.444s] INFO:colcon.colcon_core.shell:Creating package script '/home/takuto/scout_ws/install/scout_mini_control/share/scout_mini_control/package.bash'
[1.445s] INFO:colcon.colcon_core.shell:Creating package script '/home/takuto/scout_ws/install/scout_mini_control/share/scout_mini_control/package.zsh'
[1.446s] Level 1:colcon.colcon_core.environment:create_file_with_runtime_dependencies(/home/takuto/scout_ws/install/scout_mini_control/share/colcon-core/packages/scout_mini_control)
[1.469s] DEBUG:colcon.colcon_core.event_handler.log_command:Invoked command in '/home/takuto/scout_ws/build/scout_gazebo' returned '0': CMAKE_PREFIX_PATH=/home/takuto/scout_ws/install/scout_mini_gazebo_sim:/home/takuto/scout_ws/install/scout_mini_description:/home/takuto/scout_ws/install/scout_mini_control:/home/takuto/scout_ws/install/scout_gazebo:/home/takuto/scout_ws/install/scout_description:/home/takuto/scout_ws/install/hesai_ros_driver:/home/takuto/scout_ws/install/hesai_description:/home/takuto/mecanumrover_ws/install/vs_rover_options_description:/home/takuto/mecanumrover_ws/install/mecanumrover_gazebo:/home/takuto/mecanumrover_ws/install/mecanumrover3:/home/takuto/mecanumrover_ws/install/mecanumrover_description:/home/takuto/mecanumrover_ws/install/mecanumrover3_bringup:/home/takuto/uros_ws/install/micro_ros_setup:/home/takuto/uros_ws/install/micro_ros_agent:/home/takuto/uros_ws/install/micro_ros_msgs:/home/takuto/turtlebot3_ws/install/turtlebot3:/home/takuto/turtlebot3_ws/install/turtlebot3_simulations:/home/takuto/turtlebot3_ws/install/turtlebot3_bringup:/home/takuto/turtlebot3_ws/install/turtlebot3_node:/home/takuto/turtlebot3_ws/install/turtlebot3_navigation2:/home/takuto/turtlebot3_ws/install/turtlebot3_gazebo:/home/takuto/turtlebot3_ws/install/turtlebot3_fake_node:/home/takuto/turtlebot3_ws/install/turtlebot3_description:/home/takuto/turtlebot3_ws/install/turtlebot3_cartographer:/home/takuto/scout_ws/install/cost_cul:/home/takuto/scout_ws/install/cmd_vel_joy:/home/takuto/turtlebot3_ws/install/turtlebot3_teleop:/home/takuto/turtlebot3_ws/install/turtlebot3_example:/home/takuto/turtlebot3_ws/install/cmd_vel_joy:/opt/ros/humble:/home/takuto/turtlebot3_ws/install/realsense_gazebo_plugin:/home/takuto/turtlebot3_ws/install/realsense2_description:/home/takuto/turtlebot3_ws/install/realsense2_camera:/home/takuto/turtlebot3_ws/install/realsense2_camera_msgs:/home/takuto/turtlebot3_ws/install/dynamixel_sdk_examples:/home/takuto/turtlebot3_ws/install/dynamixel_sdk_custom_interfaces:/home/takuto/turtlebot3_ws/install/dynamixel_sdk /usr/bin/cmake --build /home/takuto/scout_ws/build/scout_gazebo -- -j16 -l16
[1.471s] DEBUG:colcon.colcon_core.event_handler.log_command:Invoking command in '/home/takuto/scout_ws/build/scout_gazebo': CMAKE_PREFIX_PATH=/home/takuto/scout_ws/install/scout_mini_gazebo_sim:/home/takuto/scout_ws/install/scout_mini_description:/home/takuto/scout_ws/install/scout_mini_control:/home/takuto/scout_ws/install/scout_gazebo:/home/takuto/scout_ws/install/scout_description:/home/takuto/scout_ws/install/hesai_ros_driver:/home/takuto/scout_ws/install/hesai_description:/home/takuto/mecanumrover_ws/install/vs_rover_options_description:/home/takuto/mecanumrover_ws/install/mecanumrover_gazebo:/home/takuto/mecanumrover_ws/install/mecanumrover3:/home/takuto/mecanumrover_ws/install/mecanumrover_description:/home/takuto/mecanumrover_ws/install/mecanumrover3_bringup:/home/takuto/uros_ws/install/micro_ros_setup:/home/takuto/uros_ws/install/micro_ros_agent:/home/takuto/uros_ws/install/micro_ros_msgs:/home/takuto/turtlebot3_ws/install/turtlebot3:/home/takuto/turtlebot3_ws/install/turtlebot3_simulations:/home/takuto/turtlebot3_ws/install/turtlebot3_bringup:/home/takuto/turtlebot3_ws/install/turtlebot3_node:/home/takuto/turtlebot3_ws/install/turtlebot3_navigation2:/home/takuto/turtlebot3_ws/install/turtlebot3_gazebo:/home/takuto/turtlebot3_ws/install/turtlebot3_fake_node:/home/takuto/turtlebot3_ws/install/turtlebot3_description:/home/takuto/turtlebot3_ws/install/turtlebot3_cartographer:/home/takuto/scout_ws/install/cost_cul:/home/takuto/scout_ws/install/cmd_vel_joy:/home/takuto/turtlebot3_ws/install/turtlebot3_teleop:/home/takuto/turtlebot3_ws/install/turtlebot3_example:/home/takuto/turtlebot3_ws/install/cmd_vel_joy:/opt/ros/humble:/home/takuto/turtlebot3_ws/install/realsense_gazebo_plugin:/home/takuto/turtlebot3_ws/install/realsense2_description:/home/takuto/turtlebot3_ws/install/realsense2_camera:/home/takuto/turtlebot3_ws/install/realsense2_camera_msgs:/home/takuto/turtlebot3_ws/install/dynamixel_sdk_examples:/home/takuto/turtlebot3_ws/install/dynamixel_sdk_custom_interfaces:/home/takuto/turtlebot3_ws/install/dynamixel_sdk /usr/bin/cmake --install /home/takuto/scout_ws/build/scout_gazebo
[1.480s] DEBUG:colcon.colcon_core.event_handler.log_command:Invoked command in '/home/takuto/scout_ws/build/scout_mini_gazebo_sim' returned '0': CMAKE_PREFIX_PATH=/home/takuto/scout_ws/install/scout_mini_description:/home/takuto/scout_ws/install/scout_mini_gazebo_sim:/home/takuto/scout_ws/install/scout_mini_control:/home/takuto/scout_ws/install/scout_gazebo:/home/takuto/scout_ws/install/scout_description:/home/takuto/scout_ws/install/hesai_ros_driver:/home/takuto/scout_ws/install/hesai_description:/home/takuto/mecanumrover_ws/install/vs_rover_options_description:/home/takuto/mecanumrover_ws/install/mecanumrover_gazebo:/home/takuto/mecanumrover_ws/install/mecanumrover3:/home/takuto/mecanumrover_ws/install/mecanumrover_description:/home/takuto/mecanumrover_ws/install/mecanumrover3_bringup:/home/takuto/uros_ws/install/micro_ros_setup:/home/takuto/uros_ws/install/micro_ros_agent:/home/takuto/uros_ws/install/micro_ros_msgs:/home/takuto/turtlebot3_ws/install/turtlebot3:/home/takuto/turtlebot3_ws/install/turtlebot3_simulations:/home/takuto/turtlebot3_ws/install/turtlebot3_bringup:/home/takuto/turtlebot3_ws/install/turtlebot3_node:/home/takuto/turtlebot3_ws/install/turtlebot3_navigation2:/home/takuto/turtlebot3_ws/install/turtlebot3_gazebo:/home/takuto/turtlebot3_ws/install/turtlebot3_fake_node:/home/takuto/turtlebot3_ws/install/turtlebot3_description:/home/takuto/turtlebot3_ws/install/turtlebot3_cartographer:/home/takuto/scout_ws/install/cost_cul:/home/takuto/scout_ws/install/cmd_vel_joy:/home/takuto/turtlebot3_ws/install/turtlebot3_teleop:/home/takuto/turtlebot3_ws/install/turtlebot3_example:/home/takuto/turtlebot3_ws/install/cmd_vel_joy:/opt/ros/humble:/home/takuto/turtlebot3_ws/install/realsense_gazebo_plugin:/home/takuto/turtlebot3_ws/install/realsense2_description:/home/takuto/turtlebot3_ws/install/realsense2_camera:/home/takuto/turtlebot3_ws/install/realsense2_camera_msgs:/home/takuto/turtlebot3_ws/install/dynamixel_sdk_examples:/home/takuto/turtlebot3_ws/install/dynamixel_sdk_custom_interfaces:/home/takuto/turtlebot3_ws/install/dynamixel_sdk /usr/bin/cmake /home/takuto/scout_ws/src/scout_mini_gazebo_sim -DCMAKE_INSTALL_PREFIX=/home/takuto/scout_ws/install/scout_mini_gazebo_sim
[1.482s] DEBUG:colcon.colcon_core.event_handler.log_command:Invoking command in '/home/takuto/scout_ws/build/scout_mini_gazebo_sim': CMAKE_PREFIX_PATH=/home/takuto/scout_ws/install/scout_mini_description:/home/takuto/scout_ws/install/scout_mini_gazebo_sim:/home/takuto/scout_ws/install/scout_mini_control:/home/takuto/scout_ws/install/scout_gazebo:/home/takuto/scout_ws/install/scout_description:/home/takuto/scout_ws/install/hesai_ros_driver:/home/takuto/scout_ws/install/hesai_description:/home/takuto/mecanumrover_ws/install/vs_rover_options_description:/home/takuto/mecanumrover_ws/install/mecanumrover_gazebo:/home/takuto/mecanumrover_ws/install/mecanumrover3:/home/takuto/mecanumrover_ws/install/mecanumrover_description:/home/takuto/mecanumrover_ws/install/mecanumrover3_bringup:/home/takuto/uros_ws/install/micro_ros_setup:/home/takuto/uros_ws/install/micro_ros_agent:/home/takuto/uros_ws/install/micro_ros_msgs:/home/takuto/turtlebot3_ws/install/turtlebot3:/home/takuto/turtlebot3_ws/install/turtlebot3_simulations:/home/takuto/turtlebot3_ws/install/turtlebot3_bringup:/home/takuto/turtlebot3_ws/install/turtlebot3_node:/home/takuto/turtlebot3_ws/install/turtlebot3_navigation2:/home/takuto/turtlebot3_ws/install/turtlebot3_gazebo:/home/takuto/turtlebot3_ws/install/turtlebot3_fake_node:/home/takuto/turtlebot3_ws/install/turtlebot3_description:/home/takuto/turtlebot3_ws/install/turtlebot3_cartographer:/home/takuto/scout_ws/install/cost_cul:/home/takuto/scout_ws/install/cmd_vel_joy:/home/takuto/turtlebot3_ws/install/turtlebot3_teleop:/home/takuto/turtlebot3_ws/install/turtlebot3_example:/home/takuto/turtlebot3_ws/install/cmd_vel_joy:/opt/ros/humble:/home/takuto/turtlebot3_ws/install/realsense_gazebo_plugin:/home/takuto/turtlebot3_ws/install/realsense2_description:/home/takuto/turtlebot3_ws/install/realsense2_camera:/home/takuto/turtlebot3_ws/install/realsense2_camera_msgs:/home/takuto/turtlebot3_ws/install/dynamixel_sdk_examples:/home/takuto/turtlebot3_ws/install/dynamixel_sdk_custom_interfaces:/home/takuto/turtlebot3_ws/install/dynamixel_sdk /usr/bin/cmake --build /home/takuto/scout_ws/build/scout_mini_gazebo_sim -- -j16 -l16
[1.506s] Level 1:colcon.colcon_core.environment:create_environment_scripts_only(scout_gazebo)
[1.507s] Level 1:colcon.colcon_core.environment:checking '/home/takuto/scout_ws/install/scout_gazebo' for CMake module files
[1.507s] DEBUG:colcon.colcon_core.event_handler.log_command:Invoked command in '/home/takuto/scout_ws/build/scout_gazebo' returned '0': CMAKE_PREFIX_PATH=/home/takuto/scout_ws/install/scout_mini_gazebo_sim:/home/takuto/scout_ws/install/scout_mini_description:/home/takuto/scout_ws/install/scout_mini_control:/home/takuto/scout_ws/install/scout_gazebo:/home/takuto/scout_ws/install/scout_description:/home/takuto/scout_ws/install/hesai_ros_driver:/home/takuto/scout_ws/install/hesai_description:/home/takuto/mecanumrover_ws/install/vs_rover_options_description:/home/takuto/mecanumrover_ws/install/mecanumrover_gazebo:/home/takuto/mecanumrover_ws/install/mecanumrover3:/home/takuto/mecanumrover_ws/install/mecanumrover_description:/home/takuto/mecanumrover_ws/install/mecanumrover3_bringup:/home/takuto/uros_ws/install/micro_ros_setup:/home/takuto/uros_ws/install/micro_ros_agent:/home/takuto/uros_ws/install/micro_ros_msgs:/home/takuto/turtlebot3_ws/install/turtlebot3:/home/takuto/turtlebot3_ws/install/turtlebot3_simulations:/home/takuto/turtlebot3_ws/install/turtlebot3_bringup:/home/takuto/turtlebot3_ws/install/turtlebot3_node:/home/takuto/turtlebot3_ws/install/turtlebot3_navigation2:/home/takuto/turtlebot3_ws/install/turtlebot3_gazebo:/home/takuto/turtlebot3_ws/install/turtlebot3_fake_node:/home/takuto/turtlebot3_ws/install/turtlebot3_description:/home/takuto/turtlebot3_ws/install/turtlebot3_cartographer:/home/takuto/scout_ws/install/cost_cul:/home/takuto/scout_ws/install/cmd_vel_joy:/home/takuto/turtlebot3_ws/install/turtlebot3_teleop:/home/takuto/turtlebot3_ws/install/turtlebot3_example:/home/takuto/turtlebot3_ws/install/cmd_vel_joy:/opt/ros/humble:/home/takuto/turtlebot3_ws/install/realsense_gazebo_plugin:/home/takuto/turtlebot3_ws/install/realsense2_description:/home/takuto/turtlebot3_ws/install/realsense2_camera:/home/takuto/turtlebot3_ws/install/realsense2_camera_msgs:/home/takuto/turtlebot3_ws/install/dynamixel_sdk_examples:/home/takuto/turtlebot3_ws/install/dynamixel_sdk_custom_interfaces:/home/takuto/turtlebot3_ws/install/dynamixel_sdk /usr/bin/cmake --install /home/takuto/scout_ws/build/scout_gazebo
[1.508s] Level 1:colcon.colcon_core.environment:checking '/home/takuto/scout_ws/install/scout_gazebo' for CMake config files
[1.508s] Level 1:colcon.colcon_core.shell:create_environment_hook('scout_gazebo', 'cmake_prefix_path')
[1.508s] INFO:colcon.colcon_core.shell:Creating environment hook '/home/takuto/scout_ws/install/scout_gazebo/share/scout_gazebo/hook/cmake_prefix_path.ps1'
[1.509s] INFO:colcon.colcon_core.shell:Creating environment descriptor '/home/takuto/scout_ws/install/scout_gazebo/share/scout_gazebo/hook/cmake_prefix_path.dsv'
[1.509s] INFO:colcon.colcon_core.shell:Creating environment hook '/home/takuto/scout_ws/install/scout_gazebo/share/scout_gazebo/hook/cmake_prefix_path.sh'
[1.510s] Level 1:colcon.colcon_core.environment:checking '/home/takuto/scout_ws/install/scout_gazebo/bin'
[1.510s] Level 1:colcon.colcon_core.environment:checking '/home/takuto/scout_ws/install/scout_gazebo/lib/pkgconfig/scout_gazebo.pc'
[1.511s] Level 1:colcon.colcon_core.environment:checking '/home/takuto/scout_ws/install/scout_gazebo/lib/python3.10/site-packages'
[1.511s] Level 1:colcon.colcon_core.environment:checking '/home/takuto/scout_ws/install/scout_gazebo/bin'
[1.511s] INFO:colcon.colcon_core.shell:Creating package script '/home/takuto/scout_ws/install/scout_gazebo/share/scout_gazebo/package.ps1'
[1.512s] INFO:colcon.colcon_core.shell:Creating package descriptor '/home/takuto/scout_ws/install/scout_gazebo/share/scout_gazebo/package.dsv'
[1.512s] INFO:colcon.colcon_core.shell:Creating package script '/home/takuto/scout_ws/install/scout_gazebo/share/scout_gazebo/package.sh'
[1.513s] INFO:colcon.colcon_core.shell:Creating package script '/home/takuto/scout_ws/install/scout_gazebo/share/scout_gazebo/package.bash'
[1.513s] INFO:colcon.colcon_core.shell:Creating package script '/home/takuto/scout_ws/install/scout_gazebo/share/scout_gazebo/package.zsh'
[1.514s] Level 1:colcon.colcon_core.environment:create_file_with_runtime_dependencies(/home/takuto/scout_ws/install/scout_gazebo/share/colcon-core/packages/scout_gazebo)
[1.514s] Level 1:colcon.colcon_core.environment:create_environment_scripts_only(scout_gazebo)
[1.515s] Level 1:colcon.colcon_core.environment:checking '/home/takuto/scout_ws/install/scout_gazebo' for CMake module files
[1.515s] Level 1:colcon.colcon_core.environment:checking '/home/takuto/scout_ws/install/scout_gazebo' for CMake config files
[1.515s] Level 1:colcon.colcon_core.shell:create_environment_hook('scout_gazebo', 'cmake_prefix_path')
[1.516s] INFO:colcon.colcon_core.shell:Creating environment hook '/home/takuto/scout_ws/install/scout_gazebo/share/scout_gazebo/hook/cmake_prefix_path.ps1'
[1.516s] INFO:colcon.colcon_core.shell:Creating environment descriptor '/home/takuto/scout_ws/install/scout_gazebo/share/scout_gazebo/hook/cmake_prefix_path.dsv'
[1.517s] INFO:colcon.colcon_core.shell:Creating environment hook '/home/takuto/scout_ws/install/scout_gazebo/share/scout_gazebo/hook/cmake_prefix_path.sh'
[1.517s] Level 1:colcon.colcon_core.environment:checking '/home/takuto/scout_ws/install/scout_gazebo/bin'
[1.517s] Level 1:colcon.colcon_core.environment:checking '/home/takuto/scout_ws/install/scout_gazebo/lib/pkgconfig/scout_gazebo.pc'
[1.518s] Level 1:colcon.colcon_core.environment:checking '/home/takuto/scout_ws/install/scout_gazebo/lib/python3.10/site-packages'
[1.518s] Level 1:colcon.colcon_core.environment:checking '/home/takuto/scout_ws/install/scout_gazebo/bin'
[1.518s] INFO:colcon.colcon_core.shell:Creating package script '/home/takuto/scout_ws/install/scout_gazebo/share/scout_gazebo/package.ps1'
[1.519s] INFO:colcon.colcon_core.shell:Creating package descriptor '/home/takuto/scout_ws/install/scout_gazebo/share/scout_gazebo/package.dsv'
[1.519s] INFO:colcon.colcon_core.shell:Creating package script '/home/takuto/scout_ws/install/scout_gazebo/share/scout_gazebo/package.sh'
[1.520s] INFO:colcon.colcon_core.shell:Creating package script '/home/takuto/scout_ws/install/scout_gazebo/share/scout_gazebo/package.bash'
[1.520s] INFO:colcon.colcon_core.shell:Creating package script '/home/takuto/scout_ws/install/scout_gazebo/share/scout_gazebo/package.zsh'
[1.521s] Level 1:colcon.colcon_core.environment:create_file_with_runtime_dependencies(/home/takuto/scout_ws/install/scout_gazebo/share/colcon-core/packages/scout_gazebo)
[1.524s] DEBUG:colcon.colcon_core.event_handler.log_command:Invoking command in '/home/takuto/scout_ws/build/cmd_vel_joy': PYTHONPATH=/home/takuto/scout_ws/build/cmd_vel_joy/prefix_override:/usr/lib/python3/dist-packages/colcon_core/task/python/colcon_distutils_commands:/home/takuto/scout_ws/install/cmd_vel_joy/lib/python3.10/site-packages:${PYTHONPATH} /usr/bin/python3 -W ignore:setup.py install is deprecated -W ignore:easy_install command is deprecated setup.py develop --uninstall --editable --build-directory /home/takuto/scout_ws/build/cmd_vel_joy/build
[1.539s] DEBUG:colcon.colcon_core.event_handler.log_command:Invoking command in '/home/takuto/scout_ws/build/cost_cul': PYTHONPATH=/home/takuto/scout_ws/build/cost_cul/prefix_override:/usr/lib/python3/dist-packages/colcon_core/task/python/colcon_distutils_commands:/home/takuto/scout_ws/install/cost_cul/lib/python3.10/site-packages:${PYTHONPATH} /usr/bin/python3 -W ignore:setup.py install is deprecated -W ignore:easy_install command is deprecated setup.py develop --uninstall --editable --build-directory /home/takuto/scout_ws/build/cost_cul/build
[1.547s] DEBUG:colcon.colcon_core.event_handler.log_command:Invoked command in '/home/takuto/scout_ws/build/scout_mini_gazebo_sim' returned '0': CMAKE_PREFIX_PATH=/home/takuto/scout_ws/install/scout_mini_description:/home/takuto/scout_ws/install/scout_mini_gazebo_sim:/home/takuto/scout_ws/install/scout_mini_control:/home/takuto/scout_ws/install/scout_gazebo:/home/takuto/scout_ws/install/scout_description:/home/takuto/scout_ws/install/hesai_ros_driver:/home/takuto/scout_ws/install/hesai_description:/home/takuto/mecanumrover_ws/install/vs_rover_options_description:/home/takuto/mecanumrover_ws/install/mecanumrover_gazebo:/home/takuto/mecanumrover_ws/install/mecanumrover3:/home/takuto/mecanumrover_ws/install/mecanumrover_description:/home/takuto/mecanumrover_ws/install/mecanumrover3_bringup:/home/takuto/uros_ws/install/micro_ros_setup:/home/takuto/uros_ws/install/micro_ros_agent:/home/takuto/uros_ws/install/micro_ros_msgs:/home/takuto/turtlebot3_ws/install/turtlebot3:/home/takuto/turtlebot3_ws/install/turtlebot3_simulations:/home/takuto/turtlebot3_ws/install/turtlebot3_bringup:/home/takuto/turtlebot3_ws/install/turtlebot3_node:/home/takuto/turtlebot3_ws/install/turtlebot3_navigation2:/home/takuto/turtlebot3_ws/install/turtlebot3_gazebo:/home/takuto/turtlebot3_ws/install/turtlebot3_fake_node:/home/takuto/turtlebot3_ws/install/turtlebot3_description:/home/takuto/turtlebot3_ws/install/turtlebot3_cartographer:/home/takuto/scout_ws/install/cost_cul:/home/takuto/scout_ws/install/cmd_vel_joy:/home/takuto/turtlebot3_ws/install/turtlebot3_teleop:/home/takuto/turtlebot3_ws/install/turtlebot3_example:/home/takuto/turtlebot3_ws/install/cmd_vel_joy:/opt/ros/humble:/home/takuto/turtlebot3_ws/install/realsense_gazebo_plugin:/home/takuto/turtlebot3_ws/install/realsense2_description:/home/takuto/turtlebot3_ws/install/realsense2_camera:/home/takuto/turtlebot3_ws/install/realsense2_camera_msgs:/home/takuto/turtlebot3_ws/install/dynamixel_sdk_examples:/home/takuto/turtlebot3_ws/install/dynamixel_sdk_custom_interfaces:/home/takuto/turtlebot3_ws/install/dynamixel_sdk /usr/bin/cmake --build /home/takuto/scout_ws/build/scout_mini_gazebo_sim -- -j16 -l16
[1.549s] DEBUG:colcon.colcon_core.event_handler.log_command:Invoking command in '/home/takuto/scout_ws/build/scout_mini_gazebo_sim': CMAKE_PREFIX_PATH=/home/takuto/scout_ws/install/scout_mini_description:/home/takuto/scout_ws/install/scout_mini_gazebo_sim:/home/takuto/scout_ws/install/scout_mini_control:/home/takuto/scout_ws/install/scout_gazebo:/home/takuto/scout_ws/install/scout_description:/home/takuto/scout_ws/install/hesai_ros_driver:/home/takuto/scout_ws/install/hesai_description:/home/takuto/mecanumrover_ws/install/vs_rover_options_description:/home/takuto/mecanumrover_ws/install/mecanumrover_gazebo:/home/takuto/mecanumrover_ws/install/mecanumrover3:/home/takuto/mecanumrover_ws/install/mecanumrover_description:/home/takuto/mecanumrover_ws/install/mecanumrover3_bringup:/home/takuto/uros_ws/install/micro_ros_setup:/home/takuto/uros_ws/install/micro_ros_agent:/home/takuto/uros_ws/install/micro_ros_msgs:/home/takuto/turtlebot3_ws/install/turtlebot3:/home/takuto/turtlebot3_ws/install/turtlebot3_simulations:/home/takuto/turtlebot3_ws/install/turtlebot3_bringup:/home/takuto/turtlebot3_ws/install/turtlebot3_node:/home/takuto/turtlebot3_ws/install/turtlebot3_navigation2:/home/takuto/turtlebot3_ws/install/turtlebot3_gazebo:/home/takuto/turtlebot3_ws/install/turtlebot3_fake_node:/home/takuto/turtlebot3_ws/install/turtlebot3_description:/home/takuto/turtlebot3_ws/install/turtlebot3_cartographer:/home/takuto/scout_ws/install/cost_cul:/home/takuto/scout_ws/install/cmd_vel_joy:/home/takuto/turtlebot3_ws/install/turtlebot3_teleop:/home/takuto/turtlebot3_ws/install/turtlebot3_example:/home/takuto/turtlebot3_ws/install/cmd_vel_joy:/opt/ros/humble:/home/takuto/turtlebot3_ws/install/realsense_gazebo_plugin:/home/takuto/turtlebot3_ws/install/realsense2_description:/home/takuto/turtlebot3_ws/install/realsense2_camera:/home/takuto/turtlebot3_ws/install/realsense2_camera_msgs:/home/takuto/turtlebot3_ws/install/dynamixel_sdk_examples:/home/takuto/turtlebot3_ws/install/dynamixel_sdk_custom_interfaces:/home/takuto/turtlebot3_ws/install/dynamixel_sdk /usr/bin/cmake --install /home/takuto/scout_ws/build/scout_mini_gazebo_sim
[1.586s] Level 1:colcon.colcon_core.environment:create_environment_scripts_only(scout_mini_gazebo_sim)
[1.587s] Level 1:colcon.colcon_core.environment:checking '/home/takuto/scout_ws/install/scout_mini_gazebo_sim' for CMake module files
[1.587s] DEBUG:colcon.colcon_core.event_handler.log_command:Invoked command in '/home/takuto/scout_ws/build/scout_mini_gazebo_sim' returned '0': CMAKE_PREFIX_PATH=/home/takuto/scout_ws/install/scout_mini_description:/home/takuto/scout_ws/install/scout_mini_gazebo_sim:/home/takuto/scout_ws/install/scout_mini_control:/home/takuto/scout_ws/install/scout_gazebo:/home/takuto/scout_ws/install/scout_description:/home/takuto/scout_ws/install/hesai_ros_driver:/home/takuto/scout_ws/install/hesai_description:/home/takuto/mecanumrover_ws/install/vs_rover_options_description:/home/takuto/mecanumrover_ws/install/mecanumrover_gazebo:/home/takuto/mecanumrover_ws/install/mecanumrover3:/home/takuto/mecanumrover_ws/install/mecanumrover_description:/home/takuto/mecanumrover_ws/install/mecanumrover3_bringup:/home/takuto/uros_ws/install/micro_ros_setup:/home/takuto/uros_ws/install/micro_ros_agent:/home/takuto/uros_ws/install/micro_ros_msgs:/home/takuto/turtlebot3_ws/install/turtlebot3:/home/takuto/turtlebot3_ws/install/turtlebot3_simulations:/home/takuto/turtlebot3_ws/install/turtlebot3_bringup:/home/takuto/turtlebot3_ws/install/turtlebot3_node:/home/takuto/turtlebot3_ws/install/turtlebot3_navigation2:/home/takuto/turtlebot3_ws/install/turtlebot3_gazebo:/home/takuto/turtlebot3_ws/install/turtlebot3_fake_node:/home/takuto/turtlebot3_ws/install/turtlebot3_description:/home/takuto/turtlebot3_ws/install/turtlebot3_cartographer:/home/takuto/scout_ws/install/cost_cul:/home/takuto/scout_ws/install/cmd_vel_joy:/home/takuto/turtlebot3_ws/install/turtlebot3_teleop:/home/takuto/turtlebot3_ws/install/turtlebot3_example:/home/takuto/turtlebot3_ws/install/cmd_vel_joy:/opt/ros/humble:/home/takuto/turtlebot3_ws/install/realsense_gazebo_plugin:/home/takuto/turtlebot3_ws/install/realsense2_description:/home/takuto/turtlebot3_ws/install/realsense2_camera:/home/takuto/turtlebot3_ws/install/realsense2_camera_msgs:/home/takuto/turtlebot3_ws/install/dynamixel_sdk_examples:/home/takuto/turtlebot3_ws/install/dynamixel_sdk_custom_interfaces:/home/takuto/turtlebot3_ws/install/dynamixel_sdk /usr/bin/cmake --install /home/takuto/scout_ws/build/scout_mini_gazebo_sim
[1.588s] Level 1:colcon.colcon_core.environment:checking '/home/takuto/scout_ws/install/scout_mini_gazebo_sim' for CMake config files
[1.589s] Level 1:colcon.colcon_core.shell:create_environment_hook('scout_mini_gazebo_sim', 'cmake_prefix_path')
[1.589s] INFO:colcon.colcon_core.shell:Creating environment hook '/home/takuto/scout_ws/install/scout_mini_gazebo_sim/share/scout_mini_gazebo_sim/hook/cmake_prefix_path.ps1'
[1.589s] INFO:colcon.colcon_core.shell:Creating environment descriptor '/home/takuto/scout_ws/install/scout_mini_gazebo_sim/share/scout_mini_gazebo_sim/hook/cmake_prefix_path.dsv'
[1.590s] INFO:colcon.colcon_core.shell:Creating environment hook '/home/takuto/scout_ws/install/scout_mini_gazebo_sim/share/scout_mini_gazebo_sim/hook/cmake_prefix_path.sh'
[1.591s] Level 1:colcon.colcon_core.environment:checking '/home/takuto/scout_ws/install/scout_mini_gazebo_sim/bin'
[1.591s] Level 1:colcon.colcon_core.environment:checking '/home/takuto/scout_ws/install/scout_mini_gazebo_sim/lib/pkgconfig/scout_mini_gazebo_sim.pc'
[1.592s] Level 1:colcon.colcon_core.environment:checking '/home/takuto/scout_ws/install/scout_mini_gazebo_sim/lib/python3.10/site-packages'
[1.592s] Level 1:colcon.colcon_core.environment:checking '/home/takuto/scout_ws/install/scout_mini_gazebo_sim/bin'
[1.592s] INFO:colcon.colcon_core.shell:Creating package script '/home/takuto/scout_ws/install/scout_mini_gazebo_sim/share/scout_mini_gazebo_sim/package.ps1'
[1.593s] INFO:colcon.colcon_core.shell:Creating package descriptor '/home/takuto/scout_ws/install/scout_mini_gazebo_sim/share/scout_mini_gazebo_sim/package.dsv'
[1.593s] INFO:colcon.colcon_core.shell:Creating package script '/home/takuto/scout_ws/install/scout_mini_gazebo_sim/share/scout_mini_gazebo_sim/package.sh'
[1.594s] INFO:colcon.colcon_core.shell:Creating package script '/home/takuto/scout_ws/install/scout_mini_gazebo_sim/share/scout_mini_gazebo_sim/package.bash'
[1.594s] INFO:colcon.colcon_core.shell:Creating package script '/home/takuto/scout_ws/install/scout_mini_gazebo_sim/share/scout_mini_gazebo_sim/package.zsh'
[1.595s] Level 1:colcon.colcon_core.environment:create_file_with_runtime_dependencies(/home/takuto/scout_ws/install/scout_mini_gazebo_sim/share/colcon-core/packages/scout_mini_gazebo_sim)
[1.595s] Level 1:colcon.colcon_core.environment:create_environment_scripts_only(scout_mini_gazebo_sim)
[1.596s] Level 1:colcon.colcon_core.environment:checking '/home/takuto/scout_ws/install/scout_mini_gazebo_sim' for CMake module files
[1.596s] Level 1:colcon.colcon_core.environment:checking '/home/takuto/scout_ws/install/scout_mini_gazebo_sim' for CMake config files
[1.597s] Level 1:colcon.colcon_core.shell:create_environment_hook('scout_mini_gazebo_sim', 'cmake_prefix_path')
[1.597s] INFO:colcon.colcon_core.shell:Creating environment hook '/home/takuto/scout_ws/install/scout_mini_gazebo_sim/share/scout_mini_gazebo_sim/hook/cmake_prefix_path.ps1'
[1.597s] INFO:colcon.colcon_core.shell:Creating environment descriptor '/home/takuto/scout_ws/install/scout_mini_gazebo_sim/share/scout_mini_gazebo_sim/hook/cmake_prefix_path.dsv'
[1.598s] INFO:colcon.colcon_core.shell:Creating environment hook '/home/takuto/scout_ws/install/scout_mini_gazebo_sim/share/scout_mini_gazebo_sim/hook/cmake_prefix_path.sh'
[1.598s] Level 1:colcon.colcon_core.environment:checking '/home/takuto/scout_ws/install/scout_mini_gazebo_sim/bin'
[1.598s] Level 1:colcon.colcon_core.environment:checking '/home/takuto/scout_ws/install/scout_mini_gazebo_sim/lib/pkgconfig/scout_mini_gazebo_sim.pc'
[1.599s] Level 1:colcon.colcon_core.environment:checking '/home/takuto/scout_ws/install/scout_mini_gazebo_sim/lib/python3.10/site-packages'
[1.599s] Level 1:colcon.colcon_core.environment:checking '/home/takuto/scout_ws/install/scout_mini_gazebo_sim/bin'
[1.599s] INFO:colcon.colcon_core.shell:Creating package script '/home/takuto/scout_ws/install/scout_mini_gazebo_sim/share/scout_mini_gazebo_sim/package.ps1'
[1.600s] INFO:colcon.colcon_core.shell:Creating package descriptor '/home/takuto/scout_ws/install/scout_mini_gazebo_sim/share/scout_mini_gazebo_sim/package.dsv'
[1.600s] INFO:colcon.colcon_core.shell:Creating package script '/home/takuto/scout_ws/install/scout_mini_gazebo_sim/share/scout_mini_gazebo_sim/package.sh'
[1.601s] INFO:colcon.colcon_core.shell:Creating package script '/home/takuto/scout_ws/install/scout_mini_gazebo_sim/share/scout_mini_gazebo_sim/package.bash'
[1.601s] INFO:colcon.colcon_core.shell:Creating package script '/home/takuto/scout_ws/install/scout_mini_gazebo_sim/share/scout_mini_gazebo_sim/package.zsh'
[1.602s] Level 1:colcon.colcon_core.environment:create_file_with_runtime_dependencies(/home/takuto/scout_ws/install/scout_mini_gazebo_sim/share/colcon-core/packages/scout_mini_gazebo_sim)
[2.126s] DEBUG:colcon.colcon_core.event_handler.log_command:Invoked command in '/home/takuto/scout_ws/build/cmd_vel_joy' returned '0': PYTHONPATH=/home/takuto/scout_ws/build/cmd_vel_joy/prefix_override:/usr/lib/python3/dist-packages/colcon_core/task/python/colcon_distutils_commands:/home/takuto/scout_ws/install/cmd_vel_joy/lib/python3.10/site-packages:${PYTHONPATH} /usr/bin/python3 -W ignore:setup.py install is deprecated -W ignore:easy_install command is deprecated setup.py develop --uninstall --editable --build-directory /home/takuto/scout_ws/build/cmd_vel_joy/build
[2.129s] DEBUG:colcon.colcon_core.event_handler.log_command:Invoking command in '/home/takuto/scout_ws/src/cmd_vel_joy': PYTHONPATH=/home/takuto/scout_ws/build/cmd_vel_joy/prefix_override:/usr/lib/python3/dist-packages/colcon_core/task/python/colcon_distutils_commands:/home/takuto/scout_ws/install/cmd_vel_joy/lib/python3.10/site-packages:${PYTHONPATH} /usr/bin/python3 -W ignore:setup.py install is deprecated -W ignore:easy_install command is deprecated setup.py egg_info --egg-base ../../build/cmd_vel_joy build --build-base /home/takuto/scout_ws/build/cmd_vel_joy/build install --record /home/takuto/scout_ws/build/cmd_vel_joy/install.log --single-version-externally-managed install_data --force
[2.138s] DEBUG:colcon.colcon_core.event_handler.log_command:Invoked command in '/home/takuto/scout_ws/build/cost_cul' returned '0': PYTHONPATH=/home/takuto/scout_ws/build/cost_cul/prefix_override:/usr/lib/python3/dist-packages/colcon_core/task/python/colcon_distutils_commands:/home/takuto/scout_ws/install/cost_cul/lib/python3.10/site-packages:${PYTHONPATH} /usr/bin/python3 -W ignore:setup.py install is deprecated -W ignore:easy_install command is deprecated setup.py develop --uninstall --editable --build-directory /home/takuto/scout_ws/build/cost_cul/build
[2.140s] DEBUG:colcon.colcon_core.event_handler.log_command:Invoking command in '/home/takuto/scout_ws/src/cost_cul': PYTHONPATH=/home/takuto/scout_ws/build/cost_cul/prefix_override:/usr/lib/python3/dist-packages/colcon_core/task/python/colcon_distutils_commands:/home/takuto/scout_ws/install/cost_cul/lib/python3.10/site-packages:${PYTHONPATH} /usr/bin/python3 -W ignore:setup.py install is deprecated -W ignore:easy_install command is deprecated setup.py egg_info --egg-base ../../build/cost_cul build --build-base /home/takuto/scout_ws/build/cost_cul/build install --record /home/takuto/scout_ws/build/cost_cul/install.log --single-version-externally-managed install_data --force
[2.495s] Level 1:colcon.colcon_core.environment:checking '/home/takuto/scout_ws/install/cmd_vel_joy' for CMake module files
[2.495s] DEBUG:colcon.colcon_core.event_handler.log_command:Invoked command in '/home/takuto/scout_ws/src/cmd_vel_joy' returned '0': PYTHONPATH=/home/takuto/scout_ws/build/cmd_vel_joy/prefix_override:/usr/lib/python3/dist-packages/colcon_core/task/python/colcon_distutils_commands:/home/takuto/scout_ws/install/cmd_vel_joy/lib/python3.10/site-packages:${PYTHONPATH} /usr/bin/python3 -W ignore:setup.py install is deprecated -W ignore:easy_install command is deprecated setup.py egg_info --egg-base ../../build/cmd_vel_joy build --build-base /home/takuto/scout_ws/build/cmd_vel_joy/build install --record /home/takuto/scout_ws/build/cmd_vel_joy/install.log --single-version-externally-managed install_data --force
[2.496s] Level 1:colcon.colcon_core.environment:checking '/home/takuto/scout_ws/install/cmd_vel_joy' for CMake config files
[2.496s] Level 1:colcon.colcon_core.environment:checking '/home/takuto/scout_ws/install/cmd_vel_joy/lib'
[2.497s] Level 1:colcon.colcon_core.environment:checking '/home/takuto/scout_ws/install/cmd_vel_joy/bin'
[2.497s] Level 1:colcon.colcon_core.environment:checking '/home/takuto/scout_ws/install/cmd_vel_joy/lib/pkgconfig/cmd_vel_joy.pc'
[2.497s] Level 1:colcon.colcon_core.environment:checking '/home/takuto/scout_ws/install/cmd_vel_joy/lib/python3.10/site-packages'
[2.497s] Level 1:colcon.colcon_core.shell:create_environment_hook('cmd_vel_joy', 'pythonpath')
[2.497s] INFO:colcon.colcon_core.shell:Creating environment hook '/home/takuto/scout_ws/install/cmd_vel_joy/share/cmd_vel_joy/hook/pythonpath.ps1'
[2.498s] INFO:colcon.colcon_core.shell:Creating environment descriptor '/home/takuto/scout_ws/install/cmd_vel_joy/share/cmd_vel_joy/hook/pythonpath.dsv'
[2.498s] INFO:colcon.colcon_core.shell:Creating environment hook '/home/takuto/scout_ws/install/cmd_vel_joy/share/cmd_vel_joy/hook/pythonpath.sh'
[2.499s] Level 1:colcon.colcon_core.environment:checking '/home/takuto/scout_ws/install/cmd_vel_joy/bin'
[2.499s] Level 1:colcon.colcon_core.environment:create_environment_scripts_only(cmd_vel_joy)
[2.499s] INFO:colcon.colcon_core.shell:Creating package script '/home/takuto/scout_ws/install/cmd_vel_joy/share/cmd_vel_joy/package.ps1'
[2.499s] INFO:colcon.colcon_core.shell:Creating package descriptor '/home/takuto/scout_ws/install/cmd_vel_joy/share/cmd_vel_joy/package.dsv'
[2.500s] INFO:colcon.colcon_core.shell:Creating package script '/home/takuto/scout_ws/install/cmd_vel_joy/share/cmd_vel_joy/package.sh'
[2.500s] INFO:colcon.colcon_core.shell:Creating package script '/home/takuto/scout_ws/install/cmd_vel_joy/share/cmd_vel_joy/package.bash'
[2.501s] INFO:colcon.colcon_core.shell:Creating package script '/home/takuto/scout_ws/install/cmd_vel_joy/share/cmd_vel_joy/package.zsh'
[2.501s] Level 1:colcon.colcon_core.environment:create_file_with_runtime_dependencies(/home/takuto/scout_ws/install/cmd_vel_joy/share/colcon-core/packages/cmd_vel_joy)
[2.507s] Level 1:colcon.colcon_core.environment:checking '/home/takuto/scout_ws/install/cost_cul' for CMake module files
[2.508s] DEBUG:colcon.colcon_core.event_handler.log_command:Invoked command in '/home/takuto/scout_ws/src/cost_cul' returned '0': PYTHONPATH=/home/takuto/scout_ws/build/cost_cul/prefix_override:/usr/lib/python3/dist-packages/colcon_core/task/python/colcon_distutils_commands:/home/takuto/scout_ws/install/cost_cul/lib/python3.10/site-packages:${PYTHONPATH} /usr/bin/python3 -W ignore:setup.py install is deprecated -W ignore:easy_install command is deprecated setup.py egg_info --egg-base ../../build/cost_cul build --build-base /home/takuto/scout_ws/build/cost_cul/build install --record /home/takuto/scout_ws/build/cost_cul/install.log --single-version-externally-managed install_data --force
[2.508s] Level 1:colcon.colcon_core.environment:checking '/home/takuto/scout_ws/install/cost_cul' for CMake config files
[2.509s] Level 1:colcon.colcon_core.environment:checking '/home/takuto/scout_ws/install/cost_cul/lib'
[2.509s] Level 1:colcon.colcon_core.environment:checking '/home/takuto/scout_ws/install/cost_cul/bin'
[2.509s] Level 1:colcon.colcon_core.environment:checking '/home/takuto/scout_ws/install/cost_cul/lib/pkgconfig/cost_cul.pc'
[2.509s] Level 1:colcon.colcon_core.environment:checking '/home/takuto/scout_ws/install/cost_cul/lib/python3.10/site-packages'
[2.509s] Level 1:colcon.colcon_core.shell:create_environment_hook('cost_cul', 'pythonpath')
[2.509s] INFO:colcon.colcon_core.shell:Creating environment hook '/home/takuto/scout_ws/install/cost_cul/share/cost_cul/hook/pythonpath.ps1'
[2.510s] INFO:colcon.colcon_core.shell:Creating environment descriptor '/home/takuto/scout_ws/install/cost_cul/share/cost_cul/hook/pythonpath.dsv'
[2.510s] INFO:colcon.colcon_core.shell:Creating environment hook '/home/takuto/scout_ws/install/cost_cul/share/cost_cul/hook/pythonpath.sh'
[2.511s] Level 1:colcon.colcon_core.environment:checking '/home/takuto/scout_ws/install/cost_cul/bin'
[2.511s] Level 1:colcon.colcon_core.environment:create_environment_scripts_only(cost_cul)
[2.511s] INFO:colcon.colcon_core.shell:Creating package script '/home/takuto/scout_ws/install/cost_cul/share/cost_cul/package.ps1'
[2.512s] INFO:colcon.colcon_core.shell:Creating package descriptor '/home/takuto/scout_ws/install/cost_cul/share/cost_cul/package.dsv'
[2.512s] INFO:colcon.colcon_core.shell:Creating package script '/home/takuto/scout_ws/install/cost_cul/share/cost_cul/package.sh'
[2.513s] INFO:colcon.colcon_core.shell:Creating package script '/home/takuto/scout_ws/install/cost_cul/share/cost_cul/package.bash'
[2.513s] INFO:colcon.colcon_core.shell:Creating package script '/home/takuto/scout_ws/install/cost_cul/share/cost_cul/package.zsh'
[2.513s] Level 1:colcon.colcon_core.environment:create_file_with_runtime_dependencies(/home/takuto/scout_ws/install/cost_cul/share/colcon-core/packages/cost_cul)
[2.850s] DEBUG:colcon.colcon_core.event_handler.log_command:Invoked command in '/home/takuto/scout_ws/build/hesai_ros_driver' returned '0': CMAKE_PREFIX_PATH=/home/takuto/scout_ws/install/scout_mini_gazebo_sim:/home/takuto/scout_ws/install/scout_mini_description:/home/takuto/scout_ws/install/scout_mini_control:/home/takuto/scout_ws/install/scout_gazebo:/home/takuto/scout_ws/install/scout_description:/home/takuto/scout_ws/install/hesai_ros_driver:/home/takuto/scout_ws/install/hesai_description:/home/takuto/mecanumrover_ws/install/vs_rover_options_description:/home/takuto/mecanumrover_ws/install/mecanumrover_gazebo:/home/takuto/mecanumrover_ws/install/mecanumrover3:/home/takuto/mecanumrover_ws/install/mecanumrover_description:/home/takuto/mecanumrover_ws/install/mecanumrover3_bringup:/home/takuto/uros_ws/install/micro_ros_setup:/home/takuto/uros_ws/install/micro_ros_agent:/home/takuto/uros_ws/install/micro_ros_msgs:/home/takuto/turtlebot3_ws/install/turtlebot3:/home/takuto/turtlebot3_ws/install/turtlebot3_simulations:/home/takuto/turtlebot3_ws/install/turtlebot3_bringup:/home/takuto/turtlebot3_ws/install/turtlebot3_node:/home/takuto/turtlebot3_ws/install/turtlebot3_navigation2:/home/takuto/turtlebot3_ws/install/turtlebot3_gazebo:/home/takuto/turtlebot3_ws/install/turtlebot3_fake_node:/home/takuto/turtlebot3_ws/install/turtlebot3_description:/home/takuto/turtlebot3_ws/install/turtlebot3_cartographer:/home/takuto/scout_ws/install/cost_cul:/home/takuto/scout_ws/install/cmd_vel_joy:/home/takuto/turtlebot3_ws/install/turtlebot3_teleop:/home/takuto/turtlebot3_ws/install/turtlebot3_example:/home/takuto/turtlebot3_ws/install/cmd_vel_joy:/opt/ros/humble:/home/takuto/turtlebot3_ws/install/realsense_gazebo_plugin:/home/takuto/turtlebot3_ws/install/realsense2_description:/home/takuto/turtlebot3_ws/install/realsense2_camera:/home/takuto/turtlebot3_ws/install/realsense2_camera_msgs:/home/takuto/turtlebot3_ws/install/dynamixel_sdk_examples:/home/takuto/turtlebot3_ws/install/dynamixel_sdk_custom_interfaces:/home/takuto/turtlebot3_ws/install/dynamixel_sdk /usr/bin/cmake /home/takuto/scout_ws/src/HesaiLidar_ROS_2.0 -DCMAKE_INSTALL_PREFIX=/home/takuto/scout_ws/install/hesai_ros_driver
[2.851s] DEBUG:colcon.colcon_core.event_handler.log_command:Invoking command in '/home/takuto/scout_ws/build/hesai_ros_driver': CMAKE_PREFIX_PATH=/home/takuto/scout_ws/install/scout_mini_gazebo_sim:/home/takuto/scout_ws/install/scout_mini_description:/home/takuto/scout_ws/install/scout_mini_control:/home/takuto/scout_ws/install/scout_gazebo:/home/takuto/scout_ws/install/scout_description:/home/takuto/scout_ws/install/hesai_ros_driver:/home/takuto/scout_ws/install/hesai_description:/home/takuto/mecanumrover_ws/install/vs_rover_options_description:/home/takuto/mecanumrover_ws/install/mecanumrover_gazebo:/home/takuto/mecanumrover_ws/install/mecanumrover3:/home/takuto/mecanumrover_ws/install/mecanumrover_description:/home/takuto/mecanumrover_ws/install/mecanumrover3_bringup:/home/takuto/uros_ws/install/micro_ros_setup:/home/takuto/uros_ws/install/micro_ros_agent:/home/takuto/uros_ws/install/micro_ros_msgs:/home/takuto/turtlebot3_ws/install/turtlebot3:/home/takuto/turtlebot3_ws/install/turtlebot3_simulations:/home/takuto/turtlebot3_ws/install/turtlebot3_bringup:/home/takuto/turtlebot3_ws/install/turtlebot3_node:/home/takuto/turtlebot3_ws/install/turtlebot3_navigation2:/home/takuto/turtlebot3_ws/install/turtlebot3_gazebo:/home/takuto/turtlebot3_ws/install/turtlebot3_fake_node:/home/takuto/turtlebot3_ws/install/turtlebot3_description:/home/takuto/turtlebot3_ws/install/turtlebot3_cartographer:/home/takuto/scout_ws/install/cost_cul:/home/takuto/scout_ws/install/cmd_vel_joy:/home/takuto/turtlebot3_ws/install/turtlebot3_teleop:/home/takuto/turtlebot3_ws/install/turtlebot3_example:/home/takuto/turtlebot3_ws/install/cmd_vel_joy:/opt/ros/humble:/home/takuto/turtlebot3_ws/install/realsense_gazebo_plugin:/home/takuto/turtlebot3_ws/install/realsense2_description:/home/takuto/turtlebot3_ws/install/realsense2_camera:/home/takuto/turtlebot3_ws/install/realsense2_camera_msgs:/home/takuto/turtlebot3_ws/install/dynamixel_sdk_examples:/home/takuto/turtlebot3_ws/install/dynamixel_sdk_custom_interfaces:/home/takuto/turtlebot3_ws/install/dynamixel_sdk /usr/bin/cmake --build /home/takuto/scout_ws/build/hesai_ros_driver -- -j16 -l16
[3.456s] DEBUG:colcon.colcon_core.event_handler.log_command:Invoked command in '/home/takuto/scout_ws/build/hesai_ros_driver' returned '0': CMAKE_PREFIX_PATH=/home/takuto/scout_ws/install/scout_mini_gazebo_sim:/home/takuto/scout_ws/install/scout_mini_description:/home/takuto/scout_ws/install/scout_mini_control:/home/takuto/scout_ws/install/scout_gazebo:/home/takuto/scout_ws/install/scout_description:/home/takuto/scout_ws/install/hesai_ros_driver:/home/takuto/scout_ws/install/hesai_description:/home/takuto/mecanumrover_ws/install/vs_rover_options_description:/home/takuto/mecanumrover_ws/install/mecanumrover_gazebo:/home/takuto/mecanumrover_ws/install/mecanumrover3:/home/takuto/mecanumrover_ws/install/mecanumrover_description:/home/takuto/mecanumrover_ws/install/mecanumrover3_bringup:/home/takuto/uros_ws/install/micro_ros_setup:/home/takuto/uros_ws/install/micro_ros_agent:/home/takuto/uros_ws/install/micro_ros_msgs:/home/takuto/turtlebot3_ws/install/turtlebot3:/home/takuto/turtlebot3_ws/install/turtlebot3_simulations:/home/takuto/turtlebot3_ws/install/turtlebot3_bringup:/home/takuto/turtlebot3_ws/install/turtlebot3_node:/home/takuto/turtlebot3_ws/install/turtlebot3_navigation2:/home/takuto/turtlebot3_ws/install/turtlebot3_gazebo:/home/takuto/turtlebot3_ws/install/turtlebot3_fake_node:/home/takuto/turtlebot3_ws/install/turtlebot3_description:/home/takuto/turtlebot3_ws/install/turtlebot3_cartographer:/home/takuto/scout_ws/install/cost_cul:/home/takuto/scout_ws/install/cmd_vel_joy:/home/takuto/turtlebot3_ws/install/turtlebot3_teleop:/home/takuto/turtlebot3_ws/install/turtlebot3_example:/home/takuto/turtlebot3_ws/install/cmd_vel_joy:/opt/ros/humble:/home/takuto/turtlebot3_ws/install/realsense_gazebo_plugin:/home/takuto/turtlebot3_ws/install/realsense2_description:/home/takuto/turtlebot3_ws/install/realsense2_camera:/home/takuto/turtlebot3_ws/install/realsense2_camera_msgs:/home/takuto/turtlebot3_ws/install/dynamixel_sdk_examples:/home/takuto/turtlebot3_ws/install/dynamixel_sdk_custom_interfaces:/home/takuto/turtlebot3_ws/install/dynamixel_sdk /usr/bin/cmake --build /home/takuto/scout_ws/build/hesai_ros_driver -- -j16 -l16
[3.459s] DEBUG:colcon.colcon_core.event_handler.log_command:Invoking command in '/home/takuto/scout_ws/build/hesai_ros_driver': CMAKE_PREFIX_PATH=/home/takuto/scout_ws/install/scout_mini_gazebo_sim:/home/takuto/scout_ws/install/scout_mini_description:/home/takuto/scout_ws/install/scout_mini_control:/home/takuto/scout_ws/install/scout_gazebo:/home/takuto/scout_ws/install/scout_description:/home/takuto/scout_ws/install/hesai_ros_driver:/home/takuto/scout_ws/install/hesai_description:/home/takuto/mecanumrover_ws/install/vs_rover_options_description:/home/takuto/mecanumrover_ws/install/mecanumrover_gazebo:/home/takuto/mecanumrover_ws/install/mecanumrover3:/home/takuto/mecanumrover_ws/install/mecanumrover_description:/home/takuto/mecanumrover_ws/install/mecanumrover3_bringup:/home/takuto/uros_ws/install/micro_ros_setup:/home/takuto/uros_ws/install/micro_ros_agent:/home/takuto/uros_ws/install/micro_ros_msgs:/home/takuto/turtlebot3_ws/install/turtlebot3:/home/takuto/turtlebot3_ws/install/turtlebot3_simulations:/home/takuto/turtlebot3_ws/install/turtlebot3_bringup:/home/takuto/turtlebot3_ws/install/turtlebot3_node:/home/takuto/turtlebot3_ws/install/turtlebot3_navigation2:/home/takuto/turtlebot3_ws/install/turtlebot3_gazebo:/home/takuto/turtlebot3_ws/install/turtlebot3_fake_node:/home/takuto/turtlebot3_ws/install/turtlebot3_description:/home/takuto/turtlebot3_ws/install/turtlebot3_cartographer:/home/takuto/scout_ws/install/cost_cul:/home/takuto/scout_ws/install/cmd_vel_joy:/home/takuto/turtlebot3_ws/install/turtlebot3_teleop:/home/takuto/turtlebot3_ws/install/turtlebot3_example:/home/takuto/turtlebot3_ws/install/cmd_vel_joy:/opt/ros/humble:/home/takuto/turtlebot3_ws/install/realsense_gazebo_plugin:/home/takuto/turtlebot3_ws/install/realsense2_description:/home/takuto/turtlebot3_ws/install/realsense2_camera:/home/takuto/turtlebot3_ws/install/realsense2_camera_msgs:/home/takuto/turtlebot3_ws/install/dynamixel_sdk_examples:/home/takuto/turtlebot3_ws/install/dynamixel_sdk_custom_interfaces:/home/takuto/turtlebot3_ws/install/dynamixel_sdk /usr/bin/cmake --install /home/takuto/scout_ws/build/hesai_ros_driver
[3.576s] Level 1:colcon.colcon_core.environment:create_environment_scripts_only(hesai_ros_driver)
[3.577s] Level 1:colcon.colcon_core.environment:checking '/home/takuto/scout_ws/install/hesai_ros_driver' for CMake module files
[3.577s] DEBUG:colcon.colcon_core.event_handler.log_command:Invoked command in '/home/takuto/scout_ws/build/hesai_ros_driver' returned '0': CMAKE_PREFIX_PATH=/home/takuto/scout_ws/install/scout_mini_gazebo_sim:/home/takuto/scout_ws/install/scout_mini_description:/home/takuto/scout_ws/install/scout_mini_control:/home/takuto/scout_ws/install/scout_gazebo:/home/takuto/scout_ws/install/scout_description:/home/takuto/scout_ws/install/hesai_ros_driver:/home/takuto/scout_ws/install/hesai_description:/home/takuto/mecanumrover_ws/install/vs_rover_options_description:/home/takuto/mecanumrover_ws/install/mecanumrover_gazebo:/home/takuto/mecanumrover_ws/install/mecanumrover3:/home/takuto/mecanumrover_ws/install/mecanumrover_description:/home/takuto/mecanumrover_ws/install/mecanumrover3_bringup:/home/takuto/uros_ws/install/micro_ros_setup:/home/takuto/uros_ws/install/micro_ros_agent:/home/takuto/uros_ws/install/micro_ros_msgs:/home/takuto/turtlebot3_ws/install/turtlebot3:/home/takuto/turtlebot3_ws/install/turtlebot3_simulations:/home/takuto/turtlebot3_ws/install/turtlebot3_bringup:/home/takuto/turtlebot3_ws/install/turtlebot3_node:/home/takuto/turtlebot3_ws/install/turtlebot3_navigation2:/home/takuto/turtlebot3_ws/install/turtlebot3_gazebo:/home/takuto/turtlebot3_ws/install/turtlebot3_fake_node:/home/takuto/turtlebot3_ws/install/turtlebot3_description:/home/takuto/turtlebot3_ws/install/turtlebot3_cartographer:/home/takuto/scout_ws/install/cost_cul:/home/takuto/scout_ws/install/cmd_vel_joy:/home/takuto/turtlebot3_ws/install/turtlebot3_teleop:/home/takuto/turtlebot3_ws/install/turtlebot3_example:/home/takuto/turtlebot3_ws/install/cmd_vel_joy:/opt/ros/humble:/home/takuto/turtlebot3_ws/install/realsense_gazebo_plugin:/home/takuto/turtlebot3_ws/install/realsense2_description:/home/takuto/turtlebot3_ws/install/realsense2_camera:/home/takuto/turtlebot3_ws/install/realsense2_camera_msgs:/home/takuto/turtlebot3_ws/install/dynamixel_sdk_examples:/home/takuto/turtlebot3_ws/install/dynamixel_sdk_custom_interfaces:/home/takuto/turtlebot3_ws/install/dynamixel_sdk /usr/bin/cmake --install /home/takuto/scout_ws/build/hesai_ros_driver
[3.578s] Level 1:colcon.colcon_core.environment:checking '/home/takuto/scout_ws/install/hesai_ros_driver' for CMake config files
[3.579s] Level 1:colcon.colcon_core.shell:create_environment_hook('hesai_ros_driver', 'cmake_prefix_path')
[3.579s] INFO:colcon.colcon_core.shell:Creating environment hook '/home/takuto/scout_ws/install/hesai_ros_driver/share/hesai_ros_driver/hook/cmake_prefix_path.ps1'
[3.580s] INFO:colcon.colcon_core.shell:Creating environment descriptor '/home/takuto/scout_ws/install/hesai_ros_driver/share/hesai_ros_driver/hook/cmake_prefix_path.dsv'
[3.580s] INFO:colcon.colcon_core.shell:Creating environment hook '/home/takuto/scout_ws/install/hesai_ros_driver/share/hesai_ros_driver/hook/cmake_prefix_path.sh'
[3.581s] Level 1:colcon.colcon_core.environment:checking '/home/takuto/scout_ws/install/hesai_ros_driver/lib'
[3.581s] Level 1:colcon.colcon_core.shell:create_environment_hook('hesai_ros_driver', 'ld_library_path_lib')
[3.582s] INFO:colcon.colcon_core.shell:Creating environment hook '/home/takuto/scout_ws/install/hesai_ros_driver/share/hesai_ros_driver/hook/ld_library_path_lib.ps1'
[3.582s] INFO:colcon.colcon_core.shell:Creating environment descriptor '/home/takuto/scout_ws/install/hesai_ros_driver/share/hesai_ros_driver/hook/ld_library_path_lib.dsv'
[3.583s] INFO:colcon.colcon_core.shell:Creating environment hook '/home/takuto/scout_ws/install/hesai_ros_driver/share/hesai_ros_driver/hook/ld_library_path_lib.sh'
[3.583s] Level 1:colcon.colcon_core.environment:checking '/home/takuto/scout_ws/install/hesai_ros_driver/bin'
[3.583s] Level 1:colcon.colcon_core.environment:checking '/home/takuto/scout_ws/install/hesai_ros_driver/lib/pkgconfig/hesai_ros_driver.pc'
[3.583s] Level 1:colcon.colcon_core.environment:checking '/home/takuto/scout_ws/install/hesai_ros_driver/lib/python3.10/site-packages'
[3.584s] Level 1:colcon.colcon_core.environment:checking '/home/takuto/scout_ws/install/hesai_ros_driver/bin'
[3.584s] INFO:colcon.colcon_core.shell:Creating package script '/home/takuto/scout_ws/install/hesai_ros_driver/share/hesai_ros_driver/package.ps1'
[3.585s] INFO:colcon.colcon_core.shell:Creating package descriptor '/home/takuto/scout_ws/install/hesai_ros_driver/share/hesai_ros_driver/package.dsv'
[3.585s] INFO:colcon.colcon_core.shell:Creating package script '/home/takuto/scout_ws/install/hesai_ros_driver/share/hesai_ros_driver/package.sh'
[3.586s] INFO:colcon.colcon_core.shell:Creating package script '/home/takuto/scout_ws/install/hesai_ros_driver/share/hesai_ros_driver/package.bash'
[3.586s] INFO:colcon.colcon_core.shell:Creating package script '/home/takuto/scout_ws/install/hesai_ros_driver/share/hesai_ros_driver/package.zsh'
[3.586s] Level 1:colcon.colcon_core.environment:create_file_with_runtime_dependencies(/home/takuto/scout_ws/install/hesai_ros_driver/share/colcon-core/packages/hesai_ros_driver)
[3.587s] Level 1:colcon.colcon_core.environment:create_environment_scripts_only(hesai_ros_driver)
[3.587s] Level 1:colcon.colcon_core.environment:checking '/home/takuto/scout_ws/install/hesai_ros_driver' for CMake module files
[3.588s] Level 1:colcon.colcon_core.environment:checking '/home/takuto/scout_ws/install/hesai_ros_driver' for CMake config files
[3.589s] Level 1:colcon.colcon_core.shell:create_environment_hook('hesai_ros_driver', 'cmake_prefix_path')
[3.589s] INFO:colcon.colcon_core.shell:Creating environment hook '/home/takuto/scout_ws/install/hesai_ros_driver/share/hesai_ros_driver/hook/cmake_prefix_path.ps1'
[3.590s] INFO:colcon.colcon_core.shell:Creating environment descriptor '/home/takuto/scout_ws/install/hesai_ros_driver/share/hesai_ros_driver/hook/cmake_prefix_path.dsv'
[3.590s] INFO:colcon.colcon_core.shell:Creating environment hook '/home/takuto/scout_ws/install/hesai_ros_driver/share/hesai_ros_driver/hook/cmake_prefix_path.sh'
[3.591s] Level 1:colcon.colcon_core.environment:checking '/home/takuto/scout_ws/install/hesai_ros_driver/lib'
[3.591s] Level 1:colcon.colcon_core.shell:create_environment_hook('hesai_ros_driver', 'ld_library_path_lib')
[3.591s] INFO:colcon.colcon_core.shell:Creating environment hook '/home/takuto/scout_ws/install/hesai_ros_driver/share/hesai_ros_driver/hook/ld_library_path_lib.ps1'
[3.592s] INFO:colcon.colcon_core.shell:Creating environment descriptor '/home/takuto/scout_ws/install/hesai_ros_driver/share/hesai_ros_driver/hook/ld_library_path_lib.dsv'
[3.592s] INFO:colcon.colcon_core.shell:Creating environment hook '/home/takuto/scout_ws/install/hesai_ros_driver/share/hesai_ros_driver/hook/ld_library_path_lib.sh'
[3.593s] Level 1:colcon.colcon_core.environment:checking '/home/takuto/scout_ws/install/hesai_ros_driver/bin'
[3.593s] Level 1:colcon.colcon_core.environment:checking '/home/takuto/scout_ws/install/hesai_ros_driver/lib/pkgconfig/hesai_ros_driver.pc'
[3.593s] Level 1:colcon.colcon_core.environment:checking '/home/takuto/scout_ws/install/hesai_ros_driver/lib/python3.10/site-packages'
[3.594s] Level 1:colcon.colcon_core.environment:checking '/home/takuto/scout_ws/install/hesai_ros_driver/bin'
[3.594s] INFO:colcon.colcon_core.shell:Creating package script '/home/takuto/scout_ws/install/hesai_ros_driver/share/hesai_ros_driver/package.ps1'
[3.594s] INFO:colcon.colcon_core.shell:Creating package descriptor '/home/takuto/scout_ws/install/hesai_ros_driver/share/hesai_ros_driver/package.dsv'
[3.595s] INFO:colcon.colcon_core.shell:Creating package script '/home/takuto/scout_ws/install/hesai_ros_driver/share/hesai_ros_driver/package.sh'
[3.596s] INFO:colcon.colcon_core.shell:Creating package script '/home/takuto/scout_ws/install/hesai_ros_driver/share/hesai_ros_driver/package.bash'
[3.596s] INFO:colcon.colcon_core.shell:Creating package script '/home/takuto/scout_ws/install/hesai_ros_driver/share/hesai_ros_driver/package.zsh'
[3.596s] Level 1:colcon.colcon_core.environment:create_file_with_runtime_dependencies(/home/takuto/scout_ws/install/hesai_ros_driver/share/colcon-core/packages/hesai_ros_driver)
[3.597s] DEBUG:colcon.colcon_parallel_executor.executor.parallel:closing loop
[3.597s] DEBUG:colcon.colcon_parallel_executor.executor.parallel:loop closed
[3.597s] DEBUG:colcon.colcon_parallel_executor.executor.parallel:run_until_complete finished with '0'
[3.597s] DEBUG:colcon.colcon_core.event_reactor:joining thread
[3.605s] INFO:colcon.colcon_core.plugin_system:Skipping extension 'colcon_notification.desktop_notification.terminal_notifier': Not used on non-Darwin systems
[3.605s] INFO:colcon.colcon_core.plugin_system:Skipping extension 'colcon_notification.desktop_notification.win32': Not used on non-Windows systems
[3.605s] INFO:colcon.colcon_notification.desktop_notification:Sending desktop notification using 'notify2'
[3.620s] DEBUG:colcon.colcon_core.event_reactor:joined thread
[3.621s] INFO:colcon.colcon_core.shell:Creating prefix script '/home/takuto/scout_ws/install/local_setup.ps1'
[3.622s] INFO:colcon.colcon_core.shell:Creating prefix util module '/home/takuto/scout_ws/install/_local_setup_util_ps1.py'
[3.624s] INFO:colcon.colcon_core.shell:Creating prefix chain script '/home/takuto/scout_ws/install/setup.ps1'
[3.628s] INFO:colcon.colcon_core.shell:Creating prefix script '/home/takuto/scout_ws/install/local_setup.sh'
[3.629s] INFO:colcon.colcon_core.shell:Creating prefix util module '/home/takuto/scout_ws/install/_local_setup_util_sh.py'
[3.629s] INFO:colcon.colcon_core.shell:Creating prefix chain script '/home/takuto/scout_ws/install/setup.sh'
[3.634s] INFO:colcon.colcon_core.shell:Creating prefix script '/home/takuto/scout_ws/install/local_setup.bash'
[3.634s] INFO:colcon.colcon_core.shell:Creating prefix chain script '/home/takuto/scout_ws/install/setup.bash'
[3.638s] INFO:colcon.colcon_core.shell:Creating prefix script '/home/takuto/scout_ws/install/local_setup.zsh'
[3.638s] INFO:colcon.colcon_core.shell:Creating prefix chain script '/home/takuto/scout_ws/install/setup.zsh'
