[0.093s] DEBUG:colcon:Command line arguments: ['/usr/bin/colcon', 'build', '--symlink-install']
[0.093s] DEBUG:colcon:Parsed command line arguments: Namespace(log_base=None, log_level=None, verb_name='build', build_base='build', install_base='install', merge_install=False, symlink_install=True, test_result_base=None, continue_on_error=False, executor='parallel', parallel_workers=16, event_handlers=None, ignore_user_meta=False, metas=['./colcon.meta'], base_paths=['.'], packages_ignore=None, packages_ignore_regex=None, paths=None, packages_up_to=None, packages_up_to_regex=None, packages_above=None, packages_above_and_dependencies=None, packages_above_depth=None, packages_select_by_dep=None, packages_skip_by_dep=None, packages_skip_up_to=None, packages_select_build_failed=False, packages_skip_build_finished=False, packages_select_test_failures=False, packages_skip_test_passed=False, packages_select=None, packages_skip=None, packages_select_regex=None, packages_skip_regex=None, packages_start=None, packages_end=None, allow_overriding=[], ament_gradle_args=None, ament_gradle_task=None, cmake_args=None, cmake_target=None, cmake_target_skip_unavailable=False, cmake_clean_cache=False, cmake_clean_first=False, cmake_force_configure=False, gradle_args=None, gradle_task=None, ament_cmake_args=None, catkin_cmake_args=None, catkin_skip_building_tests=False, verb_parser=<colcon_defaults.argument_parser.defaults.DefaultArgumentsDecorator object at 0x77c59ed94280>, verb_extension=<colcon_core.verb.build.BuildVerb object at 0x77c59ed5f910>, main=<bound method BuildVerb.main of <colcon_core.verb.build.BuildVerb object at 0x77c59ed5f910>>)
[0.231s] Level 1:colcon.colcon_core.package_discovery:discover_packages(colcon_meta) check parameters
[0.231s] Level 1:colcon.colcon_core.package_discovery:discover_packages(recursive) check parameters
[0.231s] Level 1:colcon.colcon_core.package_discovery:discover_packages(ignore) check parameters
[0.231s] Level 1:colcon.colcon_core.package_discovery:discover_packages(path) check parameters
[0.232s] Level 1:colcon.colcon_core.package_discovery:discover_packages(colcon_meta) discover
[0.232s] Level 1:colcon.colcon_core.package_discovery:discover_packages(recursive) discover
[0.232s] INFO:colcon.colcon_core.package_discovery:Crawling recursively for packages in '/home/takuto/scout_ws'
[0.232s] Level 1:colcon.colcon_core.package_identification:_identify(.) by extensions ['ignore', 'ignore_ament_install']
[0.232s] Level 1:colcon.colcon_core.package_identification:_identify(.) by extension 'ignore'
[0.232s] Level 1:colcon.colcon_core.package_identification:_identify(.) by extension 'ignore_ament_install'
[0.232s] Level 1:colcon.colcon_core.package_identification:_identify(.) by extensions ['colcon_pkg']
[0.232s] Level 1:colcon.colcon_core.package_identification:_identify(.) by extension 'colcon_pkg'
[0.232s] Level 1:colcon.colcon_core.package_identification:_identify(.) by extensions ['colcon_meta']
[0.232s] Level 1:colcon.colcon_core.package_identification:_identify(.) by extension 'colcon_meta'
[0.232s] Level 1:colcon.colcon_core.package_identification:_identify(.) by extensions ['ament_gradle']
[0.232s] Level 1:colcon.colcon_core.package_identification:_identify(.) by extension 'ament_gradle'
[0.232s] Level 1:colcon.colcon_core.package_identification:_identify(.) by extensions ['ros']
[0.232s] Level 1:colcon.colcon_core.package_identification:_identify(.) by extension 'ros'
[0.240s] Level 1:colcon.colcon_core.package_identification:_identify(.) by extensions ['cmake', 'gradle', 'python']
[0.240s] Level 1:colcon.colcon_core.package_identification:_identify(.) by extension 'cmake'
[0.240s] Level 1:colcon.colcon_core.package_identification:_identify(.) by extension 'gradle'
[0.240s] Level 1:colcon.colcon_core.package_identification:_identify(.) by extension 'python'
[0.240s] Level 1:colcon.colcon_core.package_identification:_identify(.) by extensions ['python_setup_py']
[0.240s] Level 1:colcon.colcon_core.package_identification:_identify(.) by extension 'python_setup_py'
[0.240s] Level 1:colcon.colcon_core.package_identification:_identify(build) by extensions ['ignore', 'ignore_ament_install']
[0.240s] Level 1:colcon.colcon_core.package_identification:_identify(build) by extension 'ignore'
[0.240s] Level 1:colcon.colcon_core.package_identification:_identify(build) ignored
[0.241s] Level 1:colcon.colcon_core.package_identification:_identify(install) by extensions ['ignore', 'ignore_ament_install']
[0.241s] Level 1:colcon.colcon_core.package_identification:_identify(install) by extension 'ignore'
[0.241s] Level 1:colcon.colcon_core.package_identification:_identify(install) ignored
[0.241s] Level 1:colcon.colcon_core.package_identification:_identify(log) by extensions ['ignore', 'ignore_ament_install']
[0.241s] Level 1:colcon.colcon_core.package_identification:_identify(log) by extension 'ignore'
[0.241s] Level 1:colcon.colcon_core.package_identification:_identify(log) ignored
[0.241s] Level 1:colcon.colcon_core.package_identification:_identify(models) by extensions ['ignore', 'ignore_ament_install']
[0.241s] Level 1:colcon.colcon_core.package_identification:_identify(models) by extension 'ignore'
[0.241s] Level 1:colcon.colcon_core.package_identification:_identify(models) by extension 'ignore_ament_install'
[0.241s] Level 1:colcon.colcon_core.package_identification:_identify(models) by extensions ['colcon_pkg']
[0.241s] Level 1:colcon.colcon_core.package_identification:_identify(models) by extension 'colcon_pkg'
[0.241s] Level 1:colcon.colcon_core.package_identification:_identify(models) by extensions ['colcon_meta']
[0.241s] Level 1:colcon.colcon_core.package_identification:_identify(models) by extension 'colcon_meta'
[0.241s] Level 1:colcon.colcon_core.package_identification:_identify(models) by extensions ['ament_gradle']
[0.241s] Level 1:colcon.colcon_core.package_identification:_identify(models) by extension 'ament_gradle'
[0.241s] Level 1:colcon.colcon_core.package_identification:_identify(models) by extensions ['ros']
[0.241s] Level 1:colcon.colcon_core.package_identification:_identify(models) by extension 'ros'
[0.241s] Level 1:colcon.colcon_core.package_identification:_identify(models) by extensions ['cmake', 'gradle', 'python']
[0.241s] Level 1:colcon.colcon_core.package_identification:_identify(models) by extension 'cmake'
[0.241s] Level 1:colcon.colcon_core.package_identification:_identify(models) by extension 'gradle'
[0.241s] Level 1:colcon.colcon_core.package_identification:_identify(models) by extension 'python'
[0.242s] Level 1:colcon.colcon_core.package_identification:_identify(models) by extensions ['python_setup_py']
[0.242s] Level 1:colcon.colcon_core.package_identification:_identify(models) by extension 'python_setup_py'
[0.242s] Level 1:colcon.colcon_core.package_identification:_identify(models/nhk2026) by extensions ['ignore', 'ignore_ament_install']
[0.242s] Level 1:colcon.colcon_core.package_identification:_identify(models/nhk2026) by extension 'ignore'
[0.242s] Level 1:colcon.colcon_core.package_identification:_identify(models/nhk2026) by extension 'ignore_ament_install'
[0.242s] Level 1:colcon.colcon_core.package_identification:_identify(models/nhk2026) by extensions ['colcon_pkg']
[0.242s] Level 1:colcon.colcon_core.package_identification:_identify(models/nhk2026) by extension 'colcon_pkg'
[0.242s] Level 1:colcon.colcon_core.package_identification:_identify(models/nhk2026) by extensions ['colcon_meta']
[0.242s] Level 1:colcon.colcon_core.package_identification:_identify(models/nhk2026) by extension 'colcon_meta'
[0.242s] Level 1:colcon.colcon_core.package_identification:_identify(models/nhk2026) by extensions ['ament_gradle']
[0.242s] Level 1:colcon.colcon_core.package_identification:_identify(models/nhk2026) by extension 'ament_gradle'
[0.242s] Level 1:colcon.colcon_core.package_identification:_identify(models/nhk2026) by extensions ['ros']
[0.242s] Level 1:colcon.colcon_core.package_identification:_identify(models/nhk2026) by extension 'ros'
[0.242s] Level 1:colcon.colcon_core.package_identification:_identify(models/nhk2026) by extensions ['cmake', 'gradle', 'python']
[0.242s] Level 1:colcon.colcon_core.package_identification:_identify(models/nhk2026) by extension 'cmake'
[0.242s] Level 1:colcon.colcon_core.package_identification:_identify(models/nhk2026) by extension 'gradle'
[0.242s] Level 1:colcon.colcon_core.package_identification:_identify(models/nhk2026) by extension 'python'
[0.242s] Level 1:colcon.colcon_core.package_identification:_identify(models/nhk2026) by extensions ['python_setup_py']
[0.242s] Level 1:colcon.colcon_core.package_identification:_identify(models/nhk2026) by extension 'python_setup_py'
[0.242s] Level 1:colcon.colcon_core.package_identification:_identify(models/nhk2026/meshes) by extensions ['ignore', 'ignore_ament_install']
[0.242s] Level 1:colcon.colcon_core.package_identification:_identify(models/nhk2026/meshes) by extension 'ignore'
[0.242s] Level 1:colcon.colcon_core.package_identification:_identify(models/nhk2026/meshes) by extension 'ignore_ament_install'
[0.242s] Level 1:colcon.colcon_core.package_identification:_identify(models/nhk2026/meshes) by extensions ['colcon_pkg']
[0.242s] Level 1:colcon.colcon_core.package_identification:_identify(models/nhk2026/meshes) by extension 'colcon_pkg'
[0.242s] Level 1:colcon.colcon_core.package_identification:_identify(models/nhk2026/meshes) by extensions ['colcon_meta']
[0.242s] Level 1:colcon.colcon_core.package_identification:_identify(models/nhk2026/meshes) by extension 'colcon_meta'
[0.242s] Level 1:colcon.colcon_core.package_identification:_identify(models/nhk2026/meshes) by extensions ['ament_gradle']
[0.243s] Level 1:colcon.colcon_core.package_identification:_identify(models/nhk2026/meshes) by extension 'ament_gradle'
[0.243s] Level 1:colcon.colcon_core.package_identification:_identify(models/nhk2026/meshes) by extensions ['ros']
[0.243s] Level 1:colcon.colcon_core.package_identification:_identify(models/nhk2026/meshes) by extension 'ros'
[0.243s] Level 1:colcon.colcon_core.package_identification:_identify(models/nhk2026/meshes) by extensions ['cmake', 'gradle', 'python']
[0.243s] Level 1:colcon.colcon_core.package_identification:_identify(models/nhk2026/meshes) by extension 'cmake'
[0.243s] Level 1:colcon.colcon_core.package_identification:_identify(models/nhk2026/meshes) by extension 'gradle'
[0.243s] Level 1:colcon.colcon_core.package_identification:_identify(models/nhk2026/meshes) by extension 'python'
[0.243s] Level 1:colcon.colcon_core.package_identification:_identify(models/nhk2026/meshes) by extensions ['python_setup_py']
[0.243s] Level 1:colcon.colcon_core.package_identification:_identify(models/nhk2026/meshes) by extension 'python_setup_py'
[0.243s] Level 1:colcon.colcon_core.package_identification:_identify(models/slope) by extensions ['ignore', 'ignore_ament_install']
[0.243s] Level 1:colcon.colcon_core.package_identification:_identify(models/slope) by extension 'ignore'
[0.243s] Level 1:colcon.colcon_core.package_identification:_identify(models/slope) by extension 'ignore_ament_install'
[0.243s] Level 1:colcon.colcon_core.package_identification:_identify(models/slope) by extensions ['colcon_pkg']
[0.243s] Level 1:colcon.colcon_core.package_identification:_identify(models/slope) by extension 'colcon_pkg'
[0.243s] Level 1:colcon.colcon_core.package_identification:_identify(models/slope) by extensions ['colcon_meta']
[0.243s] Level 1:colcon.colcon_core.package_identification:_identify(models/slope) by extension 'colcon_meta'
[0.243s] Level 1:colcon.colcon_core.package_identification:_identify(models/slope) by extensions ['ament_gradle']
[0.243s] Level 1:colcon.colcon_core.package_identification:_identify(models/slope) by extension 'ament_gradle'
[0.243s] Level 1:colcon.colcon_core.package_identification:_identify(models/slope) by extensions ['ros']
[0.243s] Level 1:colcon.colcon_core.package_identification:_identify(models/slope) by extension 'ros'
[0.243s] Level 1:colcon.colcon_core.package_identification:_identify(models/slope) by extensions ['cmake', 'gradle', 'python']
[0.243s] Level 1:colcon.colcon_core.package_identification:_identify(models/slope) by extension 'cmake'
[0.243s] Level 1:colcon.colcon_core.package_identification:_identify(models/slope) by extension 'gradle'
[0.243s] Level 1:colcon.colcon_core.package_identification:_identify(models/slope) by extension 'python'
[0.243s] Level 1:colcon.colcon_core.package_identification:_identify(models/slope) by extensions ['python_setup_py']
[0.243s] Level 1:colcon.colcon_core.package_identification:_identify(models/slope) by extension 'python_setup_py'
[0.243s] Level 1:colcon.colcon_core.package_identification:_identify(models/slope/meshes) by extensions ['ignore', 'ignore_ament_install']
[0.243s] Level 1:colcon.colcon_core.package_identification:_identify(models/slope/meshes) by extension 'ignore'
[0.244s] Level 1:colcon.colcon_core.package_identification:_identify(models/slope/meshes) by extension 'ignore_ament_install'
[0.244s] Level 1:colcon.colcon_core.package_identification:_identify(models/slope/meshes) by extensions ['colcon_pkg']
[0.244s] Level 1:colcon.colcon_core.package_identification:_identify(models/slope/meshes) by extension 'colcon_pkg'
[0.244s] Level 1:colcon.colcon_core.package_identification:_identify(models/slope/meshes) by extensions ['colcon_meta']
[0.244s] Level 1:colcon.colcon_core.package_identification:_identify(models/slope/meshes) by extension 'colcon_meta'
[0.244s] Level 1:colcon.colcon_core.package_identification:_identify(models/slope/meshes) by extensions ['ament_gradle']
[0.244s] Level 1:colcon.colcon_core.package_identification:_identify(models/slope/meshes) by extension 'ament_gradle'
[0.244s] Level 1:colcon.colcon_core.package_identification:_identify(models/slope/meshes) by extensions ['ros']
[0.244s] Level 1:colcon.colcon_core.package_identification:_identify(models/slope/meshes) by extension 'ros'
[0.244s] Level 1:colcon.colcon_core.package_identification:_identify(models/slope/meshes) by extensions ['cmake', 'gradle', 'python']
[0.244s] Level 1:colcon.colcon_core.package_identification:_identify(models/slope/meshes) by extension 'cmake'
[0.244s] Level 1:colcon.colcon_core.package_identification:_identify(models/slope/meshes) by extension 'gradle'
[0.244s] Level 1:colcon.colcon_core.package_identification:_identify(models/slope/meshes) by extension 'python'
[0.244s] Level 1:colcon.colcon_core.package_identification:_identify(models/slope/meshes) by extensions ['python_setup_py']
[0.244s] Level 1:colcon.colcon_core.package_identification:_identify(models/slope/meshes) by extension 'python_setup_py'
[0.244s] Level 1:colcon.colcon_core.package_identification:_identify(src) by extensions ['ignore', 'ignore_ament_install']
[0.244s] Level 1:colcon.colcon_core.package_identification:_identify(src) by extension 'ignore'
[0.244s] Level 1:colcon.colcon_core.package_identification:_identify(src) by extension 'ignore_ament_install'
[0.244s] Level 1:colcon.colcon_core.package_identification:_identify(src) by extensions ['colcon_pkg']
[0.244s] Level 1:colcon.colcon_core.package_identification:_identify(src) by extension 'colcon_pkg'
[0.244s] Level 1:colcon.colcon_core.package_identification:_identify(src) by extensions ['colcon_meta']
[0.244s] Level 1:colcon.colcon_core.package_identification:_identify(src) by extension 'colcon_meta'
[0.244s] Level 1:colcon.colcon_core.package_identification:_identify(src) by extensions ['ament_gradle']
[0.244s] Level 1:colcon.colcon_core.package_identification:_identify(src) by extension 'ament_gradle'
[0.244s] Level 1:colcon.colcon_core.package_identification:_identify(src) by extensions ['ros']
[0.244s] Level 1:colcon.colcon_core.package_identification:_identify(src) by extension 'ros'
[0.244s] Level 1:colcon.colcon_core.package_identification:_identify(src) by extensions ['cmake', 'gradle', 'python']
[0.244s] Level 1:colcon.colcon_core.package_identification:_identify(src) by extension 'cmake'
[0.244s] Level 1:colcon.colcon_core.package_identification:_identify(src) by extension 'gradle'
[0.244s] Level 1:colcon.colcon_core.package_identification:_identify(src) by extension 'python'
[0.244s] Level 1:colcon.colcon_core.package_identification:_identify(src) by extensions ['python_setup_py']
[0.244s] Level 1:colcon.colcon_core.package_identification:_identify(src) by extension 'python_setup_py'
[0.245s] Level 1:colcon.colcon_core.package_identification:_identify(src/HesaiLidar_ROS_2.0) by extensions ['ignore', 'ignore_ament_install']
[0.245s] Level 1:colcon.colcon_core.package_identification:_identify(src/HesaiLidar_ROS_2.0) by extension 'ignore'
[0.245s] Level 1:colcon.colcon_core.package_identification:_identify(src/HesaiLidar_ROS_2.0) by extension 'ignore_ament_install'
[0.245s] Level 1:colcon.colcon_core.package_identification:_identify(src/HesaiLidar_ROS_2.0) by extensions ['colcon_pkg']
[0.245s] Level 1:colcon.colcon_core.package_identification:_identify(src/HesaiLidar_ROS_2.0) by extension 'colcon_pkg'
[0.245s] Level 1:colcon.colcon_core.package_identification:_identify(src/HesaiLidar_ROS_2.0) by extensions ['colcon_meta']
[0.245s] Level 1:colcon.colcon_core.package_identification:_identify(src/HesaiLidar_ROS_2.0) by extension 'colcon_meta'
[0.245s] Level 1:colcon.colcon_core.package_identification:_identify(src/HesaiLidar_ROS_2.0) by extensions ['ament_gradle']
[0.245s] Level 1:colcon.colcon_core.package_identification:_identify(src/HesaiLidar_ROS_2.0) by extension 'ament_gradle'
[0.245s] Level 1:colcon.colcon_core.package_identification:_identify(src/HesaiLidar_ROS_2.0) by extensions ['ros']
[0.245s] Level 1:colcon.colcon_core.package_identification:_identify(src/HesaiLidar_ROS_2.0) by extension 'ros'
[0.260s] DEBUG:colcon.colcon_core.package_identification:Package 'src/HesaiLidar_ROS_2.0' with type 'ros.ament_cmake' and name 'hesai_ros_driver'
[0.260s] Level 1:colcon.colcon_core.package_identification:_identify(src/build) by extensions ['ignore', 'ignore_ament_install']
[0.260s] Level 1:colcon.colcon_core.package_identification:_identify(src/build) by extension 'ignore'
[0.260s] Level 1:colcon.colcon_core.package_identification:_identify(src/build) ignored
[0.260s] Level 1:colcon.colcon_core.package_identification:_identify(src/cmd_vel_joy) by extensions ['ignore', 'ignore_ament_install']
[0.260s] Level 1:colcon.colcon_core.package_identification:_identify(src/cmd_vel_joy) by extension 'ignore'
[0.260s] Level 1:colcon.colcon_core.package_identification:_identify(src/cmd_vel_joy) by extension 'ignore_ament_install'
[0.260s] Level 1:colcon.colcon_core.package_identification:_identify(src/cmd_vel_joy) by extensions ['colcon_pkg']
[0.260s] Level 1:colcon.colcon_core.package_identification:_identify(src/cmd_vel_joy) by extension 'colcon_pkg'
[0.260s] Level 1:colcon.colcon_core.package_identification:_identify(src/cmd_vel_joy) by extensions ['colcon_meta']
[0.260s] Level 1:colcon.colcon_core.package_identification:_identify(src/cmd_vel_joy) by extension 'colcon_meta'
[0.260s] Level 1:colcon.colcon_core.package_identification:_identify(src/cmd_vel_joy) by extensions ['ament_gradle']
[0.260s] Level 1:colcon.colcon_core.package_identification:_identify(src/cmd_vel_joy) by extension 'ament_gradle'
[0.260s] Level 1:colcon.colcon_core.package_identification:_identify(src/cmd_vel_joy) by extensions ['ros']
[0.260s] Level 1:colcon.colcon_core.package_identification:_identify(src/cmd_vel_joy) by extension 'ros'
[0.261s] DEBUG:colcon.colcon_core.package_identification:Package 'src/cmd_vel_joy' with type 'ros.ament_python' and name 'cmd_vel_joy'
[0.261s] Level 1:colcon.colcon_core.package_identification:_identify(src/hesai_description) by extensions ['ignore', 'ignore_ament_install']
[0.261s] Level 1:colcon.colcon_core.package_identification:_identify(src/hesai_description) by extension 'ignore'
[0.261s] Level 1:colcon.colcon_core.package_identification:_identify(src/hesai_description) by extension 'ignore_ament_install'
[0.261s] Level 1:colcon.colcon_core.package_identification:_identify(src/hesai_description) by extensions ['colcon_pkg']
[0.261s] Level 1:colcon.colcon_core.package_identification:_identify(src/hesai_description) by extension 'colcon_pkg'
[0.261s] Level 1:colcon.colcon_core.package_identification:_identify(src/hesai_description) by extensions ['colcon_meta']
[0.261s] Level 1:colcon.colcon_core.package_identification:_identify(src/hesai_description) by extension 'colcon_meta'
[0.261s] Level 1:colcon.colcon_core.package_identification:_identify(src/hesai_description) by extensions ['ament_gradle']
[0.261s] Level 1:colcon.colcon_core.package_identification:_identify(src/hesai_description) by extension 'ament_gradle'
[0.261s] Level 1:colcon.colcon_core.package_identification:_identify(src/hesai_description) by extensions ['ros']
[0.261s] Level 1:colcon.colcon_core.package_identification:_identify(src/hesai_description) by extension 'ros'
[0.262s] DEBUG:colcon.colcon_core.package_identification:Package 'src/hesai_description' with type 'ros.ament_cmake' and name 'hesai_description'
[0.262s] Level 1:colcon.colcon_core.package_identification:_identify(src/install) by extensions ['ignore', 'ignore_ament_install']
[0.262s] Level 1:colcon.colcon_core.package_identification:_identify(src/install) by extension 'ignore'
[0.262s] Level 1:colcon.colcon_core.package_identification:_identify(src/install) ignored
[0.262s] Level 1:colcon.colcon_core.package_identification:_identify(src/log) by extensions ['ignore', 'ignore_ament_install']
[0.262s] Level 1:colcon.colcon_core.package_identification:_identify(src/log) by extension 'ignore'
[0.262s] Level 1:colcon.colcon_core.package_identification:_identify(src/log) ignored
[0.262s] Level 1:colcon.colcon_core.package_identification:_identify(src/roughness_cul) by extensions ['ignore', 'ignore_ament_install']
[0.262s] Level 1:colcon.colcon_core.package_identification:_identify(src/roughness_cul) by extension 'ignore'
[0.262s] Level 1:colcon.colcon_core.package_identification:_identify(src/roughness_cul) by extension 'ignore_ament_install'
[0.262s] Level 1:colcon.colcon_core.package_identification:_identify(src/roughness_cul) by extensions ['colcon_pkg']
[0.262s] Level 1:colcon.colcon_core.package_identification:_identify(src/roughness_cul) by extension 'colcon_pkg'
[0.262s] Level 1:colcon.colcon_core.package_identification:_identify(src/roughness_cul) by extensions ['colcon_meta']
[0.263s] Level 1:colcon.colcon_core.package_identification:_identify(src/roughness_cul) by extension 'colcon_meta'
[0.263s] Level 1:colcon.colcon_core.package_identification:_identify(src/roughness_cul) by extensions ['ament_gradle']
[0.263s] Level 1:colcon.colcon_core.package_identification:_identify(src/roughness_cul) by extension 'ament_gradle'
[0.263s] Level 1:colcon.colcon_core.package_identification:_identify(src/roughness_cul) by extensions ['ros']
[0.263s] Level 1:colcon.colcon_core.package_identification:_identify(src/roughness_cul) by extension 'ros'
[0.263s] DEBUG:colcon.colcon_core.package_identification:Package 'src/roughness_cul' with type 'ros.ament_python' and name 'roughness_cul'
[0.263s] Level 1:colcon.colcon_core.package_identification:_identify(src/scout_gazebo) by extensions ['ignore', 'ignore_ament_install']
[0.263s] Level 1:colcon.colcon_core.package_identification:_identify(src/scout_gazebo) by extension 'ignore'
[0.263s] Level 1:colcon.colcon_core.package_identification:_identify(src/scout_gazebo) by extension 'ignore_ament_install'
[0.263s] Level 1:colcon.colcon_core.package_identification:_identify(src/scout_gazebo) by extensions ['colcon_pkg']
[0.263s] Level 1:colcon.colcon_core.package_identification:_identify(src/scout_gazebo) by extension 'colcon_pkg'
[0.263s] Level 1:colcon.colcon_core.package_identification:_identify(src/scout_gazebo) by extensions ['colcon_meta']
[0.263s] Level 1:colcon.colcon_core.package_identification:_identify(src/scout_gazebo) by extension 'colcon_meta'
[0.263s] Level 1:colcon.colcon_core.package_identification:_identify(src/scout_gazebo) by extensions ['ament_gradle']
[0.263s] Level 1:colcon.colcon_core.package_identification:_identify(src/scout_gazebo) by extension 'ament_gradle'
[0.263s] Level 1:colcon.colcon_core.package_identification:_identify(src/scout_gazebo) by extensions ['ros']
[0.263s] Level 1:colcon.colcon_core.package_identification:_identify(src/scout_gazebo) by extension 'ros'
[0.264s] DEBUG:colcon.colcon_core.package_identification:Package 'src/scout_gazebo' with type 'ros.ament_cmake' and name 'scout_gazebo'
[0.264s] Level 1:colcon.colcon_core.package_discovery:discover_packages(recursive) using defaults
[0.264s] Level 1:colcon.colcon_core.package_discovery:discover_packages(ignore) discover
[0.264s] Level 1:colcon.colcon_core.package_discovery:discover_packages(ignore) using defaults
[0.264s] Level 1:colcon.colcon_core.package_discovery:discover_packages(path) discover
[0.264s] Level 1:colcon.colcon_core.package_discovery:discover_packages(path) using defaults
[0.279s] Level 1:colcon.colcon_core.package_discovery:discover_packages(prefix_path) check parameters
[0.279s] Level 1:colcon.colcon_core.package_discovery:discover_packages(prefix_path) discover
[0.282s] DEBUG:colcon.colcon_installed_package_information.package_discovery:Found 5 installed packages in /home/takuto/scout_ws/install
[0.282s] DEBUG:colcon.colcon_installed_package_information.package_discovery:Found 5 installed packages in /home/takuto/mecanumrover_ws/install
[0.283s] DEBUG:colcon.colcon_installed_package_information.package_discovery:Found 3 installed packages in /home/takuto/uros_ws/install
[0.283s] DEBUG:colcon.colcon_installed_package_information.package_discovery:Found 3 installed packages in /home/takuto/scout_ws/src/install
[0.284s] DEBUG:colcon.colcon_installed_package_information.package_discovery:Found 19 installed packages in /home/takuto/turtlebot3_ws/install
[0.286s] DEBUG:colcon.colcon_installed_package_information.package_discovery:Found 425 installed packages in /opt/ros/humble
[0.287s] Level 1:colcon.colcon_core.package_discovery:discover_packages(prefix_path) using defaults
[0.326s] Level 5:colcon.colcon_core.verb:set package 'cmd_vel_joy' build argument 'ament_gradle_args' from command line to 'None'
[0.326s] Level 5:colcon.colcon_core.verb:set package 'cmd_vel_joy' build argument 'ament_gradle_task' from command line to 'None'
[0.326s] Level 5:colcon.colcon_core.verb:set package 'cmd_vel_joy' build argument 'cmake_args' from command line to 'None'
[0.326s] Level 5:colcon.colcon_core.verb:set package 'cmd_vel_joy' build argument 'cmake_target' from command line to 'None'
[0.326s] Level 5:colcon.colcon_core.verb:set package 'cmd_vel_joy' build argument 'cmake_target_skip_unavailable' from command line to 'False'
[0.326s] Level 5:colcon.colcon_core.verb:set package 'cmd_vel_joy' build argument 'cmake_clean_cache' from command line to 'False'
[0.326s] Level 5:colcon.colcon_core.verb:set package 'cmd_vel_joy' build argument 'cmake_clean_first' from command line to 'False'
[0.326s] Level 5:colcon.colcon_core.verb:set package 'cmd_vel_joy' build argument 'cmake_force_configure' from command line to 'False'
[0.326s] Level 5:colcon.colcon_core.verb:set package 'cmd_vel_joy' build argument 'gradle_args' from command line to 'None'
[0.326s] Level 5:colcon.colcon_core.verb:set package 'cmd_vel_joy' build argument 'gradle_task' from command line to 'None'
[0.326s] Level 5:colcon.colcon_core.verb:set package 'cmd_vel_joy' build argument 'ament_cmake_args' from command line to 'None'
[0.326s] Level 5:colcon.colcon_core.verb:set package 'cmd_vel_joy' build argument 'catkin_cmake_args' from command line to 'None'
[0.326s] Level 5:colcon.colcon_core.verb:set package 'cmd_vel_joy' build argument 'catkin_skip_building_tests' from command line to 'False'
[0.326s] DEBUG:colcon.colcon_core.verb:Building package 'cmd_vel_joy' with the following arguments: {'ament_cmake_args': None, 'ament_gradle_args': None, 'ament_gradle_task': None, 'build_base': '/home/takuto/scout_ws/build/cmd_vel_joy', 'catkin_cmake_args': None, 'catkin_skip_building_tests': False, 'cmake_args': None, 'cmake_clean_cache': False, 'cmake_clean_first': False, 'cmake_force_configure': False, 'cmake_target': None, 'cmake_target_skip_unavailable': False, 'gradle_args': None, 'gradle_task': None, 'install_base': '/home/takuto/scout_ws/install/cmd_vel_joy', 'merge_install': False, 'path': '/home/takuto/scout_ws/src/cmd_vel_joy', 'symlink_install': True, 'test_result_base': None}
[0.327s] Level 5:colcon.colcon_core.verb:set package 'hesai_description' build argument 'ament_gradle_args' from command line to 'None'
[0.327s] Level 5:colcon.colcon_core.verb:set package 'hesai_description' build argument 'ament_gradle_task' from command line to 'None'
[0.327s] Level 5:colcon.colcon_core.verb:set package 'hesai_description' build argument 'cmake_args' from command line to 'None'
[0.327s] Level 5:colcon.colcon_core.verb:set package 'hesai_description' build argument 'cmake_target' from command line to 'None'
[0.327s] Level 5:colcon.colcon_core.verb:set package 'hesai_description' build argument 'cmake_target_skip_unavailable' from command line to 'False'
[0.327s] Level 5:colcon.colcon_core.verb:set package 'hesai_description' build argument 'cmake_clean_cache' from command line to 'False'
[0.327s] Level 5:colcon.colcon_core.verb:set package 'hesai_description' build argument 'cmake_clean_first' from command line to 'False'
[0.327s] Level 5:colcon.colcon_core.verb:set package 'hesai_description' build argument 'cmake_force_configure' from command line to 'False'
[0.327s] Level 5:colcon.colcon_core.verb:set package 'hesai_description' build argument 'gradle_args' from command line to 'None'
[0.327s] Level 5:colcon.colcon_core.verb:set package 'hesai_description' build argument 'gradle_task' from command line to 'None'
[0.327s] Level 5:colcon.colcon_core.verb:set package 'hesai_description' build argument 'ament_cmake_args' from command line to 'None'
[0.327s] Level 5:colcon.colcon_core.verb:set package 'hesai_description' build argument 'catkin_cmake_args' from command line to 'None'
[0.327s] Level 5:colcon.colcon_core.verb:set package 'hesai_description' build argument 'catkin_skip_building_tests' from command line to 'False'
[0.327s] DEBUG:colcon.colcon_core.verb:Building package 'hesai_description' with the following arguments: {'ament_cmake_args': None, 'ament_gradle_args': None, 'ament_gradle_task': None, 'build_base': '/home/takuto/scout_ws/build/hesai_description', 'catkin_cmake_args': None, 'catkin_skip_building_tests': False, 'cmake_args': None, 'cmake_clean_cache': False, 'cmake_clean_first': False, 'cmake_force_configure': False, 'cmake_target': None, 'cmake_target_skip_unavailable': False, 'gradle_args': None, 'gradle_task': None, 'install_base': '/home/takuto/scout_ws/install/hesai_description', 'merge_install': False, 'path': '/home/takuto/scout_ws/src/hesai_description', 'symlink_install': True, 'test_result_base': None}
[0.327s] Level 5:colcon.colcon_core.verb:set package 'hesai_ros_driver' build argument 'ament_gradle_args' from command line to 'None'
[0.327s] Level 5:colcon.colcon_core.verb:set package 'hesai_ros_driver' build argument 'ament_gradle_task' from command line to 'None'
[0.327s] Level 5:colcon.colcon_core.verb:set package 'hesai_ros_driver' build argument 'cmake_args' from command line to 'None'
[0.327s] Level 5:colcon.colcon_core.verb:set package 'hesai_ros_driver' build argument 'cmake_target' from command line to 'None'
[0.327s] Level 5:colcon.colcon_core.verb:set package 'hesai_ros_driver' build argument 'cmake_target_skip_unavailable' from command line to 'False'
[0.327s] Level 5:colcon.colcon_core.verb:set package 'hesai_ros_driver' build argument 'cmake_clean_cache' from command line to 'False'
[0.327s] Level 5:colcon.colcon_core.verb:set package 'hesai_ros_driver' build argument 'cmake_clean_first' from command line to 'False'
[0.327s] Level 5:colcon.colcon_core.verb:set package 'hesai_ros_driver' build argument 'cmake_force_configure' from command line to 'False'
[0.327s] Level 5:colcon.colcon_core.verb:set package 'hesai_ros_driver' build argument 'gradle_args' from command line to 'None'
[0.327s] Level 5:colcon.colcon_core.verb:set package 'hesai_ros_driver' build argument 'gradle_task' from command line to 'None'
[0.328s] Level 5:colcon.colcon_core.verb:set package 'hesai_ros_driver' build argument 'ament_cmake_args' from command line to 'None'
[0.328s] Level 5:colcon.colcon_core.verb:set package 'hesai_ros_driver' build argument 'catkin_cmake_args' from command line to 'None'
[0.328s] Level 5:colcon.colcon_core.verb:set package 'hesai_ros_driver' build argument 'catkin_skip_building_tests' from command line to 'False'
[0.328s] DEBUG:colcon.colcon_core.verb:Building package 'hesai_ros_driver' with the following arguments: {'ament_cmake_args': None, 'ament_gradle_args': None, 'ament_gradle_task': None, 'build_base': '/home/takuto/scout_ws/build/hesai_ros_driver', 'catkin_cmake_args': None, 'catkin_skip_building_tests': False, 'cmake_args': None, 'cmake_clean_cache': False, 'cmake_clean_first': False, 'cmake_force_configure': False, 'cmake_target': None, 'cmake_target_skip_unavailable': False, 'gradle_args': None, 'gradle_task': None, 'install_base': '/home/takuto/scout_ws/install/hesai_ros_driver', 'merge_install': False, 'path': '/home/takuto/scout_ws/src/HesaiLidar_ROS_2.0', 'symlink_install': True, 'test_result_base': None}
[0.328s] Level 5:colcon.colcon_core.verb:set package 'roughness_cul' build argument 'ament_gradle_args' from command line to 'None'
[0.328s] Level 5:colcon.colcon_core.verb:set package 'roughness_cul' build argument 'ament_gradle_task' from command line to 'None'
[0.328s] Level 5:colcon.colcon_core.verb:set package 'roughness_cul' build argument 'cmake_args' from command line to 'None'
[0.328s] Level 5:colcon.colcon_core.verb:set package 'roughness_cul' build argument 'cmake_target' from command line to 'None'
[0.328s] Level 5:colcon.colcon_core.verb:set package 'roughness_cul' build argument 'cmake_target_skip_unavailable' from command line to 'False'
[0.328s] Level 5:colcon.colcon_core.verb:set package 'roughness_cul' build argument 'cmake_clean_cache' from command line to 'False'
[0.328s] Level 5:colcon.colcon_core.verb:set package 'roughness_cul' build argument 'cmake_clean_first' from command line to 'False'
[0.328s] Level 5:colcon.colcon_core.verb:set package 'roughness_cul' build argument 'cmake_force_configure' from command line to 'False'
[0.328s] Level 5:colcon.colcon_core.verb:set package 'roughness_cul' build argument 'gradle_args' from command line to 'None'
[0.328s] Level 5:colcon.colcon_core.verb:set package 'roughness_cul' build argument 'gradle_task' from command line to 'None'
[0.328s] Level 5:colcon.colcon_core.verb:set package 'roughness_cul' build argument 'ament_cmake_args' from command line to 'None'
[0.328s] Level 5:colcon.colcon_core.verb:set package 'roughness_cul' build argument 'catkin_cmake_args' from command line to 'None'
[0.328s] Level 5:colcon.colcon_core.verb:set package 'roughness_cul' build argument 'catkin_skip_building_tests' from command line to 'False'
[0.328s] DEBUG:colcon.colcon_core.verb:Building package 'roughness_cul' with the following arguments: {'ament_cmake_args': None, 'ament_gradle_args': None, 'ament_gradle_task': None, 'build_base': '/home/takuto/scout_ws/build/roughness_cul', 'catkin_cmake_args': None, 'catkin_skip_building_tests': False, 'cmake_args': None, 'cmake_clean_cache': False, 'cmake_clean_first': False, 'cmake_force_configure': False, 'cmake_target': None, 'cmake_target_skip_unavailable': False, 'gradle_args': None, 'gradle_task': None, 'install_base': '/home/takuto/scout_ws/install/roughness_cul', 'merge_install': False, 'path': '/home/takuto/scout_ws/src/roughness_cul', 'symlink_install': True, 'test_result_base': None}
[0.328s] Level 5:colcon.colcon_core.verb:set package 'scout_gazebo' build argument 'ament_gradle_args' from command line to 'None'
[0.328s] Level 5:colcon.colcon_core.verb:set package 'scout_gazebo' build argument 'ament_gradle_task' from command line to 'None'
[0.328s] Level 5:colcon.colcon_core.verb:set package 'scout_gazebo' build argument 'cmake_args' from command line to 'None'
[0.328s] Level 5:colcon.colcon_core.verb:set package 'scout_gazebo' build argument 'cmake_target' from command line to 'None'
[0.328s] Level 5:colcon.colcon_core.verb:set package 'scout_gazebo' build argument 'cmake_target_skip_unavailable' from command line to 'False'
[0.329s] Level 5:colcon.colcon_core.verb:set package 'scout_gazebo' build argument 'cmake_clean_cache' from command line to 'False'
[0.329s] Level 5:colcon.colcon_core.verb:set package 'scout_gazebo' build argument 'cmake_clean_first' from command line to 'False'
[0.329s] Level 5:colcon.colcon_core.verb:set package 'scout_gazebo' build argument 'cmake_force_configure' from command line to 'False'
[0.329s] Level 5:colcon.colcon_core.verb:set package 'scout_gazebo' build argument 'gradle_args' from command line to 'None'
[0.329s] Level 5:colcon.colcon_core.verb:set package 'scout_gazebo' build argument 'gradle_task' from command line to 'None'
[0.329s] Level 5:colcon.colcon_core.verb:set package 'scout_gazebo' build argument 'ament_cmake_args' from command line to 'None'
[0.329s] Level 5:colcon.colcon_core.verb:set package 'scout_gazebo' build argument 'catkin_cmake_args' from command line to 'None'
[0.329s] Level 5:colcon.colcon_core.verb:set package 'scout_gazebo' build argument 'catkin_skip_building_tests' from command line to 'False'
[0.329s] DEBUG:colcon.colcon_core.verb:Building package 'scout_gazebo' with the following arguments: {'ament_cmake_args': None, 'ament_gradle_args': None, 'ament_gradle_task': None, 'build_base': '/home/takuto/scout_ws/build/scout_gazebo', 'catkin_cmake_args': None, 'catkin_skip_building_tests': False, 'cmake_args': None, 'cmake_clean_cache': False, 'cmake_clean_first': False, 'cmake_force_configure': False, 'cmake_target': None, 'cmake_target_skip_unavailable': False, 'gradle_args': None, 'gradle_task': None, 'install_base': '/home/takuto/scout_ws/install/scout_gazebo', 'merge_install': False, 'path': '/home/takuto/scout_ws/src/scout_gazebo', 'symlink_install': True, 'test_result_base': None}
[0.329s] INFO:colcon.colcon_core.executor:Executing jobs using 'parallel' executor
[0.330s] DEBUG:colcon.colcon_parallel_executor.executor.parallel:run_until_complete
[0.330s] INFO:colcon.colcon_ros.task.ament_python.build:Building ROS package in '/home/takuto/scout_ws/src/cmd_vel_joy' with build type 'ament_python'
[0.330s] Level 1:colcon.colcon_core.shell:create_environment_hook('cmd_vel_joy', 'ament_prefix_path')
[0.332s] INFO:colcon.colcon_core.plugin_system:Skipping extension 'colcon_core.shell.bat': Not used on non-Windows systems
[0.332s] INFO:colcon.colcon_core.shell:Creating environment hook '/home/takuto/scout_ws/install/cmd_vel_joy/share/cmd_vel_joy/hook/ament_prefix_path.ps1'
[0.333s] INFO:colcon.colcon_core.shell:Creating environment descriptor '/home/takuto/scout_ws/install/cmd_vel_joy/share/cmd_vel_joy/hook/ament_prefix_path.dsv'
[0.333s] INFO:colcon.colcon_core.shell:Creating environment hook '/home/takuto/scout_ws/install/cmd_vel_joy/share/cmd_vel_joy/hook/ament_prefix_path.sh'
[0.334s] INFO:colcon.colcon_core.shell:Skip shell extension 'powershell' for command environment: Not usable outside of PowerShell
[0.334s] DEBUG:colcon.colcon_core.shell:Skip shell extension 'dsv' for command environment
[0.340s] INFO:colcon.colcon_ros.task.ament_cmake.build:Building ROS package in '/home/takuto/scout_ws/src/hesai_description' with build type 'ament_cmake'
[0.340s] INFO:colcon.colcon_cmake.task.cmake.build:Building CMake package in '/home/takuto/scout_ws/src/hesai_description'
[0.341s] INFO:colcon.colcon_core.shell:Skip shell extension 'powershell' for command environment: Not usable outside of PowerShell
[0.341s] DEBUG:colcon.colcon_core.shell:Skip shell extension 'dsv' for command environment
[0.347s] INFO:colcon.colcon_ros.task.ament_cmake.build:Building ROS package in '/home/takuto/scout_ws/src/HesaiLidar_ROS_2.0' with build type 'ament_cmake'
[0.347s] INFO:colcon.colcon_cmake.task.cmake.build:Building CMake package in '/home/takuto/scout_ws/src/HesaiLidar_ROS_2.0'
[0.347s] INFO:colcon.colcon_core.shell:Skip shell extension 'powershell' for command environment: Not usable outside of PowerShell
[0.347s] DEBUG:colcon.colcon_core.shell:Skip shell extension 'dsv' for command environment
[0.354s] INFO:colcon.colcon_ros.task.ament_python.build:Building ROS package in '/home/takuto/scout_ws/src/roughness_cul' with build type 'ament_python'
[0.354s] Level 1:colcon.colcon_core.shell:create_environment_hook('roughness_cul', 'ament_prefix_path')
[0.354s] INFO:colcon.colcon_core.shell:Creating environment hook '/home/takuto/scout_ws/install/roughness_cul/share/roughness_cul/hook/ament_prefix_path.ps1'
[0.358s] INFO:colcon.colcon_core.shell:Creating environment descriptor '/home/takuto/scout_ws/install/roughness_cul/share/roughness_cul/hook/ament_prefix_path.dsv'
[0.358s] INFO:colcon.colcon_core.shell:Creating environment hook '/home/takuto/scout_ws/install/roughness_cul/share/roughness_cul/hook/ament_prefix_path.sh'
[0.359s] INFO:colcon.colcon_core.shell:Skip shell extension 'powershell' for command environment: Not usable outside of PowerShell
[0.359s] DEBUG:colcon.colcon_core.shell:Skip shell extension 'dsv' for command environment
[0.364s] INFO:colcon.colcon_ros.task.ament_cmake.build:Building ROS package in '/home/takuto/scout_ws/src/scout_gazebo' with build type 'ament_cmake'
[0.364s] INFO:colcon.colcon_cmake.task.cmake.build:Building CMake package in '/home/takuto/scout_ws/src/scout_gazebo'
[0.364s] INFO:colcon.colcon_core.shell:Skip shell extension 'powershell' for command environment: Not usable outside of PowerShell
[0.364s] DEBUG:colcon.colcon_core.shell:Skip shell extension 'dsv' for command environment
[0.585s] INFO:colcon.colcon_core.task.python.build:Building Python package in '/home/takuto/scout_ws/src/cmd_vel_joy'
[0.585s] INFO:colcon.colcon_core.shell:Skip shell extension 'powershell' for command environment: Not usable outside of PowerShell
[0.585s] DEBUG:colcon.colcon_core.shell:Skip shell extension 'dsv' for command environment
[0.596s] DEBUG:colcon.colcon_core.event_handler.log_command:Invoking command in '/home/takuto/scout_ws/build/hesai_description': CMAKE_PREFIX_PATH=/home/takuto/scout_ws/install/scout_gazebo:/home/takuto/scout_ws/install/roughness_cul:/home/takuto/scout_ws/install/hesai_ros_driver:/home/takuto/scout_ws/install/hesai_description:/home/takuto/mecanumrover_ws/install/vs_rover_options_description:/home/takuto/mecanumrover_ws/install/mecanumrover_gazebo:/home/takuto/mecanumrover_ws/install/mecanumrover3:/home/takuto/mecanumrover_ws/install/mecanumrover_description:/home/takuto/mecanumrover_ws/install/mecanumrover3_bringup:/home/takuto/uros_ws/install/micro_ros_setup:/home/takuto/uros_ws/install/micro_ros_agent:/home/takuto/uros_ws/install/micro_ros_msgs:/home/takuto/scout_ws/src/install/scout_gazebo:/home/takuto/scout_ws/src/install/hesai_ros_driver:/home/takuto/turtlebot3_ws/install/turtlebot3:/home/takuto/turtlebot3_ws/install/turtlebot3_simulations:/home/takuto/turtlebot3_ws/install/turtlebot3_bringup:/home/takuto/turtlebot3_ws/install/turtlebot3_node:/home/takuto/turtlebot3_ws/install/turtlebot3_navigation2:/home/takuto/turtlebot3_ws/install/turtlebot3_gazebo:/home/takuto/turtlebot3_ws/install/turtlebot3_fake_node:/home/takuto/turtlebot3_ws/install/turtlebot3_description:/home/takuto/turtlebot3_ws/install/turtlebot3_cartographer:/home/takuto/scout_ws/install/cmd_vel_joy:/home/takuto/scout_ws/src/install/cmd_vel_joy:/home/takuto/turtlebot3_ws/install/turtlebot3_teleop:/home/takuto/turtlebot3_ws/install/turtlebot3_example:/home/takuto/turtlebot3_ws/install/cmd_vel_joy:/opt/ros/humble:/home/takuto/turtlebot3_ws/install/realsense_gazebo_plugin:/home/takuto/turtlebot3_ws/install/realsense2_description:/home/takuto/turtlebot3_ws/install/realsense2_camera:/home/takuto/turtlebot3_ws/install/realsense2_camera_msgs:/home/takuto/turtlebot3_ws/install/dynamixel_sdk_examples:/home/takuto/turtlebot3_ws/install/dynamixel_sdk_custom_interfaces:/home/takuto/turtlebot3_ws/install/dynamixel_sdk /usr/bin/cmake /home/takuto/scout_ws/src/hesai_description -DAMENT_CMAKE_SYMLINK_INSTALL=1 -DCMAKE_INSTALL_PREFIX=/home/takuto/scout_ws/install/hesai_description
[0.597s] DEBUG:colcon.colcon_core.event_handler.log_command:Invoking command in '/home/takuto/scout_ws/build/hesai_ros_driver': CMAKE_PREFIX_PATH=/home/takuto/scout_ws/install/scout_gazebo:/home/takuto/scout_ws/install/roughness_cul:/home/takuto/scout_ws/install/hesai_ros_driver:/home/takuto/scout_ws/install/hesai_description:/home/takuto/mecanumrover_ws/install/vs_rover_options_description:/home/takuto/mecanumrover_ws/install/mecanumrover_gazebo:/home/takuto/mecanumrover_ws/install/mecanumrover3:/home/takuto/mecanumrover_ws/install/mecanumrover_description:/home/takuto/mecanumrover_ws/install/mecanumrover3_bringup:/home/takuto/uros_ws/install/micro_ros_setup:/home/takuto/uros_ws/install/micro_ros_agent:/home/takuto/uros_ws/install/micro_ros_msgs:/home/takuto/scout_ws/src/install/scout_gazebo:/home/takuto/scout_ws/src/install/hesai_ros_driver:/home/takuto/turtlebot3_ws/install/turtlebot3:/home/takuto/turtlebot3_ws/install/turtlebot3_simulations:/home/takuto/turtlebot3_ws/install/turtlebot3_bringup:/home/takuto/turtlebot3_ws/install/turtlebot3_node:/home/takuto/turtlebot3_ws/install/turtlebot3_navigation2:/home/takuto/turtlebot3_ws/install/turtlebot3_gazebo:/home/takuto/turtlebot3_ws/install/turtlebot3_fake_node:/home/takuto/turtlebot3_ws/install/turtlebot3_description:/home/takuto/turtlebot3_ws/install/turtlebot3_cartographer:/home/takuto/scout_ws/install/cmd_vel_joy:/home/takuto/scout_ws/src/install/cmd_vel_joy:/home/takuto/turtlebot3_ws/install/turtlebot3_teleop:/home/takuto/turtlebot3_ws/install/turtlebot3_example:/home/takuto/turtlebot3_ws/install/cmd_vel_joy:/opt/ros/humble:/home/takuto/turtlebot3_ws/install/realsense_gazebo_plugin:/home/takuto/turtlebot3_ws/install/realsense2_description:/home/takuto/turtlebot3_ws/install/realsense2_camera:/home/takuto/turtlebot3_ws/install/realsense2_camera_msgs:/home/takuto/turtlebot3_ws/install/dynamixel_sdk_examples:/home/takuto/turtlebot3_ws/install/dynamixel_sdk_custom_interfaces:/home/takuto/turtlebot3_ws/install/dynamixel_sdk /usr/bin/cmake /home/takuto/scout_ws/src/HesaiLidar_ROS_2.0 -DAMENT_CMAKE_SYMLINK_INSTALL=1 -DCMAKE_INSTALL_PREFIX=/home/takuto/scout_ws/install/hesai_ros_driver
[0.839s] INFO:colcon.colcon_core.task.python.build:Building Python package in '/home/takuto/scout_ws/src/roughness_cul'
[0.840s] INFO:colcon.colcon_core.shell:Skip shell extension 'powershell' for command environment: Not usable outside of PowerShell
[0.840s] DEBUG:colcon.colcon_core.shell:Skip shell extension 'dsv' for command environment
[0.850s] DEBUG:colcon.colcon_core.event_handler.log_command:Invoking command in '/home/takuto/scout_ws/build/scout_gazebo': CMAKE_PREFIX_PATH=/home/takuto/scout_ws/install/scout_gazebo:/home/takuto/scout_ws/install/roughness_cul:/home/takuto/scout_ws/install/hesai_ros_driver:/home/takuto/scout_ws/install/hesai_description:/home/takuto/mecanumrover_ws/install/vs_rover_options_description:/home/takuto/mecanumrover_ws/install/mecanumrover_gazebo:/home/takuto/mecanumrover_ws/install/mecanumrover3:/home/takuto/mecanumrover_ws/install/mecanumrover_description:/home/takuto/mecanumrover_ws/install/mecanumrover3_bringup:/home/takuto/uros_ws/install/micro_ros_setup:/home/takuto/uros_ws/install/micro_ros_agent:/home/takuto/uros_ws/install/micro_ros_msgs:/home/takuto/scout_ws/src/install/scout_gazebo:/home/takuto/scout_ws/src/install/hesai_ros_driver:/home/takuto/turtlebot3_ws/install/turtlebot3:/home/takuto/turtlebot3_ws/install/turtlebot3_simulations:/home/takuto/turtlebot3_ws/install/turtlebot3_bringup:/home/takuto/turtlebot3_ws/install/turtlebot3_node:/home/takuto/turtlebot3_ws/install/turtlebot3_navigation2:/home/takuto/turtlebot3_ws/install/turtlebot3_gazebo:/home/takuto/turtlebot3_ws/install/turtlebot3_fake_node:/home/takuto/turtlebot3_ws/install/turtlebot3_description:/home/takuto/turtlebot3_ws/install/turtlebot3_cartographer:/home/takuto/scout_ws/install/cmd_vel_joy:/home/takuto/scout_ws/src/install/cmd_vel_joy:/home/takuto/turtlebot3_ws/install/turtlebot3_teleop:/home/takuto/turtlebot3_ws/install/turtlebot3_example:/home/takuto/turtlebot3_ws/install/cmd_vel_joy:/opt/ros/humble:/home/takuto/turtlebot3_ws/install/realsense_gazebo_plugin:/home/takuto/turtlebot3_ws/install/realsense2_description:/home/takuto/turtlebot3_ws/install/realsense2_camera:/home/takuto/turtlebot3_ws/install/realsense2_camera_msgs:/home/takuto/turtlebot3_ws/install/dynamixel_sdk_examples:/home/takuto/turtlebot3_ws/install/dynamixel_sdk_custom_interfaces:/home/takuto/turtlebot3_ws/install/dynamixel_sdk /usr/bin/cmake /home/takuto/scout_ws/src/scout_gazebo -DAMENT_CMAKE_SYMLINK_INSTALL=1 -DCMAKE_INSTALL_PREFIX=/home/takuto/scout_ws/install/scout_gazebo
[0.858s] DEBUG:colcon.colcon_core.event_handler.log_command:Invoked command in '/home/takuto/scout_ws/build/hesai_description' returned '0': CMAKE_PREFIX_PATH=/home/takuto/scout_ws/install/scout_gazebo:/home/takuto/scout_ws/install/roughness_cul:/home/takuto/scout_ws/install/hesai_ros_driver:/home/takuto/scout_ws/install/hesai_description:/home/takuto/mecanumrover_ws/install/vs_rover_options_description:/home/takuto/mecanumrover_ws/install/mecanumrover_gazebo:/home/takuto/mecanumrover_ws/install/mecanumrover3:/home/takuto/mecanumrover_ws/install/mecanumrover_description:/home/takuto/mecanumrover_ws/install/mecanumrover3_bringup:/home/takuto/uros_ws/install/micro_ros_setup:/home/takuto/uros_ws/install/micro_ros_agent:/home/takuto/uros_ws/install/micro_ros_msgs:/home/takuto/scout_ws/src/install/scout_gazebo:/home/takuto/scout_ws/src/install/hesai_ros_driver:/home/takuto/turtlebot3_ws/install/turtlebot3:/home/takuto/turtlebot3_ws/install/turtlebot3_simulations:/home/takuto/turtlebot3_ws/install/turtlebot3_bringup:/home/takuto/turtlebot3_ws/install/turtlebot3_node:/home/takuto/turtlebot3_ws/install/turtlebot3_navigation2:/home/takuto/turtlebot3_ws/install/turtlebot3_gazebo:/home/takuto/turtlebot3_ws/install/turtlebot3_fake_node:/home/takuto/turtlebot3_ws/install/turtlebot3_description:/home/takuto/turtlebot3_ws/install/turtlebot3_cartographer:/home/takuto/scout_ws/install/cmd_vel_joy:/home/takuto/scout_ws/src/install/cmd_vel_joy:/home/takuto/turtlebot3_ws/install/turtlebot3_teleop:/home/takuto/turtlebot3_ws/install/turtlebot3_example:/home/takuto/turtlebot3_ws/install/cmd_vel_joy:/opt/ros/humble:/home/takuto/turtlebot3_ws/install/realsense_gazebo_plugin:/home/takuto/turtlebot3_ws/install/realsense2_description:/home/takuto/turtlebot3_ws/install/realsense2_camera:/home/takuto/turtlebot3_ws/install/realsense2_camera_msgs:/home/takuto/turtlebot3_ws/install/dynamixel_sdk_examples:/home/takuto/turtlebot3_ws/install/dynamixel_sdk_custom_interfaces:/home/takuto/turtlebot3_ws/install/dynamixel_sdk /usr/bin/cmake /home/takuto/scout_ws/src/hesai_description -DAMENT_CMAKE_SYMLINK_INSTALL=1 -DCMAKE_INSTALL_PREFIX=/home/takuto/scout_ws/install/hesai_description
[0.859s] DEBUG:colcon.colcon_core.event_handler.log_command:Invoking command in '/home/takuto/scout_ws/build/hesai_description': CMAKE_PREFIX_PATH=/home/takuto/scout_ws/install/scout_gazebo:/home/takuto/scout_ws/install/roughness_cul:/home/takuto/scout_ws/install/hesai_ros_driver:/home/takuto/scout_ws/install/hesai_description:/home/takuto/mecanumrover_ws/install/vs_rover_options_description:/home/takuto/mecanumrover_ws/install/mecanumrover_gazebo:/home/takuto/mecanumrover_ws/install/mecanumrover3:/home/takuto/mecanumrover_ws/install/mecanumrover_description:/home/takuto/mecanumrover_ws/install/mecanumrover3_bringup:/home/takuto/uros_ws/install/micro_ros_setup:/home/takuto/uros_ws/install/micro_ros_agent:/home/takuto/uros_ws/install/micro_ros_msgs:/home/takuto/scout_ws/src/install/scout_gazebo:/home/takuto/scout_ws/src/install/hesai_ros_driver:/home/takuto/turtlebot3_ws/install/turtlebot3:/home/takuto/turtlebot3_ws/install/turtlebot3_simulations:/home/takuto/turtlebot3_ws/install/turtlebot3_bringup:/home/takuto/turtlebot3_ws/install/turtlebot3_node:/home/takuto/turtlebot3_ws/install/turtlebot3_navigation2:/home/takuto/turtlebot3_ws/install/turtlebot3_gazebo:/home/takuto/turtlebot3_ws/install/turtlebot3_fake_node:/home/takuto/turtlebot3_ws/install/turtlebot3_description:/home/takuto/turtlebot3_ws/install/turtlebot3_cartographer:/home/takuto/scout_ws/install/cmd_vel_joy:/home/takuto/scout_ws/src/install/cmd_vel_joy:/home/takuto/turtlebot3_ws/install/turtlebot3_teleop:/home/takuto/turtlebot3_ws/install/turtlebot3_example:/home/takuto/turtlebot3_ws/install/cmd_vel_joy:/opt/ros/humble:/home/takuto/turtlebot3_ws/install/realsense_gazebo_plugin:/home/takuto/turtlebot3_ws/install/realsense2_description:/home/takuto/turtlebot3_ws/install/realsense2_camera:/home/takuto/turtlebot3_ws/install/realsense2_camera_msgs:/home/takuto/turtlebot3_ws/install/dynamixel_sdk_examples:/home/takuto/turtlebot3_ws/install/dynamixel_sdk_custom_interfaces:/home/takuto/turtlebot3_ws/install/dynamixel_sdk /usr/bin/cmake --build /home/takuto/scout_ws/build/hesai_description -- -j16 -l16
[0.910s] DEBUG:colcon.colcon_core.event_handler.log_command:Invoked command in '/home/takuto/scout_ws/build/hesai_description' returned '0': CMAKE_PREFIX_PATH=/home/takuto/scout_ws/install/scout_gazebo:/home/takuto/scout_ws/install/roughness_cul:/home/takuto/scout_ws/install/hesai_ros_driver:/home/takuto/scout_ws/install/hesai_description:/home/takuto/mecanumrover_ws/install/vs_rover_options_description:/home/takuto/mecanumrover_ws/install/mecanumrover_gazebo:/home/takuto/mecanumrover_ws/install/mecanumrover3:/home/takuto/mecanumrover_ws/install/mecanumrover_description:/home/takuto/mecanumrover_ws/install/mecanumrover3_bringup:/home/takuto/uros_ws/install/micro_ros_setup:/home/takuto/uros_ws/install/micro_ros_agent:/home/takuto/uros_ws/install/micro_ros_msgs:/home/takuto/scout_ws/src/install/scout_gazebo:/home/takuto/scout_ws/src/install/hesai_ros_driver:/home/takuto/turtlebot3_ws/install/turtlebot3:/home/takuto/turtlebot3_ws/install/turtlebot3_simulations:/home/takuto/turtlebot3_ws/install/turtlebot3_bringup:/home/takuto/turtlebot3_ws/install/turtlebot3_node:/home/takuto/turtlebot3_ws/install/turtlebot3_navigation2:/home/takuto/turtlebot3_ws/install/turtlebot3_gazebo:/home/takuto/turtlebot3_ws/install/turtlebot3_fake_node:/home/takuto/turtlebot3_ws/install/turtlebot3_description:/home/takuto/turtlebot3_ws/install/turtlebot3_cartographer:/home/takuto/scout_ws/install/cmd_vel_joy:/home/takuto/scout_ws/src/install/cmd_vel_joy:/home/takuto/turtlebot3_ws/install/turtlebot3_teleop:/home/takuto/turtlebot3_ws/install/turtlebot3_example:/home/takuto/turtlebot3_ws/install/cmd_vel_joy:/opt/ros/humble:/home/takuto/turtlebot3_ws/install/realsense_gazebo_plugin:/home/takuto/turtlebot3_ws/install/realsense2_description:/home/takuto/turtlebot3_ws/install/realsense2_camera:/home/takuto/turtlebot3_ws/install/realsense2_camera_msgs:/home/takuto/turtlebot3_ws/install/dynamixel_sdk_examples:/home/takuto/turtlebot3_ws/install/dynamixel_sdk_custom_interfaces:/home/takuto/turtlebot3_ws/install/dynamixel_sdk /usr/bin/cmake --build /home/takuto/scout_ws/build/hesai_description -- -j16 -l16
[0.923s] DEBUG:colcon.colcon_core.event_handler.log_command:Invoking command in '/home/takuto/scout_ws/build/hesai_description': CMAKE_PREFIX_PATH=/home/takuto/scout_ws/install/scout_gazebo:/home/takuto/scout_ws/install/roughness_cul:/home/takuto/scout_ws/install/hesai_ros_driver:/home/takuto/scout_ws/install/hesai_description:/home/takuto/mecanumrover_ws/install/vs_rover_options_description:/home/takuto/mecanumrover_ws/install/mecanumrover_gazebo:/home/takuto/mecanumrover_ws/install/mecanumrover3:/home/takuto/mecanumrover_ws/install/mecanumrover_description:/home/takuto/mecanumrover_ws/install/mecanumrover3_bringup:/home/takuto/uros_ws/install/micro_ros_setup:/home/takuto/uros_ws/install/micro_ros_agent:/home/takuto/uros_ws/install/micro_ros_msgs:/home/takuto/scout_ws/src/install/scout_gazebo:/home/takuto/scout_ws/src/install/hesai_ros_driver:/home/takuto/turtlebot3_ws/install/turtlebot3:/home/takuto/turtlebot3_ws/install/turtlebot3_simulations:/home/takuto/turtlebot3_ws/install/turtlebot3_bringup:/home/takuto/turtlebot3_ws/install/turtlebot3_node:/home/takuto/turtlebot3_ws/install/turtlebot3_navigation2:/home/takuto/turtlebot3_ws/install/turtlebot3_gazebo:/home/takuto/turtlebot3_ws/install/turtlebot3_fake_node:/home/takuto/turtlebot3_ws/install/turtlebot3_description:/home/takuto/turtlebot3_ws/install/turtlebot3_cartographer:/home/takuto/scout_ws/install/cmd_vel_joy:/home/takuto/scout_ws/src/install/cmd_vel_joy:/home/takuto/turtlebot3_ws/install/turtlebot3_teleop:/home/takuto/turtlebot3_ws/install/turtlebot3_example:/home/takuto/turtlebot3_ws/install/cmd_vel_joy:/opt/ros/humble:/home/takuto/turtlebot3_ws/install/realsense_gazebo_plugin:/home/takuto/turtlebot3_ws/install/realsense2_description:/home/takuto/turtlebot3_ws/install/realsense2_camera:/home/takuto/turtlebot3_ws/install/realsense2_camera_msgs:/home/takuto/turtlebot3_ws/install/dynamixel_sdk_examples:/home/takuto/turtlebot3_ws/install/dynamixel_sdk_custom_interfaces:/home/takuto/turtlebot3_ws/install/dynamixel_sdk /usr/bin/cmake --install /home/takuto/scout_ws/build/hesai_description
[1.219s] Level 1:colcon.colcon_core.environment:create_environment_scripts_only(hesai_description)
[1.220s] DEBUG:colcon.colcon_core.event_handler.log_command:Invoked command in '/home/takuto/scout_ws/build/hesai_description' returned '0': CMAKE_PREFIX_PATH=/home/takuto/scout_ws/install/scout_gazebo:/home/takuto/scout_ws/install/roughness_cul:/home/takuto/scout_ws/install/hesai_ros_driver:/home/takuto/scout_ws/install/hesai_description:/home/takuto/mecanumrover_ws/install/vs_rover_options_description:/home/takuto/mecanumrover_ws/install/mecanumrover_gazebo:/home/takuto/mecanumrover_ws/install/mecanumrover3:/home/takuto/mecanumrover_ws/install/mecanumrover_description:/home/takuto/mecanumrover_ws/install/mecanumrover3_bringup:/home/takuto/uros_ws/install/micro_ros_setup:/home/takuto/uros_ws/install/micro_ros_agent:/home/takuto/uros_ws/install/micro_ros_msgs:/home/takuto/scout_ws/src/install/scout_gazebo:/home/takuto/scout_ws/src/install/hesai_ros_driver:/home/takuto/turtlebot3_ws/install/turtlebot3:/home/takuto/turtlebot3_ws/install/turtlebot3_simulations:/home/takuto/turtlebot3_ws/install/turtlebot3_bringup:/home/takuto/turtlebot3_ws/install/turtlebot3_node:/home/takuto/turtlebot3_ws/install/turtlebot3_navigation2:/home/takuto/turtlebot3_ws/install/turtlebot3_gazebo:/home/takuto/turtlebot3_ws/install/turtlebot3_fake_node:/home/takuto/turtlebot3_ws/install/turtlebot3_description:/home/takuto/turtlebot3_ws/install/turtlebot3_cartographer:/home/takuto/scout_ws/install/cmd_vel_joy:/home/takuto/scout_ws/src/install/cmd_vel_joy:/home/takuto/turtlebot3_ws/install/turtlebot3_teleop:/home/takuto/turtlebot3_ws/install/turtlebot3_example:/home/takuto/turtlebot3_ws/install/cmd_vel_joy:/opt/ros/humble:/home/takuto/turtlebot3_ws/install/realsense_gazebo_plugin:/home/takuto/turtlebot3_ws/install/realsense2_description:/home/takuto/turtlebot3_ws/install/realsense2_camera:/home/takuto/turtlebot3_ws/install/realsense2_camera_msgs:/home/takuto/turtlebot3_ws/install/dynamixel_sdk_examples:/home/takuto/turtlebot3_ws/install/dynamixel_sdk_custom_interfaces:/home/takuto/turtlebot3_ws/install/dynamixel_sdk /usr/bin/cmake --install /home/takuto/scout_ws/build/hesai_description
[1.222s] Level 1:colcon.colcon_core.environment:checking '/home/takuto/scout_ws/install/hesai_description' for CMake module files
[1.222s] Level 1:colcon.colcon_core.environment:checking '/home/takuto/scout_ws/install/hesai_description' for CMake config files
[1.222s] Level 1:colcon.colcon_core.shell:create_environment_hook('hesai_description', 'cmake_prefix_path')
[1.222s] INFO:colcon.colcon_core.shell:Creating environment hook '/home/takuto/scout_ws/install/hesai_description/share/hesai_description/hook/cmake_prefix_path.ps1'
[1.223s] INFO:colcon.colcon_core.shell:Creating environment descriptor '/home/takuto/scout_ws/install/hesai_description/share/hesai_description/hook/cmake_prefix_path.dsv'
[1.223s] INFO:colcon.colcon_core.shell:Creating environment hook '/home/takuto/scout_ws/install/hesai_description/share/hesai_description/hook/cmake_prefix_path.sh'
[1.223s] Level 1:colcon.colcon_core.environment:checking '/home/takuto/scout_ws/install/hesai_description/bin'
[1.223s] Level 1:colcon.colcon_core.environment:checking '/home/takuto/scout_ws/install/hesai_description/lib/pkgconfig/hesai_description.pc'
[1.224s] Level 1:colcon.colcon_core.environment:checking '/home/takuto/scout_ws/install/hesai_description/lib/python3.10/site-packages'
[1.224s] Level 1:colcon.colcon_core.environment:checking '/home/takuto/scout_ws/install/hesai_description/bin'
[1.224s] INFO:colcon.colcon_core.shell:Creating package script '/home/takuto/scout_ws/install/hesai_description/share/hesai_description/package.ps1'
[1.224s] INFO:colcon.colcon_core.shell:Creating package descriptor '/home/takuto/scout_ws/install/hesai_description/share/hesai_description/package.dsv'
[1.225s] INFO:colcon.colcon_core.shell:Creating package script '/home/takuto/scout_ws/install/hesai_description/share/hesai_description/package.sh'
[1.225s] INFO:colcon.colcon_core.shell:Creating package script '/home/takuto/scout_ws/install/hesai_description/share/hesai_description/package.bash'
[1.226s] INFO:colcon.colcon_core.shell:Creating package script '/home/takuto/scout_ws/install/hesai_description/share/hesai_description/package.zsh'
[1.229s] Level 1:colcon.colcon_core.environment:create_file_with_runtime_dependencies(/home/takuto/scout_ws/install/hesai_description/share/colcon-core/packages/hesai_description)
[1.229s] Level 1:colcon.colcon_core.environment:create_environment_scripts_only(hesai_description)
[1.229s] Level 1:colcon.colcon_core.environment:checking '/home/takuto/scout_ws/install/hesai_description' for CMake module files
[1.230s] Level 1:colcon.colcon_core.environment:checking '/home/takuto/scout_ws/install/hesai_description' for CMake config files
[1.230s] Level 1:colcon.colcon_core.shell:create_environment_hook('hesai_description', 'cmake_prefix_path')
[1.230s] INFO:colcon.colcon_core.shell:Creating environment hook '/home/takuto/scout_ws/install/hesai_description/share/hesai_description/hook/cmake_prefix_path.ps1'
[1.230s] INFO:colcon.colcon_core.shell:Creating environment descriptor '/home/takuto/scout_ws/install/hesai_description/share/hesai_description/hook/cmake_prefix_path.dsv'
[1.230s] INFO:colcon.colcon_core.shell:Creating environment hook '/home/takuto/scout_ws/install/hesai_description/share/hesai_description/hook/cmake_prefix_path.sh'
[1.231s] Level 1:colcon.colcon_core.environment:checking '/home/takuto/scout_ws/install/hesai_description/bin'
[1.231s] Level 1:colcon.colcon_core.environment:checking '/home/takuto/scout_ws/install/hesai_description/lib/pkgconfig/hesai_description.pc'
[1.231s] Level 1:colcon.colcon_core.environment:checking '/home/takuto/scout_ws/install/hesai_description/lib/python3.10/site-packages'
[1.231s] Level 1:colcon.colcon_core.environment:checking '/home/takuto/scout_ws/install/hesai_description/bin'
[1.232s] INFO:colcon.colcon_core.shell:Creating package script '/home/takuto/scout_ws/install/hesai_description/share/hesai_description/package.ps1'
[1.232s] INFO:colcon.colcon_core.shell:Creating package descriptor '/home/takuto/scout_ws/install/hesai_description/share/hesai_description/package.dsv'
[1.232s] INFO:colcon.colcon_core.shell:Creating package script '/home/takuto/scout_ws/install/hesai_description/share/hesai_description/package.sh'
[1.232s] INFO:colcon.colcon_core.shell:Creating package script '/home/takuto/scout_ws/install/hesai_description/share/hesai_description/package.bash'
[1.234s] INFO:colcon.colcon_core.shell:Creating package script '/home/takuto/scout_ws/install/hesai_description/share/hesai_description/package.zsh'
[1.234s] Level 1:colcon.colcon_core.environment:create_file_with_runtime_dependencies(/home/takuto/scout_ws/install/hesai_description/share/colcon-core/packages/hesai_description)
[1.250s] DEBUG:colcon.colcon_core.event_handler.log_command:Invoked command in '/home/takuto/scout_ws/build/scout_gazebo' returned '0': CMAKE_PREFIX_PATH=/home/takuto/scout_ws/install/scout_gazebo:/home/takuto/scout_ws/install/roughness_cul:/home/takuto/scout_ws/install/hesai_ros_driver:/home/takuto/scout_ws/install/hesai_description:/home/takuto/mecanumrover_ws/install/vs_rover_options_description:/home/takuto/mecanumrover_ws/install/mecanumrover_gazebo:/home/takuto/mecanumrover_ws/install/mecanumrover3:/home/takuto/mecanumrover_ws/install/mecanumrover_description:/home/takuto/mecanumrover_ws/install/mecanumrover3_bringup:/home/takuto/uros_ws/install/micro_ros_setup:/home/takuto/uros_ws/install/micro_ros_agent:/home/takuto/uros_ws/install/micro_ros_msgs:/home/takuto/scout_ws/src/install/scout_gazebo:/home/takuto/scout_ws/src/install/hesai_ros_driver:/home/takuto/turtlebot3_ws/install/turtlebot3:/home/takuto/turtlebot3_ws/install/turtlebot3_simulations:/home/takuto/turtlebot3_ws/install/turtlebot3_bringup:/home/takuto/turtlebot3_ws/install/turtlebot3_node:/home/takuto/turtlebot3_ws/install/turtlebot3_navigation2:/home/takuto/turtlebot3_ws/install/turtlebot3_gazebo:/home/takuto/turtlebot3_ws/install/turtlebot3_fake_node:/home/takuto/turtlebot3_ws/install/turtlebot3_description:/home/takuto/turtlebot3_ws/install/turtlebot3_cartographer:/home/takuto/scout_ws/install/cmd_vel_joy:/home/takuto/scout_ws/src/install/cmd_vel_joy:/home/takuto/turtlebot3_ws/install/turtlebot3_teleop:/home/takuto/turtlebot3_ws/install/turtlebot3_example:/home/takuto/turtlebot3_ws/install/cmd_vel_joy:/opt/ros/humble:/home/takuto/turtlebot3_ws/install/realsense_gazebo_plugin:/home/takuto/turtlebot3_ws/install/realsense2_description:/home/takuto/turtlebot3_ws/install/realsense2_camera:/home/takuto/turtlebot3_ws/install/realsense2_camera_msgs:/home/takuto/turtlebot3_ws/install/dynamixel_sdk_examples:/home/takuto/turtlebot3_ws/install/dynamixel_sdk_custom_interfaces:/home/takuto/turtlebot3_ws/install/dynamixel_sdk /usr/bin/cmake /home/takuto/scout_ws/src/scout_gazebo -DAMENT_CMAKE_SYMLINK_INSTALL=1 -DCMAKE_INSTALL_PREFIX=/home/takuto/scout_ws/install/scout_gazebo
[1.251s] DEBUG:colcon.colcon_core.event_handler.log_command:Invoking command in '/home/takuto/scout_ws/build/scout_gazebo': CMAKE_PREFIX_PATH=/home/takuto/scout_ws/install/scout_gazebo:/home/takuto/scout_ws/install/roughness_cul:/home/takuto/scout_ws/install/hesai_ros_driver:/home/takuto/scout_ws/install/hesai_description:/home/takuto/mecanumrover_ws/install/vs_rover_options_description:/home/takuto/mecanumrover_ws/install/mecanumrover_gazebo:/home/takuto/mecanumrover_ws/install/mecanumrover3:/home/takuto/mecanumrover_ws/install/mecanumrover_description:/home/takuto/mecanumrover_ws/install/mecanumrover3_bringup:/home/takuto/uros_ws/install/micro_ros_setup:/home/takuto/uros_ws/install/micro_ros_agent:/home/takuto/uros_ws/install/micro_ros_msgs:/home/takuto/scout_ws/src/install/scout_gazebo:/home/takuto/scout_ws/src/install/hesai_ros_driver:/home/takuto/turtlebot3_ws/install/turtlebot3:/home/takuto/turtlebot3_ws/install/turtlebot3_simulations:/home/takuto/turtlebot3_ws/install/turtlebot3_bringup:/home/takuto/turtlebot3_ws/install/turtlebot3_node:/home/takuto/turtlebot3_ws/install/turtlebot3_navigation2:/home/takuto/turtlebot3_ws/install/turtlebot3_gazebo:/home/takuto/turtlebot3_ws/install/turtlebot3_fake_node:/home/takuto/turtlebot3_ws/install/turtlebot3_description:/home/takuto/turtlebot3_ws/install/turtlebot3_cartographer:/home/takuto/scout_ws/install/cmd_vel_joy:/home/takuto/scout_ws/src/install/cmd_vel_joy:/home/takuto/turtlebot3_ws/install/turtlebot3_teleop:/home/takuto/turtlebot3_ws/install/turtlebot3_example:/home/takuto/turtlebot3_ws/install/cmd_vel_joy:/opt/ros/humble:/home/takuto/turtlebot3_ws/install/realsense_gazebo_plugin:/home/takuto/turtlebot3_ws/install/realsense2_description:/home/takuto/turtlebot3_ws/install/realsense2_camera:/home/takuto/turtlebot3_ws/install/realsense2_camera_msgs:/home/takuto/turtlebot3_ws/install/dynamixel_sdk_examples:/home/takuto/turtlebot3_ws/install/dynamixel_sdk_custom_interfaces:/home/takuto/turtlebot3_ws/install/dynamixel_sdk /usr/bin/cmake --build /home/takuto/scout_ws/build/scout_gazebo -- -j16 -l16
[1.292s] DEBUG:colcon.colcon_core.event_handler.log_command:Invoked command in '/home/takuto/scout_ws/build/scout_gazebo' returned '0': CMAKE_PREFIX_PATH=/home/takuto/scout_ws/install/scout_gazebo:/home/takuto/scout_ws/install/roughness_cul:/home/takuto/scout_ws/install/hesai_ros_driver:/home/takuto/scout_ws/install/hesai_description:/home/takuto/mecanumrover_ws/install/vs_rover_options_description:/home/takuto/mecanumrover_ws/install/mecanumrover_gazebo:/home/takuto/mecanumrover_ws/install/mecanumrover3:/home/takuto/mecanumrover_ws/install/mecanumrover_description:/home/takuto/mecanumrover_ws/install/mecanumrover3_bringup:/home/takuto/uros_ws/install/micro_ros_setup:/home/takuto/uros_ws/install/micro_ros_agent:/home/takuto/uros_ws/install/micro_ros_msgs:/home/takuto/scout_ws/src/install/scout_gazebo:/home/takuto/scout_ws/src/install/hesai_ros_driver:/home/takuto/turtlebot3_ws/install/turtlebot3:/home/takuto/turtlebot3_ws/install/turtlebot3_simulations:/home/takuto/turtlebot3_ws/install/turtlebot3_bringup:/home/takuto/turtlebot3_ws/install/turtlebot3_node:/home/takuto/turtlebot3_ws/install/turtlebot3_navigation2:/home/takuto/turtlebot3_ws/install/turtlebot3_gazebo:/home/takuto/turtlebot3_ws/install/turtlebot3_fake_node:/home/takuto/turtlebot3_ws/install/turtlebot3_description:/home/takuto/turtlebot3_ws/install/turtlebot3_cartographer:/home/takuto/scout_ws/install/cmd_vel_joy:/home/takuto/scout_ws/src/install/cmd_vel_joy:/home/takuto/turtlebot3_ws/install/turtlebot3_teleop:/home/takuto/turtlebot3_ws/install/turtlebot3_example:/home/takuto/turtlebot3_ws/install/cmd_vel_joy:/opt/ros/humble:/home/takuto/turtlebot3_ws/install/realsense_gazebo_plugin:/home/takuto/turtlebot3_ws/install/realsense2_description:/home/takuto/turtlebot3_ws/install/realsense2_camera:/home/takuto/turtlebot3_ws/install/realsense2_camera_msgs:/home/takuto/turtlebot3_ws/install/dynamixel_sdk_examples:/home/takuto/turtlebot3_ws/install/dynamixel_sdk_custom_interfaces:/home/takuto/turtlebot3_ws/install/dynamixel_sdk /usr/bin/cmake --build /home/takuto/scout_ws/build/scout_gazebo -- -j16 -l16
[1.293s] DEBUG:colcon.colcon_core.event_handler.log_command:Invoking command in '/home/takuto/scout_ws/build/scout_gazebo': CMAKE_PREFIX_PATH=/home/takuto/scout_ws/install/scout_gazebo:/home/takuto/scout_ws/install/roughness_cul:/home/takuto/scout_ws/install/hesai_ros_driver:/home/takuto/scout_ws/install/hesai_description:/home/takuto/mecanumrover_ws/install/vs_rover_options_description:/home/takuto/mecanumrover_ws/install/mecanumrover_gazebo:/home/takuto/mecanumrover_ws/install/mecanumrover3:/home/takuto/mecanumrover_ws/install/mecanumrover_description:/home/takuto/mecanumrover_ws/install/mecanumrover3_bringup:/home/takuto/uros_ws/install/micro_ros_setup:/home/takuto/uros_ws/install/micro_ros_agent:/home/takuto/uros_ws/install/micro_ros_msgs:/home/takuto/scout_ws/src/install/scout_gazebo:/home/takuto/scout_ws/src/install/hesai_ros_driver:/home/takuto/turtlebot3_ws/install/turtlebot3:/home/takuto/turtlebot3_ws/install/turtlebot3_simulations:/home/takuto/turtlebot3_ws/install/turtlebot3_bringup:/home/takuto/turtlebot3_ws/install/turtlebot3_node:/home/takuto/turtlebot3_ws/install/turtlebot3_navigation2:/home/takuto/turtlebot3_ws/install/turtlebot3_gazebo:/home/takuto/turtlebot3_ws/install/turtlebot3_fake_node:/home/takuto/turtlebot3_ws/install/turtlebot3_description:/home/takuto/turtlebot3_ws/install/turtlebot3_cartographer:/home/takuto/scout_ws/install/cmd_vel_joy:/home/takuto/scout_ws/src/install/cmd_vel_joy:/home/takuto/turtlebot3_ws/install/turtlebot3_teleop:/home/takuto/turtlebot3_ws/install/turtlebot3_example:/home/takuto/turtlebot3_ws/install/cmd_vel_joy:/opt/ros/humble:/home/takuto/turtlebot3_ws/install/realsense_gazebo_plugin:/home/takuto/turtlebot3_ws/install/realsense2_description:/home/takuto/turtlebot3_ws/install/realsense2_camera:/home/takuto/turtlebot3_ws/install/realsense2_camera_msgs:/home/takuto/turtlebot3_ws/install/dynamixel_sdk_examples:/home/takuto/turtlebot3_ws/install/dynamixel_sdk_custom_interfaces:/home/takuto/turtlebot3_ws/install/dynamixel_sdk /usr/bin/cmake --install /home/takuto/scout_ws/build/scout_gazebo
[1.321s] Level 1:colcon.colcon_core.environment:create_environment_scripts_only(scout_gazebo)
[1.322s] Level 1:colcon.colcon_core.environment:checking '/home/takuto/scout_ws/install/scout_gazebo' for CMake module files
[1.322s] DEBUG:colcon.colcon_core.event_handler.log_command:Invoked command in '/home/takuto/scout_ws/build/scout_gazebo' returned '0': CMAKE_PREFIX_PATH=/home/takuto/scout_ws/install/scout_gazebo:/home/takuto/scout_ws/install/roughness_cul:/home/takuto/scout_ws/install/hesai_ros_driver:/home/takuto/scout_ws/install/hesai_description:/home/takuto/mecanumrover_ws/install/vs_rover_options_description:/home/takuto/mecanumrover_ws/install/mecanumrover_gazebo:/home/takuto/mecanumrover_ws/install/mecanumrover3:/home/takuto/mecanumrover_ws/install/mecanumrover_description:/home/takuto/mecanumrover_ws/install/mecanumrover3_bringup:/home/takuto/uros_ws/install/micro_ros_setup:/home/takuto/uros_ws/install/micro_ros_agent:/home/takuto/uros_ws/install/micro_ros_msgs:/home/takuto/scout_ws/src/install/scout_gazebo:/home/takuto/scout_ws/src/install/hesai_ros_driver:/home/takuto/turtlebot3_ws/install/turtlebot3:/home/takuto/turtlebot3_ws/install/turtlebot3_simulations:/home/takuto/turtlebot3_ws/install/turtlebot3_bringup:/home/takuto/turtlebot3_ws/install/turtlebot3_node:/home/takuto/turtlebot3_ws/install/turtlebot3_navigation2:/home/takuto/turtlebot3_ws/install/turtlebot3_gazebo:/home/takuto/turtlebot3_ws/install/turtlebot3_fake_node:/home/takuto/turtlebot3_ws/install/turtlebot3_description:/home/takuto/turtlebot3_ws/install/turtlebot3_cartographer:/home/takuto/scout_ws/install/cmd_vel_joy:/home/takuto/scout_ws/src/install/cmd_vel_joy:/home/takuto/turtlebot3_ws/install/turtlebot3_teleop:/home/takuto/turtlebot3_ws/install/turtlebot3_example:/home/takuto/turtlebot3_ws/install/cmd_vel_joy:/opt/ros/humble:/home/takuto/turtlebot3_ws/install/realsense_gazebo_plugin:/home/takuto/turtlebot3_ws/install/realsense2_description:/home/takuto/turtlebot3_ws/install/realsense2_camera:/home/takuto/turtlebot3_ws/install/realsense2_camera_msgs:/home/takuto/turtlebot3_ws/install/dynamixel_sdk_examples:/home/takuto/turtlebot3_ws/install/dynamixel_sdk_custom_interfaces:/home/takuto/turtlebot3_ws/install/dynamixel_sdk /usr/bin/cmake --install /home/takuto/scout_ws/build/scout_gazebo
[1.323s] Level 1:colcon.colcon_core.environment:checking '/home/takuto/scout_ws/install/scout_gazebo' for CMake config files
[1.323s] Level 1:colcon.colcon_core.shell:create_environment_hook('scout_gazebo', 'cmake_prefix_path')
[1.323s] INFO:colcon.colcon_core.shell:Creating environment hook '/home/takuto/scout_ws/install/scout_gazebo/share/scout_gazebo/hook/cmake_prefix_path.ps1'
[1.324s] INFO:colcon.colcon_core.shell:Creating environment descriptor '/home/takuto/scout_ws/install/scout_gazebo/share/scout_gazebo/hook/cmake_prefix_path.dsv'
[1.324s] INFO:colcon.colcon_core.shell:Creating environment hook '/home/takuto/scout_ws/install/scout_gazebo/share/scout_gazebo/hook/cmake_prefix_path.sh'
[1.325s] Level 1:colcon.colcon_core.environment:checking '/home/takuto/scout_ws/install/scout_gazebo/bin'
[1.325s] Level 1:colcon.colcon_core.environment:checking '/home/takuto/scout_ws/install/scout_gazebo/lib/pkgconfig/scout_gazebo.pc'
[1.325s] Level 1:colcon.colcon_core.environment:checking '/home/takuto/scout_ws/install/scout_gazebo/lib/python3.10/site-packages'
[1.325s] Level 1:colcon.colcon_core.environment:checking '/home/takuto/scout_ws/install/scout_gazebo/bin'
[1.325s] INFO:colcon.colcon_core.shell:Creating package script '/home/takuto/scout_ws/install/scout_gazebo/share/scout_gazebo/package.ps1'
[1.326s] INFO:colcon.colcon_core.shell:Creating package descriptor '/home/takuto/scout_ws/install/scout_gazebo/share/scout_gazebo/package.dsv'
[1.327s] INFO:colcon.colcon_core.shell:Creating package script '/home/takuto/scout_ws/install/scout_gazebo/share/scout_gazebo/package.sh'
[1.327s] INFO:colcon.colcon_core.shell:Creating package script '/home/takuto/scout_ws/install/scout_gazebo/share/scout_gazebo/package.bash'
[1.328s] INFO:colcon.colcon_core.shell:Creating package script '/home/takuto/scout_ws/install/scout_gazebo/share/scout_gazebo/package.zsh'
[1.328s] Level 1:colcon.colcon_core.environment:create_file_with_runtime_dependencies(/home/takuto/scout_ws/install/scout_gazebo/share/colcon-core/packages/scout_gazebo)
[1.329s] Level 1:colcon.colcon_core.environment:create_environment_scripts_only(scout_gazebo)
[1.329s] Level 1:colcon.colcon_core.environment:checking '/home/takuto/scout_ws/install/scout_gazebo' for CMake module files
[1.330s] Level 1:colcon.colcon_core.environment:checking '/home/takuto/scout_ws/install/scout_gazebo' for CMake config files
[1.330s] Level 1:colcon.colcon_core.shell:create_environment_hook('scout_gazebo', 'cmake_prefix_path')
[1.331s] INFO:colcon.colcon_core.shell:Creating environment hook '/home/takuto/scout_ws/install/scout_gazebo/share/scout_gazebo/hook/cmake_prefix_path.ps1'
[1.331s] INFO:colcon.colcon_core.shell:Creating environment descriptor '/home/takuto/scout_ws/install/scout_gazebo/share/scout_gazebo/hook/cmake_prefix_path.dsv'
[1.332s] INFO:colcon.colcon_core.shell:Creating environment hook '/home/takuto/scout_ws/install/scout_gazebo/share/scout_gazebo/hook/cmake_prefix_path.sh'
[1.333s] Level 1:colcon.colcon_core.environment:checking '/home/takuto/scout_ws/install/scout_gazebo/bin'
[1.333s] Level 1:colcon.colcon_core.environment:checking '/home/takuto/scout_ws/install/scout_gazebo/lib/pkgconfig/scout_gazebo.pc'
[1.333s] Level 1:colcon.colcon_core.environment:checking '/home/takuto/scout_ws/install/scout_gazebo/lib/python3.10/site-packages'
[1.333s] Level 1:colcon.colcon_core.environment:checking '/home/takuto/scout_ws/install/scout_gazebo/bin'
[1.334s] INFO:colcon.colcon_core.shell:Creating package script '/home/takuto/scout_ws/install/scout_gazebo/share/scout_gazebo/package.ps1'
[1.334s] INFO:colcon.colcon_core.shell:Creating package descriptor '/home/takuto/scout_ws/install/scout_gazebo/share/scout_gazebo/package.dsv'
[1.335s] INFO:colcon.colcon_core.shell:Creating package script '/home/takuto/scout_ws/install/scout_gazebo/share/scout_gazebo/package.sh'
[1.336s] INFO:colcon.colcon_core.shell:Creating package script '/home/takuto/scout_ws/install/scout_gazebo/share/scout_gazebo/package.bash'
[1.336s] INFO:colcon.colcon_core.shell:Creating package script '/home/takuto/scout_ws/install/scout_gazebo/share/scout_gazebo/package.zsh'
[1.337s] Level 1:colcon.colcon_core.environment:create_file_with_runtime_dependencies(/home/takuto/scout_ws/install/scout_gazebo/share/colcon-core/packages/scout_gazebo)
[1.382s] DEBUG:colcon.colcon_core.task.python.build:While undoing a previous installation files outside the Python library path are being ignored: /home/takuto/scout_ws/install/cmd_vel_joy/share/ament_index/resource_index/packages/cmd_vel_joy
[1.382s] DEBUG:colcon.colcon_core.task.python.build:While undoing a previous installation files outside the Python library path are being ignored: /home/takuto/scout_ws/install/cmd_vel_joy/share/cmd_vel_joy/package.xml
[1.383s] DEBUG:colcon.colcon_core.task.python.build:While undoing a previous installation files outside the Python library path are being ignored: /home/takuto/scout_ws/install/cmd_vel_joy/lib/cmd_vel_joy/joy_cmd
[1.386s] DEBUG:colcon.colcon_core.event_handler.log_command:Invoking command in '/home/takuto/scout_ws/build/cmd_vel_joy': PYTHONPATH=/home/takuto/scout_ws/build/cmd_vel_joy/prefix_override:/usr/lib/python3/dist-packages/colcon_core/task/python/colcon_distutils_commands:/home/takuto/scout_ws/install/cmd_vel_joy/lib/python3.10/site-packages:${PYTHONPATH} /usr/bin/python3 -W ignore:setup.py install is deprecated -W ignore:easy_install command is deprecated setup.py develop --editable --build-directory /home/takuto/scout_ws/build/cmd_vel_joy/build --no-deps symlink_data --force
[1.388s] DEBUG:colcon.colcon_core.task.python.build:While undoing a previous installation files outside the Python library path are being ignored: /home/takuto/scout_ws/install/roughness_cul/share/ament_index/resource_index/packages/roughness_cul
[1.388s] DEBUG:colcon.colcon_core.task.python.build:While undoing a previous installation files outside the Python library path are being ignored: /home/takuto/scout_ws/install/roughness_cul/share/roughness_cul/package.xml
[1.389s] DEBUG:colcon.colcon_core.task.python.build:While undoing a previous installation files outside the Python library path are being ignored: /home/takuto/scout_ws/install/roughness_cul/lib/roughness_cul/roughness_cul
[1.392s] DEBUG:colcon.colcon_core.event_handler.log_command:Invoking command in '/home/takuto/scout_ws/build/roughness_cul': PYTHONPATH=/home/takuto/scout_ws/build/roughness_cul/prefix_override:/usr/lib/python3/dist-packages/colcon_core/task/python/colcon_distutils_commands:/home/takuto/scout_ws/install/roughness_cul/lib/python3.10/site-packages:${PYTHONPATH} /usr/bin/python3 -W ignore:setup.py install is deprecated -W ignore:easy_install command is deprecated setup.py develop --editable --build-directory /home/takuto/scout_ws/build/roughness_cul/build --no-deps symlink_data --force
[1.866s] Level 1:colcon.colcon_core.shell:create_environment_hook('roughness_cul', 'pythonpath_develop')
[1.867s] INFO:colcon.colcon_core.shell:Creating environment hook '/home/takuto/scout_ws/build/roughness_cul/share/roughness_cul/hook/pythonpath_develop.ps1'
[1.867s] DEBUG:colcon.colcon_core.event_handler.log_command:Invoked command in '/home/takuto/scout_ws/build/roughness_cul' returned '0': PYTHONPATH=/home/takuto/scout_ws/build/roughness_cul/prefix_override:/usr/lib/python3/dist-packages/colcon_core/task/python/colcon_distutils_commands:/home/takuto/scout_ws/install/roughness_cul/lib/python3.10/site-packages:${PYTHONPATH} /usr/bin/python3 -W ignore:setup.py install is deprecated -W ignore:easy_install command is deprecated setup.py develop --editable --build-directory /home/takuto/scout_ws/build/roughness_cul/build --no-deps symlink_data --force
[1.868s] INFO:colcon.colcon_core.shell:Creating environment descriptor '/home/takuto/scout_ws/build/roughness_cul/share/roughness_cul/hook/pythonpath_develop.dsv'
[1.868s] INFO:colcon.colcon_core.shell:Creating environment hook '/home/takuto/scout_ws/build/roughness_cul/share/roughness_cul/hook/pythonpath_develop.sh'
[1.869s] Level 1:colcon.colcon_core.environment:checking '/home/takuto/scout_ws/install/roughness_cul' for CMake module files
[1.869s] Level 1:colcon.colcon_core.environment:checking '/home/takuto/scout_ws/install/roughness_cul' for CMake config files
[1.869s] Level 1:colcon.colcon_core.shell:create_environment_hook('roughness_cul', 'cmake_prefix_path')
[1.870s] INFO:colcon.colcon_core.shell:Creating environment hook '/home/takuto/scout_ws/install/roughness_cul/share/roughness_cul/hook/cmake_prefix_path.ps1'
[1.870s] INFO:colcon.colcon_core.shell:Creating environment descriptor '/home/takuto/scout_ws/install/roughness_cul/share/roughness_cul/hook/cmake_prefix_path.dsv'
[1.871s] INFO:colcon.colcon_core.shell:Creating environment hook '/home/takuto/scout_ws/install/roughness_cul/share/roughness_cul/hook/cmake_prefix_path.sh'
[1.873s] Level 1:colcon.colcon_core.environment:checking '/home/takuto/scout_ws/install/roughness_cul/lib'
[1.873s] Level 1:colcon.colcon_core.shell:create_environment_hook('roughness_cul', 'ld_library_path_lib')
[1.874s] INFO:colcon.colcon_core.shell:Creating environment hook '/home/takuto/scout_ws/install/roughness_cul/share/roughness_cul/hook/ld_library_path_lib.ps1'
[1.874s] INFO:colcon.colcon_core.shell:Creating environment descriptor '/home/takuto/scout_ws/install/roughness_cul/share/roughness_cul/hook/ld_library_path_lib.dsv'
[1.875s] INFO:colcon.colcon_core.shell:Creating environment hook '/home/takuto/scout_ws/install/roughness_cul/share/roughness_cul/hook/ld_library_path_lib.sh'
[1.875s] Level 1:colcon.colcon_core.environment:checking '/home/takuto/scout_ws/install/roughness_cul/bin'
[1.875s] Level 1:colcon.colcon_core.environment:checking '/home/takuto/scout_ws/install/roughness_cul/lib/pkgconfig/roughness_cul.pc'
[1.875s] Level 1:colcon.colcon_core.environment:checking '/home/takuto/scout_ws/install/roughness_cul/lib/python3.10/site-packages'
[1.875s] Level 1:colcon.colcon_core.shell:create_environment_hook('roughness_cul', 'pythonpath')
[1.876s] INFO:colcon.colcon_core.shell:Creating environment hook '/home/takuto/scout_ws/install/roughness_cul/share/roughness_cul/hook/pythonpath.ps1'
[1.876s] INFO:colcon.colcon_core.shell:Creating environment descriptor '/home/takuto/scout_ws/install/roughness_cul/share/roughness_cul/hook/pythonpath.dsv'
[1.876s] INFO:colcon.colcon_core.shell:Creating environment hook '/home/takuto/scout_ws/install/roughness_cul/share/roughness_cul/hook/pythonpath.sh'
[1.877s] Level 1:colcon.colcon_core.environment:checking '/home/takuto/scout_ws/install/roughness_cul/bin'
[1.877s] Level 1:colcon.colcon_core.environment:create_environment_scripts_only(roughness_cul)
[1.877s] INFO:colcon.colcon_core.shell:Creating package script '/home/takuto/scout_ws/install/roughness_cul/share/roughness_cul/package.ps1'
[1.878s] INFO:colcon.colcon_core.shell:Creating package descriptor '/home/takuto/scout_ws/install/roughness_cul/share/roughness_cul/package.dsv'
[1.878s] INFO:colcon.colcon_core.shell:Creating package script '/home/takuto/scout_ws/install/roughness_cul/share/roughness_cul/package.sh'
[1.879s] INFO:colcon.colcon_core.shell:Creating package script '/home/takuto/scout_ws/install/roughness_cul/share/roughness_cul/package.bash'
[1.879s] INFO:colcon.colcon_core.shell:Creating package script '/home/takuto/scout_ws/install/roughness_cul/share/roughness_cul/package.zsh'
[1.880s] Level 1:colcon.colcon_core.environment:create_file_with_runtime_dependencies(/home/takuto/scout_ws/install/roughness_cul/share/colcon-core/packages/roughness_cul)
[1.901s] Level 1:colcon.colcon_core.shell:create_environment_hook('cmd_vel_joy', 'pythonpath_develop')
[1.901s] INFO:colcon.colcon_core.shell:Creating environment hook '/home/takuto/scout_ws/build/cmd_vel_joy/share/cmd_vel_joy/hook/pythonpath_develop.ps1'
[1.902s] DEBUG:colcon.colcon_core.event_handler.log_command:Invoked command in '/home/takuto/scout_ws/build/cmd_vel_joy' returned '0': PYTHONPATH=/home/takuto/scout_ws/build/cmd_vel_joy/prefix_override:/usr/lib/python3/dist-packages/colcon_core/task/python/colcon_distutils_commands:/home/takuto/scout_ws/install/cmd_vel_joy/lib/python3.10/site-packages:${PYTHONPATH} /usr/bin/python3 -W ignore:setup.py install is deprecated -W ignore:easy_install command is deprecated setup.py develop --editable --build-directory /home/takuto/scout_ws/build/cmd_vel_joy/build --no-deps symlink_data --force
[1.903s] INFO:colcon.colcon_core.shell:Creating environment descriptor '/home/takuto/scout_ws/build/cmd_vel_joy/share/cmd_vel_joy/hook/pythonpath_develop.dsv'
[1.903s] INFO:colcon.colcon_core.shell:Creating environment hook '/home/takuto/scout_ws/build/cmd_vel_joy/share/cmd_vel_joy/hook/pythonpath_develop.sh'
[1.904s] Level 1:colcon.colcon_core.environment:checking '/home/takuto/scout_ws/install/cmd_vel_joy' for CMake module files
[1.904s] Level 1:colcon.colcon_core.environment:checking '/home/takuto/scout_ws/install/cmd_vel_joy' for CMake config files
[1.905s] Level 1:colcon.colcon_core.environment:checking '/home/takuto/scout_ws/install/cmd_vel_joy/lib'
[1.905s] Level 1:colcon.colcon_core.environment:checking '/home/takuto/scout_ws/install/cmd_vel_joy/bin'
[1.905s] Level 1:colcon.colcon_core.environment:checking '/home/takuto/scout_ws/install/cmd_vel_joy/lib/pkgconfig/cmd_vel_joy.pc'
[1.905s] Level 1:colcon.colcon_core.environment:checking '/home/takuto/scout_ws/install/cmd_vel_joy/lib/python3.10/site-packages'
[1.905s] Level 1:colcon.colcon_core.shell:create_environment_hook('cmd_vel_joy', 'pythonpath')
[1.905s] INFO:colcon.colcon_core.shell:Creating environment hook '/home/takuto/scout_ws/install/cmd_vel_joy/share/cmd_vel_joy/hook/pythonpath.ps1'
[1.906s] INFO:colcon.colcon_core.shell:Creating environment descriptor '/home/takuto/scout_ws/install/cmd_vel_joy/share/cmd_vel_joy/hook/pythonpath.dsv'
[1.906s] INFO:colcon.colcon_core.shell:Creating environment hook '/home/takuto/scout_ws/install/cmd_vel_joy/share/cmd_vel_joy/hook/pythonpath.sh'
[1.907s] Level 1:colcon.colcon_core.environment:checking '/home/takuto/scout_ws/install/cmd_vel_joy/bin'
[1.907s] Level 1:colcon.colcon_core.environment:create_environment_scripts_only(cmd_vel_joy)
[1.907s] INFO:colcon.colcon_core.shell:Creating package script '/home/takuto/scout_ws/install/cmd_vel_joy/share/cmd_vel_joy/package.ps1'
[1.907s] INFO:colcon.colcon_core.shell:Creating package descriptor '/home/takuto/scout_ws/install/cmd_vel_joy/share/cmd_vel_joy/package.dsv'
[1.908s] INFO:colcon.colcon_core.shell:Creating package script '/home/takuto/scout_ws/install/cmd_vel_joy/share/cmd_vel_joy/package.sh'
[1.908s] INFO:colcon.colcon_core.shell:Creating package script '/home/takuto/scout_ws/install/cmd_vel_joy/share/cmd_vel_joy/package.bash'
[1.908s] INFO:colcon.colcon_core.shell:Creating package script '/home/takuto/scout_ws/install/cmd_vel_joy/share/cmd_vel_joy/package.zsh'
[1.909s] Level 1:colcon.colcon_core.environment:create_file_with_runtime_dependencies(/home/takuto/scout_ws/install/cmd_vel_joy/share/colcon-core/packages/cmd_vel_joy)
[2.875s] DEBUG:colcon.colcon_core.event_handler.log_command:Invoked command in '/home/takuto/scout_ws/build/hesai_ros_driver' returned '0': CMAKE_PREFIX_PATH=/home/takuto/scout_ws/install/scout_gazebo:/home/takuto/scout_ws/install/roughness_cul:/home/takuto/scout_ws/install/hesai_ros_driver:/home/takuto/scout_ws/install/hesai_description:/home/takuto/mecanumrover_ws/install/vs_rover_options_description:/home/takuto/mecanumrover_ws/install/mecanumrover_gazebo:/home/takuto/mecanumrover_ws/install/mecanumrover3:/home/takuto/mecanumrover_ws/install/mecanumrover_description:/home/takuto/mecanumrover_ws/install/mecanumrover3_bringup:/home/takuto/uros_ws/install/micro_ros_setup:/home/takuto/uros_ws/install/micro_ros_agent:/home/takuto/uros_ws/install/micro_ros_msgs:/home/takuto/scout_ws/src/install/scout_gazebo:/home/takuto/scout_ws/src/install/hesai_ros_driver:/home/takuto/turtlebot3_ws/install/turtlebot3:/home/takuto/turtlebot3_ws/install/turtlebot3_simulations:/home/takuto/turtlebot3_ws/install/turtlebot3_bringup:/home/takuto/turtlebot3_ws/install/turtlebot3_node:/home/takuto/turtlebot3_ws/install/turtlebot3_navigation2:/home/takuto/turtlebot3_ws/install/turtlebot3_gazebo:/home/takuto/turtlebot3_ws/install/turtlebot3_fake_node:/home/takuto/turtlebot3_ws/install/turtlebot3_description:/home/takuto/turtlebot3_ws/install/turtlebot3_cartographer:/home/takuto/scout_ws/install/cmd_vel_joy:/home/takuto/scout_ws/src/install/cmd_vel_joy:/home/takuto/turtlebot3_ws/install/turtlebot3_teleop:/home/takuto/turtlebot3_ws/install/turtlebot3_example:/home/takuto/turtlebot3_ws/install/cmd_vel_joy:/opt/ros/humble:/home/takuto/turtlebot3_ws/install/realsense_gazebo_plugin:/home/takuto/turtlebot3_ws/install/realsense2_description:/home/takuto/turtlebot3_ws/install/realsense2_camera:/home/takuto/turtlebot3_ws/install/realsense2_camera_msgs:/home/takuto/turtlebot3_ws/install/dynamixel_sdk_examples:/home/takuto/turtlebot3_ws/install/dynamixel_sdk_custom_interfaces:/home/takuto/turtlebot3_ws/install/dynamixel_sdk /usr/bin/cmake /home/takuto/scout_ws/src/HesaiLidar_ROS_2.0 -DAMENT_CMAKE_SYMLINK_INSTALL=1 -DCMAKE_INSTALL_PREFIX=/home/takuto/scout_ws/install/hesai_ros_driver
[2.877s] DEBUG:colcon.colcon_core.event_handler.log_command:Invoking command in '/home/takuto/scout_ws/build/hesai_ros_driver': CMAKE_PREFIX_PATH=/home/takuto/scout_ws/install/scout_gazebo:/home/takuto/scout_ws/install/roughness_cul:/home/takuto/scout_ws/install/hesai_ros_driver:/home/takuto/scout_ws/install/hesai_description:/home/takuto/mecanumrover_ws/install/vs_rover_options_description:/home/takuto/mecanumrover_ws/install/mecanumrover_gazebo:/home/takuto/mecanumrover_ws/install/mecanumrover3:/home/takuto/mecanumrover_ws/install/mecanumrover_description:/home/takuto/mecanumrover_ws/install/mecanumrover3_bringup:/home/takuto/uros_ws/install/micro_ros_setup:/home/takuto/uros_ws/install/micro_ros_agent:/home/takuto/uros_ws/install/micro_ros_msgs:/home/takuto/scout_ws/src/install/scout_gazebo:/home/takuto/scout_ws/src/install/hesai_ros_driver:/home/takuto/turtlebot3_ws/install/turtlebot3:/home/takuto/turtlebot3_ws/install/turtlebot3_simulations:/home/takuto/turtlebot3_ws/install/turtlebot3_bringup:/home/takuto/turtlebot3_ws/install/turtlebot3_node:/home/takuto/turtlebot3_ws/install/turtlebot3_navigation2:/home/takuto/turtlebot3_ws/install/turtlebot3_gazebo:/home/takuto/turtlebot3_ws/install/turtlebot3_fake_node:/home/takuto/turtlebot3_ws/install/turtlebot3_description:/home/takuto/turtlebot3_ws/install/turtlebot3_cartographer:/home/takuto/scout_ws/install/cmd_vel_joy:/home/takuto/scout_ws/src/install/cmd_vel_joy:/home/takuto/turtlebot3_ws/install/turtlebot3_teleop:/home/takuto/turtlebot3_ws/install/turtlebot3_example:/home/takuto/turtlebot3_ws/install/cmd_vel_joy:/opt/ros/humble:/home/takuto/turtlebot3_ws/install/realsense_gazebo_plugin:/home/takuto/turtlebot3_ws/install/realsense2_description:/home/takuto/turtlebot3_ws/install/realsense2_camera:/home/takuto/turtlebot3_ws/install/realsense2_camera_msgs:/home/takuto/turtlebot3_ws/install/dynamixel_sdk_examples:/home/takuto/turtlebot3_ws/install/dynamixel_sdk_custom_interfaces:/home/takuto/turtlebot3_ws/install/dynamixel_sdk /usr/bin/cmake --build /home/takuto/scout_ws/build/hesai_ros_driver -- -j16 -l16
[3.301s] DEBUG:colcon.colcon_core.event_handler.log_command:Invoked command in '/home/takuto/scout_ws/build/hesai_ros_driver' returned '0': CMAKE_PREFIX_PATH=/home/takuto/scout_ws/install/scout_gazebo:/home/takuto/scout_ws/install/roughness_cul:/home/takuto/scout_ws/install/hesai_ros_driver:/home/takuto/scout_ws/install/hesai_description:/home/takuto/mecanumrover_ws/install/vs_rover_options_description:/home/takuto/mecanumrover_ws/install/mecanumrover_gazebo:/home/takuto/mecanumrover_ws/install/mecanumrover3:/home/takuto/mecanumrover_ws/install/mecanumrover_description:/home/takuto/mecanumrover_ws/install/mecanumrover3_bringup:/home/takuto/uros_ws/install/micro_ros_setup:/home/takuto/uros_ws/install/micro_ros_agent:/home/takuto/uros_ws/install/micro_ros_msgs:/home/takuto/scout_ws/src/install/scout_gazebo:/home/takuto/scout_ws/src/install/hesai_ros_driver:/home/takuto/turtlebot3_ws/install/turtlebot3:/home/takuto/turtlebot3_ws/install/turtlebot3_simulations:/home/takuto/turtlebot3_ws/install/turtlebot3_bringup:/home/takuto/turtlebot3_ws/install/turtlebot3_node:/home/takuto/turtlebot3_ws/install/turtlebot3_navigation2:/home/takuto/turtlebot3_ws/install/turtlebot3_gazebo:/home/takuto/turtlebot3_ws/install/turtlebot3_fake_node:/home/takuto/turtlebot3_ws/install/turtlebot3_description:/home/takuto/turtlebot3_ws/install/turtlebot3_cartographer:/home/takuto/scout_ws/install/cmd_vel_joy:/home/takuto/scout_ws/src/install/cmd_vel_joy:/home/takuto/turtlebot3_ws/install/turtlebot3_teleop:/home/takuto/turtlebot3_ws/install/turtlebot3_example:/home/takuto/turtlebot3_ws/install/cmd_vel_joy:/opt/ros/humble:/home/takuto/turtlebot3_ws/install/realsense_gazebo_plugin:/home/takuto/turtlebot3_ws/install/realsense2_description:/home/takuto/turtlebot3_ws/install/realsense2_camera:/home/takuto/turtlebot3_ws/install/realsense2_camera_msgs:/home/takuto/turtlebot3_ws/install/dynamixel_sdk_examples:/home/takuto/turtlebot3_ws/install/dynamixel_sdk_custom_interfaces:/home/takuto/turtlebot3_ws/install/dynamixel_sdk /usr/bin/cmake --build /home/takuto/scout_ws/build/hesai_ros_driver -- -j16 -l16
[3.302s] DEBUG:colcon.colcon_core.event_handler.log_command:Invoking command in '/home/takuto/scout_ws/build/hesai_ros_driver': CMAKE_PREFIX_PATH=/home/takuto/scout_ws/install/scout_gazebo:/home/takuto/scout_ws/install/roughness_cul:/home/takuto/scout_ws/install/hesai_ros_driver:/home/takuto/scout_ws/install/hesai_description:/home/takuto/mecanumrover_ws/install/vs_rover_options_description:/home/takuto/mecanumrover_ws/install/mecanumrover_gazebo:/home/takuto/mecanumrover_ws/install/mecanumrover3:/home/takuto/mecanumrover_ws/install/mecanumrover_description:/home/takuto/mecanumrover_ws/install/mecanumrover3_bringup:/home/takuto/uros_ws/install/micro_ros_setup:/home/takuto/uros_ws/install/micro_ros_agent:/home/takuto/uros_ws/install/micro_ros_msgs:/home/takuto/scout_ws/src/install/scout_gazebo:/home/takuto/scout_ws/src/install/hesai_ros_driver:/home/takuto/turtlebot3_ws/install/turtlebot3:/home/takuto/turtlebot3_ws/install/turtlebot3_simulations:/home/takuto/turtlebot3_ws/install/turtlebot3_bringup:/home/takuto/turtlebot3_ws/install/turtlebot3_node:/home/takuto/turtlebot3_ws/install/turtlebot3_navigation2:/home/takuto/turtlebot3_ws/install/turtlebot3_gazebo:/home/takuto/turtlebot3_ws/install/turtlebot3_fake_node:/home/takuto/turtlebot3_ws/install/turtlebot3_description:/home/takuto/turtlebot3_ws/install/turtlebot3_cartographer:/home/takuto/scout_ws/install/cmd_vel_joy:/home/takuto/scout_ws/src/install/cmd_vel_joy:/home/takuto/turtlebot3_ws/install/turtlebot3_teleop:/home/takuto/turtlebot3_ws/install/turtlebot3_example:/home/takuto/turtlebot3_ws/install/cmd_vel_joy:/opt/ros/humble:/home/takuto/turtlebot3_ws/install/realsense_gazebo_plugin:/home/takuto/turtlebot3_ws/install/realsense2_description:/home/takuto/turtlebot3_ws/install/realsense2_camera:/home/takuto/turtlebot3_ws/install/realsense2_camera_msgs:/home/takuto/turtlebot3_ws/install/dynamixel_sdk_examples:/home/takuto/turtlebot3_ws/install/dynamixel_sdk_custom_interfaces:/home/takuto/turtlebot3_ws/install/dynamixel_sdk /usr/bin/cmake --install /home/takuto/scout_ws/build/hesai_ros_driver
[3.383s] Level 1:colcon.colcon_core.environment:create_environment_scripts_only(hesai_ros_driver)
[3.384s] Level 1:colcon.colcon_core.environment:checking '/home/takuto/scout_ws/install/hesai_ros_driver' for CMake module files
[3.384s] DEBUG:colcon.colcon_core.event_handler.log_command:Invoked command in '/home/takuto/scout_ws/build/hesai_ros_driver' returned '0': CMAKE_PREFIX_PATH=/home/takuto/scout_ws/install/scout_gazebo:/home/takuto/scout_ws/install/roughness_cul:/home/takuto/scout_ws/install/hesai_ros_driver:/home/takuto/scout_ws/install/hesai_description:/home/takuto/mecanumrover_ws/install/vs_rover_options_description:/home/takuto/mecanumrover_ws/install/mecanumrover_gazebo:/home/takuto/mecanumrover_ws/install/mecanumrover3:/home/takuto/mecanumrover_ws/install/mecanumrover_description:/home/takuto/mecanumrover_ws/install/mecanumrover3_bringup:/home/takuto/uros_ws/install/micro_ros_setup:/home/takuto/uros_ws/install/micro_ros_agent:/home/takuto/uros_ws/install/micro_ros_msgs:/home/takuto/scout_ws/src/install/scout_gazebo:/home/takuto/scout_ws/src/install/hesai_ros_driver:/home/takuto/turtlebot3_ws/install/turtlebot3:/home/takuto/turtlebot3_ws/install/turtlebot3_simulations:/home/takuto/turtlebot3_ws/install/turtlebot3_bringup:/home/takuto/turtlebot3_ws/install/turtlebot3_node:/home/takuto/turtlebot3_ws/install/turtlebot3_navigation2:/home/takuto/turtlebot3_ws/install/turtlebot3_gazebo:/home/takuto/turtlebot3_ws/install/turtlebot3_fake_node:/home/takuto/turtlebot3_ws/install/turtlebot3_description:/home/takuto/turtlebot3_ws/install/turtlebot3_cartographer:/home/takuto/scout_ws/install/cmd_vel_joy:/home/takuto/scout_ws/src/install/cmd_vel_joy:/home/takuto/turtlebot3_ws/install/turtlebot3_teleop:/home/takuto/turtlebot3_ws/install/turtlebot3_example:/home/takuto/turtlebot3_ws/install/cmd_vel_joy:/opt/ros/humble:/home/takuto/turtlebot3_ws/install/realsense_gazebo_plugin:/home/takuto/turtlebot3_ws/install/realsense2_description:/home/takuto/turtlebot3_ws/install/realsense2_camera:/home/takuto/turtlebot3_ws/install/realsense2_camera_msgs:/home/takuto/turtlebot3_ws/install/dynamixel_sdk_examples:/home/takuto/turtlebot3_ws/install/dynamixel_sdk_custom_interfaces:/home/takuto/turtlebot3_ws/install/dynamixel_sdk /usr/bin/cmake --install /home/takuto/scout_ws/build/hesai_ros_driver
[3.385s] Level 1:colcon.colcon_core.environment:checking '/home/takuto/scout_ws/install/hesai_ros_driver' for CMake config files
[3.385s] Level 1:colcon.colcon_core.shell:create_environment_hook('hesai_ros_driver', 'cmake_prefix_path')
[3.386s] INFO:colcon.colcon_core.shell:Creating environment hook '/home/takuto/scout_ws/install/hesai_ros_driver/share/hesai_ros_driver/hook/cmake_prefix_path.ps1'
[3.386s] INFO:colcon.colcon_core.shell:Creating environment descriptor '/home/takuto/scout_ws/install/hesai_ros_driver/share/hesai_ros_driver/hook/cmake_prefix_path.dsv'
[3.386s] INFO:colcon.colcon_core.shell:Creating environment hook '/home/takuto/scout_ws/install/hesai_ros_driver/share/hesai_ros_driver/hook/cmake_prefix_path.sh'
[3.387s] Level 1:colcon.colcon_core.environment:checking '/home/takuto/scout_ws/install/hesai_ros_driver/lib'
[3.387s] Level 1:colcon.colcon_core.shell:create_environment_hook('hesai_ros_driver', 'ld_library_path_lib')
[3.387s] INFO:colcon.colcon_core.shell:Creating environment hook '/home/takuto/scout_ws/install/hesai_ros_driver/share/hesai_ros_driver/hook/ld_library_path_lib.ps1'
[3.387s] INFO:colcon.colcon_core.shell:Creating environment descriptor '/home/takuto/scout_ws/install/hesai_ros_driver/share/hesai_ros_driver/hook/ld_library_path_lib.dsv'
[3.388s] INFO:colcon.colcon_core.shell:Creating environment hook '/home/takuto/scout_ws/install/hesai_ros_driver/share/hesai_ros_driver/hook/ld_library_path_lib.sh'
[3.388s] Level 1:colcon.colcon_core.environment:checking '/home/takuto/scout_ws/install/hesai_ros_driver/bin'
[3.388s] Level 1:colcon.colcon_core.environment:checking '/home/takuto/scout_ws/install/hesai_ros_driver/lib/pkgconfig/hesai_ros_driver.pc'
[3.388s] Level 1:colcon.colcon_core.environment:checking '/home/takuto/scout_ws/install/hesai_ros_driver/lib/python3.10/site-packages'
[3.388s] Level 1:colcon.colcon_core.environment:checking '/home/takuto/scout_ws/install/hesai_ros_driver/bin'
[3.389s] INFO:colcon.colcon_core.shell:Creating package script '/home/takuto/scout_ws/install/hesai_ros_driver/share/hesai_ros_driver/package.ps1'
[3.389s] INFO:colcon.colcon_core.shell:Creating package descriptor '/home/takuto/scout_ws/install/hesai_ros_driver/share/hesai_ros_driver/package.dsv'
[3.389s] INFO:colcon.colcon_core.shell:Creating package script '/home/takuto/scout_ws/install/hesai_ros_driver/share/hesai_ros_driver/package.sh'
[3.390s] INFO:colcon.colcon_core.shell:Creating package script '/home/takuto/scout_ws/install/hesai_ros_driver/share/hesai_ros_driver/package.bash'
[3.390s] INFO:colcon.colcon_core.shell:Creating package script '/home/takuto/scout_ws/install/hesai_ros_driver/share/hesai_ros_driver/package.zsh'
[3.390s] Level 1:colcon.colcon_core.environment:create_file_with_runtime_dependencies(/home/takuto/scout_ws/install/hesai_ros_driver/share/colcon-core/packages/hesai_ros_driver)
[3.391s] Level 1:colcon.colcon_core.environment:create_environment_scripts_only(hesai_ros_driver)
[3.391s] Level 1:colcon.colcon_core.environment:checking '/home/takuto/scout_ws/install/hesai_ros_driver' for CMake module files
[3.391s] Level 1:colcon.colcon_core.environment:checking '/home/takuto/scout_ws/install/hesai_ros_driver' for CMake config files
[3.392s] Level 1:colcon.colcon_core.shell:create_environment_hook('hesai_ros_driver', 'cmake_prefix_path')
[3.392s] INFO:colcon.colcon_core.shell:Creating environment hook '/home/takuto/scout_ws/install/hesai_ros_driver/share/hesai_ros_driver/hook/cmake_prefix_path.ps1'
[3.393s] INFO:colcon.colcon_core.shell:Creating environment descriptor '/home/takuto/scout_ws/install/hesai_ros_driver/share/hesai_ros_driver/hook/cmake_prefix_path.dsv'
[3.393s] INFO:colcon.colcon_core.shell:Creating environment hook '/home/takuto/scout_ws/install/hesai_ros_driver/share/hesai_ros_driver/hook/cmake_prefix_path.sh'
[3.393s] Level 1:colcon.colcon_core.environment:checking '/home/takuto/scout_ws/install/hesai_ros_driver/lib'
[3.393s] Level 1:colcon.colcon_core.shell:create_environment_hook('hesai_ros_driver', 'ld_library_path_lib')
[3.394s] INFO:colcon.colcon_core.shell:Creating environment hook '/home/takuto/scout_ws/install/hesai_ros_driver/share/hesai_ros_driver/hook/ld_library_path_lib.ps1'
[3.394s] INFO:colcon.colcon_core.shell:Creating environment descriptor '/home/takuto/scout_ws/install/hesai_ros_driver/share/hesai_ros_driver/hook/ld_library_path_lib.dsv'
[3.394s] INFO:colcon.colcon_core.shell:Creating environment hook '/home/takuto/scout_ws/install/hesai_ros_driver/share/hesai_ros_driver/hook/ld_library_path_lib.sh'
[3.394s] Level 1:colcon.colcon_core.environment:checking '/home/takuto/scout_ws/install/hesai_ros_driver/bin'
[3.395s] Level 1:colcon.colcon_core.environment:checking '/home/takuto/scout_ws/install/hesai_ros_driver/lib/pkgconfig/hesai_ros_driver.pc'
[3.395s] Level 1:colcon.colcon_core.environment:checking '/home/takuto/scout_ws/install/hesai_ros_driver/lib/python3.10/site-packages'
[3.395s] Level 1:colcon.colcon_core.environment:checking '/home/takuto/scout_ws/install/hesai_ros_driver/bin'
[3.395s] INFO:colcon.colcon_core.shell:Creating package script '/home/takuto/scout_ws/install/hesai_ros_driver/share/hesai_ros_driver/package.ps1'
[3.395s] INFO:colcon.colcon_core.shell:Creating package descriptor '/home/takuto/scout_ws/install/hesai_ros_driver/share/hesai_ros_driver/package.dsv'
[3.396s] INFO:colcon.colcon_core.shell:Creating package script '/home/takuto/scout_ws/install/hesai_ros_driver/share/hesai_ros_driver/package.sh'
[3.396s] INFO:colcon.colcon_core.shell:Creating package script '/home/takuto/scout_ws/install/hesai_ros_driver/share/hesai_ros_driver/package.bash'
[3.397s] INFO:colcon.colcon_core.shell:Creating package script '/home/takuto/scout_ws/install/hesai_ros_driver/share/hesai_ros_driver/package.zsh'
[3.397s] Level 1:colcon.colcon_core.environment:create_file_with_runtime_dependencies(/home/takuto/scout_ws/install/hesai_ros_driver/share/colcon-core/packages/hesai_ros_driver)
[3.397s] DEBUG:colcon.colcon_parallel_executor.executor.parallel:closing loop
[3.397s] DEBUG:colcon.colcon_parallel_executor.executor.parallel:loop closed
[3.398s] DEBUG:colcon.colcon_parallel_executor.executor.parallel:run_until_complete finished with '0'
[3.398s] DEBUG:colcon.colcon_core.event_reactor:joining thread
[3.402s] INFO:colcon.colcon_core.plugin_system:Skipping extension 'colcon_notification.desktop_notification.terminal_notifier': Not used on non-Darwin systems
[3.403s] INFO:colcon.colcon_core.plugin_system:Skipping extension 'colcon_notification.desktop_notification.win32': Not used on non-Windows systems
[3.403s] INFO:colcon.colcon_notification.desktop_notification:Sending desktop notification using 'notify2'
[3.412s] DEBUG:colcon.colcon_core.event_reactor:joined thread
[3.412s] INFO:colcon.colcon_core.shell:Creating prefix script '/home/takuto/scout_ws/install/local_setup.ps1'
[3.413s] INFO:colcon.colcon_core.shell:Creating prefix util module '/home/takuto/scout_ws/install/_local_setup_util_ps1.py'
[3.414s] INFO:colcon.colcon_core.shell:Creating prefix chain script '/home/takuto/scout_ws/install/setup.ps1'
[3.417s] INFO:colcon.colcon_core.shell:Creating prefix script '/home/takuto/scout_ws/install/local_setup.sh'
[3.417s] INFO:colcon.colcon_core.shell:Creating prefix util module '/home/takuto/scout_ws/install/_local_setup_util_sh.py'
[3.418s] INFO:colcon.colcon_core.shell:Creating prefix chain script '/home/takuto/scout_ws/install/setup.sh'
[3.420s] INFO:colcon.colcon_core.shell:Creating prefix script '/home/takuto/scout_ws/install/local_setup.bash'
[3.427s] INFO:colcon.colcon_core.shell:Creating prefix chain script '/home/takuto/scout_ws/install/setup.bash'
[3.429s] INFO:colcon.colcon_core.shell:Creating prefix script '/home/takuto/scout_ws/install/local_setup.zsh'
[3.429s] INFO:colcon.colcon_core.shell:Creating prefix chain script '/home/takuto/scout_ws/install/setup.zsh'
