[0.123s] DEBUG:colcon:Command line arguments: ['/usr/bin/colcon', 'build']
[0.123s] DEBUG:colcon:Parsed command line arguments: Namespace(log_base=None, log_level=None, verb_name='build', build_base='build', install_base='install', merge_install=False, symlink_install=False, test_result_base=None, continue_on_error=False, executor='parallel', parallel_workers=16, event_handlers=None, ignore_user_meta=False, metas=['./colcon.meta'], base_paths=['.'], packages_ignore=None, packages_ignore_regex=None, paths=None, packages_up_to=None, packages_up_to_regex=None, packages_above=None, packages_above_and_dependencies=None, packages_above_depth=None, packages_select_by_dep=None, packages_skip_by_dep=None, packages_skip_up_to=None, packages_select_build_failed=False, packages_skip_build_finished=False, packages_select_test_failures=False, packages_skip_test_passed=False, packages_select=None, packages_skip=None, packages_select_regex=None, packages_skip_regex=None, packages_start=None, packages_end=None, allow_overriding=[], ament_gradle_args=None, ament_gradle_task=None, cmake_args=None, cmake_target=None, cmake_target_skip_unavailable=False, cmake_clean_cache=False, cmake_clean_first=False, cmake_force_configure=False, gradle_args=None, gradle_task=None, ament_cmake_args=None, catkin_cmake_args=None, catkin_skip_building_tests=False, verb_parser=<colcon_defaults.argument_parser.defaults.DefaultArgumentsDecorator object at 0x75608f00ca60>, verb_extension=<colcon_core.verb.build.BuildVerb object at 0x75608f199f30>, main=<bound method BuildVerb.main of <colcon_core.verb.build.BuildVerb object at 0x75608f199f30>>)
[0.322s] Level 1:colcon.colcon_core.package_discovery:discover_packages(colcon_meta) check parameters
[0.322s] Level 1:colcon.colcon_core.package_discovery:discover_packages(recursive) check parameters
[0.322s] Level 1:colcon.colcon_core.package_discovery:discover_packages(ignore) check parameters
[0.322s] Level 1:colcon.colcon_core.package_discovery:discover_packages(path) check parameters
[0.322s] Level 1:colcon.colcon_core.package_discovery:discover_packages(colcon_meta) discover
[0.322s] Level 1:colcon.colcon_core.package_discovery:discover_packages(recursive) discover
[0.322s] INFO:colcon.colcon_core.package_discovery:Crawling recursively for packages in '/home/takuto/scout_ws'
[0.323s] Level 1:colcon.colcon_core.package_identification:_identify(.) by extensions ['ignore', 'ignore_ament_install']
[0.323s] Level 1:colcon.colcon_core.package_identification:_identify(.) by extension 'ignore'
[0.323s] Level 1:colcon.colcon_core.package_identification:_identify(.) by extension 'ignore_ament_install'
[0.323s] Level 1:colcon.colcon_core.package_identification:_identify(.) by extensions ['colcon_pkg']
[0.323s] Level 1:colcon.colcon_core.package_identification:_identify(.) by extension 'colcon_pkg'
[0.323s] Level 1:colcon.colcon_core.package_identification:_identify(.) by extensions ['colcon_meta']
[0.323s] Level 1:colcon.colcon_core.package_identification:_identify(.) by extension 'colcon_meta'
[0.323s] Level 1:colcon.colcon_core.package_identification:_identify(.) by extensions ['ament_gradle']
[0.323s] Level 1:colcon.colcon_core.package_identification:_identify(.) by extension 'ament_gradle'
[0.323s] Level 1:colcon.colcon_core.package_identification:_identify(.) by extensions ['ros']
[0.323s] Level 1:colcon.colcon_core.package_identification:_identify(.) by extension 'ros'
[0.336s] Level 1:colcon.colcon_core.package_identification:_identify(.) by extensions ['cmake', 'gradle', 'python']
[0.336s] Level 1:colcon.colcon_core.package_identification:_identify(.) by extension 'cmake'
[0.336s] Level 1:colcon.colcon_core.package_identification:_identify(.) by extension 'gradle'
[0.336s] Level 1:colcon.colcon_core.package_identification:_identify(.) by extension 'python'
[0.336s] Level 1:colcon.colcon_core.package_identification:_identify(.) by extensions ['python_setup_py']
[0.336s] Level 1:colcon.colcon_core.package_identification:_identify(.) by extension 'python_setup_py'
[0.336s] Level 1:colcon.colcon_core.package_identification:_identify(build) by extensions ['ignore', 'ignore_ament_install']
[0.336s] Level 1:colcon.colcon_core.package_identification:_identify(build) by extension 'ignore'
[0.336s] Level 1:colcon.colcon_core.package_identification:_identify(build) ignored
[0.337s] Level 1:colcon.colcon_core.package_identification:_identify(install) by extensions ['ignore', 'ignore_ament_install']
[0.337s] Level 1:colcon.colcon_core.package_identification:_identify(install) by extension 'ignore'
[0.337s] Level 1:colcon.colcon_core.package_identification:_identify(install) ignored
[0.337s] Level 1:colcon.colcon_core.package_identification:_identify(log) by extensions ['ignore', 'ignore_ament_install']
[0.337s] Level 1:colcon.colcon_core.package_identification:_identify(log) by extension 'ignore'
[0.337s] Level 1:colcon.colcon_core.package_identification:_identify(log) ignored
[0.337s] Level 1:colcon.colcon_core.package_identification:_identify(models) by extensions ['ignore', 'ignore_ament_install']
[0.337s] Level 1:colcon.colcon_core.package_identification:_identify(models) by extension 'ignore'
[0.337s] Level 1:colcon.colcon_core.package_identification:_identify(models) by extension 'ignore_ament_install'
[0.337s] Level 1:colcon.colcon_core.package_identification:_identify(models) by extensions ['colcon_pkg']
[0.337s] Level 1:colcon.colcon_core.package_identification:_identify(models) by extension 'colcon_pkg'
[0.338s] Level 1:colcon.colcon_core.package_identification:_identify(models) by extensions ['colcon_meta']
[0.338s] Level 1:colcon.colcon_core.package_identification:_identify(models) by extension 'colcon_meta'
[0.338s] Level 1:colcon.colcon_core.package_identification:_identify(models) by extensions ['ament_gradle']
[0.338s] Level 1:colcon.colcon_core.package_identification:_identify(models) by extension 'ament_gradle'
[0.338s] Level 1:colcon.colcon_core.package_identification:_identify(models) by extensions ['ros']
[0.338s] Level 1:colcon.colcon_core.package_identification:_identify(models) by extension 'ros'
[0.338s] Level 1:colcon.colcon_core.package_identification:_identify(models) by extensions ['cmake', 'gradle', 'python']
[0.338s] Level 1:colcon.colcon_core.package_identification:_identify(models) by extension 'cmake'
[0.338s] Level 1:colcon.colcon_core.package_identification:_identify(models) by extension 'gradle'
[0.338s] Level 1:colcon.colcon_core.package_identification:_identify(models) by extension 'python'
[0.338s] Level 1:colcon.colcon_core.package_identification:_identify(models) by extensions ['python_setup_py']
[0.338s] Level 1:colcon.colcon_core.package_identification:_identify(models) by extension 'python_setup_py'
[0.338s] Level 1:colcon.colcon_core.package_identification:_identify(models/nhk2026) by extensions ['ignore', 'ignore_ament_install']
[0.338s] Level 1:colcon.colcon_core.package_identification:_identify(models/nhk2026) by extension 'ignore'
[0.338s] Level 1:colcon.colcon_core.package_identification:_identify(models/nhk2026) by extension 'ignore_ament_install'
[0.338s] Level 1:colcon.colcon_core.package_identification:_identify(models/nhk2026) by extensions ['colcon_pkg']
[0.338s] Level 1:colcon.colcon_core.package_identification:_identify(models/nhk2026) by extension 'colcon_pkg'
[0.338s] Level 1:colcon.colcon_core.package_identification:_identify(models/nhk2026) by extensions ['colcon_meta']
[0.338s] Level 1:colcon.colcon_core.package_identification:_identify(models/nhk2026) by extension 'colcon_meta'
[0.338s] Level 1:colcon.colcon_core.package_identification:_identify(models/nhk2026) by extensions ['ament_gradle']
[0.338s] Level 1:colcon.colcon_core.package_identification:_identify(models/nhk2026) by extension 'ament_gradle'
[0.338s] Level 1:colcon.colcon_core.package_identification:_identify(models/nhk2026) by extensions ['ros']
[0.338s] Level 1:colcon.colcon_core.package_identification:_identify(models/nhk2026) by extension 'ros'
[0.339s] Level 1:colcon.colcon_core.package_identification:_identify(models/nhk2026) by extensions ['cmake', 'gradle', 'python']
[0.339s] Level 1:colcon.colcon_core.package_identification:_identify(models/nhk2026) by extension 'cmake'
[0.339s] Level 1:colcon.colcon_core.package_identification:_identify(models/nhk2026) by extension 'gradle'
[0.339s] Level 1:colcon.colcon_core.package_identification:_identify(models/nhk2026) by extension 'python'
[0.339s] Level 1:colcon.colcon_core.package_identification:_identify(models/nhk2026) by extensions ['python_setup_py']
[0.339s] Level 1:colcon.colcon_core.package_identification:_identify(models/nhk2026) by extension 'python_setup_py'
[0.339s] Level 1:colcon.colcon_core.package_identification:_identify(models/nhk2026/meshes) by extensions ['ignore', 'ignore_ament_install']
[0.339s] Level 1:colcon.colcon_core.package_identification:_identify(models/nhk2026/meshes) by extension 'ignore'
[0.339s] Level 1:colcon.colcon_core.package_identification:_identify(models/nhk2026/meshes) by extension 'ignore_ament_install'
[0.339s] Level 1:colcon.colcon_core.package_identification:_identify(models/nhk2026/meshes) by extensions ['colcon_pkg']
[0.339s] Level 1:colcon.colcon_core.package_identification:_identify(models/nhk2026/meshes) by extension 'colcon_pkg'
[0.339s] Level 1:colcon.colcon_core.package_identification:_identify(models/nhk2026/meshes) by extensions ['colcon_meta']
[0.339s] Level 1:colcon.colcon_core.package_identification:_identify(models/nhk2026/meshes) by extension 'colcon_meta'
[0.339s] Level 1:colcon.colcon_core.package_identification:_identify(models/nhk2026/meshes) by extensions ['ament_gradle']
[0.339s] Level 1:colcon.colcon_core.package_identification:_identify(models/nhk2026/meshes) by extension 'ament_gradle'
[0.339s] Level 1:colcon.colcon_core.package_identification:_identify(models/nhk2026/meshes) by extensions ['ros']
[0.339s] Level 1:colcon.colcon_core.package_identification:_identify(models/nhk2026/meshes) by extension 'ros'
[0.339s] Level 1:colcon.colcon_core.package_identification:_identify(models/nhk2026/meshes) by extensions ['cmake', 'gradle', 'python']
[0.339s] Level 1:colcon.colcon_core.package_identification:_identify(models/nhk2026/meshes) by extension 'cmake'
[0.339s] Level 1:colcon.colcon_core.package_identification:_identify(models/nhk2026/meshes) by extension 'gradle'
[0.339s] Level 1:colcon.colcon_core.package_identification:_identify(models/nhk2026/meshes) by extension 'python'
[0.340s] Level 1:colcon.colcon_core.package_identification:_identify(models/nhk2026/meshes) by extensions ['python_setup_py']
[0.340s] Level 1:colcon.colcon_core.package_identification:_identify(models/nhk2026/meshes) by extension 'python_setup_py'
[0.340s] Level 1:colcon.colcon_core.package_identification:_identify(models/slope) by extensions ['ignore', 'ignore_ament_install']
[0.340s] Level 1:colcon.colcon_core.package_identification:_identify(models/slope) by extension 'ignore'
[0.340s] Level 1:colcon.colcon_core.package_identification:_identify(models/slope) by extension 'ignore_ament_install'
[0.340s] Level 1:colcon.colcon_core.package_identification:_identify(models/slope) by extensions ['colcon_pkg']
[0.340s] Level 1:colcon.colcon_core.package_identification:_identify(models/slope) by extension 'colcon_pkg'
[0.340s] Level 1:colcon.colcon_core.package_identification:_identify(models/slope) by extensions ['colcon_meta']
[0.340s] Level 1:colcon.colcon_core.package_identification:_identify(models/slope) by extension 'colcon_meta'
[0.340s] Level 1:colcon.colcon_core.package_identification:_identify(models/slope) by extensions ['ament_gradle']
[0.340s] Level 1:colcon.colcon_core.package_identification:_identify(models/slope) by extension 'ament_gradle'
[0.340s] Level 1:colcon.colcon_core.package_identification:_identify(models/slope) by extensions ['ros']
[0.340s] Level 1:colcon.colcon_core.package_identification:_identify(models/slope) by extension 'ros'
[0.340s] Level 1:colcon.colcon_core.package_identification:_identify(models/slope) by extensions ['cmake', 'gradle', 'python']
[0.340s] Level 1:colcon.colcon_core.package_identification:_identify(models/slope) by extension 'cmake'
[0.340s] Level 1:colcon.colcon_core.package_identification:_identify(models/slope) by extension 'gradle'
[0.340s] Level 1:colcon.colcon_core.package_identification:_identify(models/slope) by extension 'python'
[0.340s] Level 1:colcon.colcon_core.package_identification:_identify(models/slope) by extensions ['python_setup_py']
[0.340s] Level 1:colcon.colcon_core.package_identification:_identify(models/slope) by extension 'python_setup_py'
[0.340s] Level 1:colcon.colcon_core.package_identification:_identify(models/slope/meshes) by extensions ['ignore', 'ignore_ament_install']
[0.340s] Level 1:colcon.colcon_core.package_identification:_identify(models/slope/meshes) by extension 'ignore'
[0.341s] Level 1:colcon.colcon_core.package_identification:_identify(models/slope/meshes) by extension 'ignore_ament_install'
[0.341s] Level 1:colcon.colcon_core.package_identification:_identify(models/slope/meshes) by extensions ['colcon_pkg']
[0.341s] Level 1:colcon.colcon_core.package_identification:_identify(models/slope/meshes) by extension 'colcon_pkg'
[0.341s] Level 1:colcon.colcon_core.package_identification:_identify(models/slope/meshes) by extensions ['colcon_meta']
[0.341s] Level 1:colcon.colcon_core.package_identification:_identify(models/slope/meshes) by extension 'colcon_meta'
[0.341s] Level 1:colcon.colcon_core.package_identification:_identify(models/slope/meshes) by extensions ['ament_gradle']
[0.341s] Level 1:colcon.colcon_core.package_identification:_identify(models/slope/meshes) by extension 'ament_gradle'
[0.341s] Level 1:colcon.colcon_core.package_identification:_identify(models/slope/meshes) by extensions ['ros']
[0.341s] Level 1:colcon.colcon_core.package_identification:_identify(models/slope/meshes) by extension 'ros'
[0.341s] Level 1:colcon.colcon_core.package_identification:_identify(models/slope/meshes) by extensions ['cmake', 'gradle', 'python']
[0.341s] Level 1:colcon.colcon_core.package_identification:_identify(models/slope/meshes) by extension 'cmake'
[0.341s] Level 1:colcon.colcon_core.package_identification:_identify(models/slope/meshes) by extension 'gradle'
[0.341s] Level 1:colcon.colcon_core.package_identification:_identify(models/slope/meshes) by extension 'python'
[0.341s] Level 1:colcon.colcon_core.package_identification:_identify(models/slope/meshes) by extensions ['python_setup_py']
[0.341s] Level 1:colcon.colcon_core.package_identification:_identify(models/slope/meshes) by extension 'python_setup_py'
[0.341s] Level 1:colcon.colcon_core.package_identification:_identify(src) by extensions ['ignore', 'ignore_ament_install']
[0.341s] Level 1:colcon.colcon_core.package_identification:_identify(src) by extension 'ignore'
[0.341s] Level 1:colcon.colcon_core.package_identification:_identify(src) by extension 'ignore_ament_install'
[0.341s] Level 1:colcon.colcon_core.package_identification:_identify(src) by extensions ['colcon_pkg']
[0.341s] Level 1:colcon.colcon_core.package_identification:_identify(src) by extension 'colcon_pkg'
[0.341s] Level 1:colcon.colcon_core.package_identification:_identify(src) by extensions ['colcon_meta']
[0.341s] Level 1:colcon.colcon_core.package_identification:_identify(src) by extension 'colcon_meta'
[0.342s] Level 1:colcon.colcon_core.package_identification:_identify(src) by extensions ['ament_gradle']
[0.342s] Level 1:colcon.colcon_core.package_identification:_identify(src) by extension 'ament_gradle'
[0.342s] Level 1:colcon.colcon_core.package_identification:_identify(src) by extensions ['ros']
[0.342s] Level 1:colcon.colcon_core.package_identification:_identify(src) by extension 'ros'
[0.342s] Level 1:colcon.colcon_core.package_identification:_identify(src) by extensions ['cmake', 'gradle', 'python']
[0.342s] Level 1:colcon.colcon_core.package_identification:_identify(src) by extension 'cmake'
[0.342s] Level 1:colcon.colcon_core.package_identification:_identify(src) by extension 'gradle'
[0.342s] Level 1:colcon.colcon_core.package_identification:_identify(src) by extension 'python'
[0.342s] Level 1:colcon.colcon_core.package_identification:_identify(src) by extensions ['python_setup_py']
[0.342s] Level 1:colcon.colcon_core.package_identification:_identify(src) by extension 'python_setup_py'
[0.342s] Level 1:colcon.colcon_core.package_identification:_identify(src/HesaiLidar_ROS_2.0) by extensions ['ignore', 'ignore_ament_install']
[0.342s] Level 1:colcon.colcon_core.package_identification:_identify(src/HesaiLidar_ROS_2.0) by extension 'ignore'
[0.342s] Level 1:colcon.colcon_core.package_identification:_identify(src/HesaiLidar_ROS_2.0) by extension 'ignore_ament_install'
[0.342s] Level 1:colcon.colcon_core.package_identification:_identify(src/HesaiLidar_ROS_2.0) by extensions ['colcon_pkg']
[0.342s] Level 1:colcon.colcon_core.package_identification:_identify(src/HesaiLidar_ROS_2.0) by extension 'colcon_pkg'
[0.342s] Level 1:colcon.colcon_core.package_identification:_identify(src/HesaiLidar_ROS_2.0) by extensions ['colcon_meta']
[0.342s] Level 1:colcon.colcon_core.package_identification:_identify(src/HesaiLidar_ROS_2.0) by extension 'colcon_meta'
[0.342s] Level 1:colcon.colcon_core.package_identification:_identify(src/HesaiLidar_ROS_2.0) by extensions ['ament_gradle']
[0.342s] Level 1:colcon.colcon_core.package_identification:_identify(src/HesaiLidar_ROS_2.0) by extension 'ament_gradle'
[0.342s] Level 1:colcon.colcon_core.package_identification:_identify(src/HesaiLidar_ROS_2.0) by extensions ['ros']
[0.342s] Level 1:colcon.colcon_core.package_identification:_identify(src/HesaiLidar_ROS_2.0) by extension 'ros'
[0.370s] DEBUG:colcon.colcon_core.package_identification:Package 'src/HesaiLidar_ROS_2.0' with type 'ros.ament_cmake' and name 'hesai_ros_driver'
[0.370s] Level 1:colcon.colcon_core.package_identification:_identify(src/build) by extensions ['ignore', 'ignore_ament_install']
[0.370s] Level 1:colcon.colcon_core.package_identification:_identify(src/build) by extension 'ignore'
[0.370s] Level 1:colcon.colcon_core.package_identification:_identify(src/build) ignored
[0.370s] Level 1:colcon.colcon_core.package_identification:_identify(src/cmd_vel_joy) by extensions ['ignore', 'ignore_ament_install']
[0.370s] Level 1:colcon.colcon_core.package_identification:_identify(src/cmd_vel_joy) by extension 'ignore'
[0.370s] Level 1:colcon.colcon_core.package_identification:_identify(src/cmd_vel_joy) by extension 'ignore_ament_install'
[0.370s] Level 1:colcon.colcon_core.package_identification:_identify(src/cmd_vel_joy) by extensions ['colcon_pkg']
[0.370s] Level 1:colcon.colcon_core.package_identification:_identify(src/cmd_vel_joy) by extension 'colcon_pkg'
[0.370s] Level 1:colcon.colcon_core.package_identification:_identify(src/cmd_vel_joy) by extensions ['colcon_meta']
[0.370s] Level 1:colcon.colcon_core.package_identification:_identify(src/cmd_vel_joy) by extension 'colcon_meta'
[0.371s] Level 1:colcon.colcon_core.package_identification:_identify(src/cmd_vel_joy) by extensions ['ament_gradle']
[0.371s] Level 1:colcon.colcon_core.package_identification:_identify(src/cmd_vel_joy) by extension 'ament_gradle'
[0.371s] Level 1:colcon.colcon_core.package_identification:_identify(src/cmd_vel_joy) by extensions ['ros']
[0.371s] Level 1:colcon.colcon_core.package_identification:_identify(src/cmd_vel_joy) by extension 'ros'
[0.371s] DEBUG:colcon.colcon_core.package_identification:Package 'src/cmd_vel_joy' with type 'ros.ament_python' and name 'cmd_vel_joy'
[0.371s] Level 1:colcon.colcon_core.package_identification:_identify(src/cost_cul) by extensions ['ignore', 'ignore_ament_install']
[0.372s] Level 1:colcon.colcon_core.package_identification:_identify(src/cost_cul) by extension 'ignore'
[0.372s] Level 1:colcon.colcon_core.package_identification:_identify(src/cost_cul) by extension 'ignore_ament_install'
[0.372s] Level 1:colcon.colcon_core.package_identification:_identify(src/cost_cul) by extensions ['colcon_pkg']
[0.372s] Level 1:colcon.colcon_core.package_identification:_identify(src/cost_cul) by extension 'colcon_pkg'
[0.372s] Level 1:colcon.colcon_core.package_identification:_identify(src/cost_cul) by extensions ['colcon_meta']
[0.372s] Level 1:colcon.colcon_core.package_identification:_identify(src/cost_cul) by extension 'colcon_meta'
[0.372s] Level 1:colcon.colcon_core.package_identification:_identify(src/cost_cul) by extensions ['ament_gradle']
[0.372s] Level 1:colcon.colcon_core.package_identification:_identify(src/cost_cul) by extension 'ament_gradle'
[0.372s] Level 1:colcon.colcon_core.package_identification:_identify(src/cost_cul) by extensions ['ros']
[0.372s] Level 1:colcon.colcon_core.package_identification:_identify(src/cost_cul) by extension 'ros'
[0.372s] DEBUG:colcon.colcon_core.package_identification:Package 'src/cost_cul' with type 'ros.ament_python' and name 'cost_cul'
[0.373s] Level 1:colcon.colcon_core.package_identification:_identify(src/hesai_description) by extensions ['ignore', 'ignore_ament_install']
[0.373s] Level 1:colcon.colcon_core.package_identification:_identify(src/hesai_description) by extension 'ignore'
[0.373s] Level 1:colcon.colcon_core.package_identification:_identify(src/hesai_description) by extension 'ignore_ament_install'
[0.373s] Level 1:colcon.colcon_core.package_identification:_identify(src/hesai_description) by extensions ['colcon_pkg']
[0.373s] Level 1:colcon.colcon_core.package_identification:_identify(src/hesai_description) by extension 'colcon_pkg'
[0.373s] Level 1:colcon.colcon_core.package_identification:_identify(src/hesai_description) by extensions ['colcon_meta']
[0.373s] Level 1:colcon.colcon_core.package_identification:_identify(src/hesai_description) by extension 'colcon_meta'
[0.373s] Level 1:colcon.colcon_core.package_identification:_identify(src/hesai_description) by extensions ['ament_gradle']
[0.373s] Level 1:colcon.colcon_core.package_identification:_identify(src/hesai_description) by extension 'ament_gradle'
[0.373s] Level 1:colcon.colcon_core.package_identification:_identify(src/hesai_description) by extensions ['ros']
[0.373s] Level 1:colcon.colcon_core.package_identification:_identify(src/hesai_description) by extension 'ros'
[0.373s] DEBUG:colcon.colcon_core.package_identification:Package 'src/hesai_description' with type 'ros.ament_cmake' and name 'hesai_description'
[0.374s] Level 1:colcon.colcon_core.package_identification:_identify(src/install) by extensions ['ignore', 'ignore_ament_install']
[0.374s] Level 1:colcon.colcon_core.package_identification:_identify(src/install) by extension 'ignore'
[0.374s] Level 1:colcon.colcon_core.package_identification:_identify(src/install) ignored
[0.374s] Level 1:colcon.colcon_core.package_identification:_identify(src/log) by extensions ['ignore', 'ignore_ament_install']
[0.374s] Level 1:colcon.colcon_core.package_identification:_identify(src/log) by extension 'ignore'
[0.374s] Level 1:colcon.colcon_core.package_identification:_identify(src/log) ignored
[0.374s] Level 1:colcon.colcon_core.package_identification:_identify(src/scout_gazebo) by extensions ['ignore', 'ignore_ament_install']
[0.374s] Level 1:colcon.colcon_core.package_identification:_identify(src/scout_gazebo) by extension 'ignore'
[0.374s] Level 1:colcon.colcon_core.package_identification:_identify(src/scout_gazebo) by extension 'ignore_ament_install'
[0.374s] Level 1:colcon.colcon_core.package_identification:_identify(src/scout_gazebo) by extensions ['colcon_pkg']
[0.374s] Level 1:colcon.colcon_core.package_identification:_identify(src/scout_gazebo) by extension 'colcon_pkg'
[0.374s] Level 1:colcon.colcon_core.package_identification:_identify(src/scout_gazebo) by extensions ['colcon_meta']
[0.374s] Level 1:colcon.colcon_core.package_identification:_identify(src/scout_gazebo) by extension 'colcon_meta'
[0.374s] Level 1:colcon.colcon_core.package_identification:_identify(src/scout_gazebo) by extensions ['ament_gradle']
[0.374s] Level 1:colcon.colcon_core.package_identification:_identify(src/scout_gazebo) by extension 'ament_gradle'
[0.374s] Level 1:colcon.colcon_core.package_identification:_identify(src/scout_gazebo) by extensions ['ros']
[0.374s] Level 1:colcon.colcon_core.package_identification:_identify(src/scout_gazebo) by extension 'ros'
[0.375s] DEBUG:colcon.colcon_core.package_identification:Package 'src/scout_gazebo' with type 'ros.ament_cmake' and name 'scout_gazebo'
[0.375s] Level 1:colcon.colcon_core.package_identification:_identify(src/scout_mini_control) by extensions ['ignore', 'ignore_ament_install']
[0.375s] Level 1:colcon.colcon_core.package_identification:_identify(src/scout_mini_control) by extension 'ignore'
[0.375s] Level 1:colcon.colcon_core.package_identification:_identify(src/scout_mini_control) by extension 'ignore_ament_install'
[0.375s] Level 1:colcon.colcon_core.package_identification:_identify(src/scout_mini_control) by extensions ['colcon_pkg']
[0.375s] Level 1:colcon.colcon_core.package_identification:_identify(src/scout_mini_control) by extension 'colcon_pkg'
[0.375s] Level 1:colcon.colcon_core.package_identification:_identify(src/scout_mini_control) by extensions ['colcon_meta']
[0.375s] Level 1:colcon.colcon_core.package_identification:_identify(src/scout_mini_control) by extension 'colcon_meta'
[0.375s] Level 1:colcon.colcon_core.package_identification:_identify(src/scout_mini_control) by extensions ['ament_gradle']
[0.375s] Level 1:colcon.colcon_core.package_identification:_identify(src/scout_mini_control) by extension 'ament_gradle'
[0.375s] Level 1:colcon.colcon_core.package_identification:_identify(src/scout_mini_control) by extensions ['ros']
[0.375s] Level 1:colcon.colcon_core.package_identification:_identify(src/scout_mini_control) by extension 'ros'
[0.376s] DEBUG:colcon.colcon_core.package_identification:Package 'src/scout_mini_control' with type 'ros.ament_cmake' and name 'scout_mini_control'
[0.376s] Level 1:colcon.colcon_core.package_identification:_identify(src/scout_mini_description) by extensions ['ignore', 'ignore_ament_install']
[0.376s] Level 1:colcon.colcon_core.package_identification:_identify(src/scout_mini_description) by extension 'ignore'
[0.376s] Level 1:colcon.colcon_core.package_identification:_identify(src/scout_mini_description) by extension 'ignore_ament_install'
[0.376s] Level 1:colcon.colcon_core.package_identification:_identify(src/scout_mini_description) by extensions ['colcon_pkg']
[0.376s] Level 1:colcon.colcon_core.package_identification:_identify(src/scout_mini_description) by extension 'colcon_pkg'
[0.376s] Level 1:colcon.colcon_core.package_identification:_identify(src/scout_mini_description) by extensions ['colcon_meta']
[0.376s] Level 1:colcon.colcon_core.package_identification:_identify(src/scout_mini_description) by extension 'colcon_meta'
[0.376s] Level 1:colcon.colcon_core.package_identification:_identify(src/scout_mini_description) by extensions ['ament_gradle']
[0.376s] Level 1:colcon.colcon_core.package_identification:_identify(src/scout_mini_description) by extension 'ament_gradle'
[0.376s] Level 1:colcon.colcon_core.package_identification:_identify(src/scout_mini_description) by extensions ['ros']
[0.377s] Level 1:colcon.colcon_core.package_identification:_identify(src/scout_mini_description) by extension 'ros'
[0.377s] DEBUG:colcon.colcon_core.package_identification:Package 'src/scout_mini_description' with type 'ros.ament_cmake' and name 'scout_mini_description'
[0.377s] Level 1:colcon.colcon_core.package_identification:_identify(src/scout_mini_gazebo_sim) by extensions ['ignore', 'ignore_ament_install']
[0.377s] Level 1:colcon.colcon_core.package_identification:_identify(src/scout_mini_gazebo_sim) by extension 'ignore'
[0.377s] Level 1:colcon.colcon_core.package_identification:_identify(src/scout_mini_gazebo_sim) by extension 'ignore_ament_install'
[0.377s] Level 1:colcon.colcon_core.package_identification:_identify(src/scout_mini_gazebo_sim) by extensions ['colcon_pkg']
[0.377s] Level 1:colcon.colcon_core.package_identification:_identify(src/scout_mini_gazebo_sim) by extension 'colcon_pkg'
[0.377s] Level 1:colcon.colcon_core.package_identification:_identify(src/scout_mini_gazebo_sim) by extensions ['colcon_meta']
[0.377s] Level 1:colcon.colcon_core.package_identification:_identify(src/scout_mini_gazebo_sim) by extension 'colcon_meta'
[0.377s] Level 1:colcon.colcon_core.package_identification:_identify(src/scout_mini_gazebo_sim) by extensions ['ament_gradle']
[0.377s] Level 1:colcon.colcon_core.package_identification:_identify(src/scout_mini_gazebo_sim) by extension 'ament_gradle'
[0.378s] Level 1:colcon.colcon_core.package_identification:_identify(src/scout_mini_gazebo_sim) by extensions ['ros']
[0.378s] Level 1:colcon.colcon_core.package_identification:_identify(src/scout_mini_gazebo_sim) by extension 'ros'
[0.378s] DEBUG:colcon.colcon_core.package_identification:Package 'src/scout_mini_gazebo_sim' with type 'ros.ament_cmake' and name 'scout_mini_gazebo_sim'
[0.378s] Level 1:colcon.colcon_core.package_discovery:discover_packages(recursive) using defaults
[0.378s] Level 1:colcon.colcon_core.package_discovery:discover_packages(ignore) discover
[0.378s] Level 1:colcon.colcon_core.package_discovery:discover_packages(ignore) using defaults
[0.378s] Level 1:colcon.colcon_core.package_discovery:discover_packages(path) discover
[0.379s] Level 1:colcon.colcon_core.package_discovery:discover_packages(path) using defaults
[0.401s] Level 1:colcon.colcon_core.package_discovery:discover_packages(prefix_path) check parameters
[0.401s] Level 1:colcon.colcon_core.package_discovery:discover_packages(prefix_path) discover
[0.404s] DEBUG:colcon.colcon_installed_package_information.package_discovery:Found 9 installed packages in /home/takuto/scout_ws/install
[0.405s] DEBUG:colcon.colcon_installed_package_information.package_discovery:Found 8 installed packages in /home/takuto/scout_ws/src/install
[0.406s] DEBUG:colcon.colcon_installed_package_information.package_discovery:Found 5 installed packages in /home/takuto/mecanumrover_ws/install
[0.407s] DEBUG:colcon.colcon_installed_package_information.package_discovery:Found 3 installed packages in /home/takuto/uros_ws/install
[0.407s] DEBUG:colcon.colcon_installed_package_information.package_discovery:Found 19 installed packages in /home/takuto/turtlebot3_ws/install
[0.410s] DEBUG:colcon.colcon_installed_package_information.package_discovery:Found 426 installed packages in /opt/ros/humble
[0.412s] Level 1:colcon.colcon_core.package_discovery:discover_packages(prefix_path) using defaults
[0.467s] Level 5:colcon.colcon_core.verb:set package 'cmd_vel_joy' build argument 'ament_gradle_args' from command line to 'None'
[0.467s] Level 5:colcon.colcon_core.verb:set package 'cmd_vel_joy' build argument 'ament_gradle_task' from command line to 'None'
[0.467s] Level 5:colcon.colcon_core.verb:set package 'cmd_vel_joy' build argument 'cmake_args' from command line to 'None'
[0.467s] Level 5:colcon.colcon_core.verb:set package 'cmd_vel_joy' build argument 'cmake_target' from command line to 'None'
[0.467s] Level 5:colcon.colcon_core.verb:set package 'cmd_vel_joy' build argument 'cmake_target_skip_unavailable' from command line to 'False'
[0.467s] Level 5:colcon.colcon_core.verb:set package 'cmd_vel_joy' build argument 'cmake_clean_cache' from command line to 'False'
[0.467s] Level 5:colcon.colcon_core.verb:set package 'cmd_vel_joy' build argument 'cmake_clean_first' from command line to 'False'
[0.467s] Level 5:colcon.colcon_core.verb:set package 'cmd_vel_joy' build argument 'cmake_force_configure' from command line to 'False'
[0.467s] Level 5:colcon.colcon_core.verb:set package 'cmd_vel_joy' build argument 'gradle_args' from command line to 'None'
[0.467s] Level 5:colcon.colcon_core.verb:set package 'cmd_vel_joy' build argument 'gradle_task' from command line to 'None'
[0.467s] Level 5:colcon.colcon_core.verb:set package 'cmd_vel_joy' build argument 'ament_cmake_args' from command line to 'None'
[0.467s] Level 5:colcon.colcon_core.verb:set package 'cmd_vel_joy' build argument 'catkin_cmake_args' from command line to 'None'
[0.467s] Level 5:colcon.colcon_core.verb:set package 'cmd_vel_joy' build argument 'catkin_skip_building_tests' from command line to 'False'
[0.467s] DEBUG:colcon.colcon_core.verb:Building package 'cmd_vel_joy' with the following arguments: {'ament_cmake_args': None, 'ament_gradle_args': None, 'ament_gradle_task': None, 'build_base': '/home/takuto/scout_ws/build/cmd_vel_joy', 'catkin_cmake_args': None, 'catkin_skip_building_tests': False, 'cmake_args': None, 'cmake_clean_cache': False, 'cmake_clean_first': False, 'cmake_force_configure': False, 'cmake_target': None, 'cmake_target_skip_unavailable': False, 'gradle_args': None, 'gradle_task': None, 'install_base': '/home/takuto/scout_ws/install/cmd_vel_joy', 'merge_install': False, 'path': '/home/takuto/scout_ws/src/cmd_vel_joy', 'symlink_install': False, 'test_result_base': None}
[0.468s] Level 5:colcon.colcon_core.verb:set package 'cost_cul' build argument 'ament_gradle_args' from command line to 'None'
[0.468s] Level 5:colcon.colcon_core.verb:set package 'cost_cul' build argument 'ament_gradle_task' from command line to 'None'
[0.468s] Level 5:colcon.colcon_core.verb:set package 'cost_cul' build argument 'cmake_args' from command line to 'None'
[0.468s] Level 5:colcon.colcon_core.verb:set package 'cost_cul' build argument 'cmake_target' from command line to 'None'
[0.468s] Level 5:colcon.colcon_core.verb:set package 'cost_cul' build argument 'cmake_target_skip_unavailable' from command line to 'False'
[0.468s] Level 5:colcon.colcon_core.verb:set package 'cost_cul' build argument 'cmake_clean_cache' from command line to 'False'
[0.468s] Level 5:colcon.colcon_core.verb:set package 'cost_cul' build argument 'cmake_clean_first' from command line to 'False'
[0.468s] Level 5:colcon.colcon_core.verb:set package 'cost_cul' build argument 'cmake_force_configure' from command line to 'False'
[0.468s] Level 5:colcon.colcon_core.verb:set package 'cost_cul' build argument 'gradle_args' from command line to 'None'
[0.468s] Level 5:colcon.colcon_core.verb:set package 'cost_cul' build argument 'gradle_task' from command line to 'None'
[0.468s] Level 5:colcon.colcon_core.verb:set package 'cost_cul' build argument 'ament_cmake_args' from command line to 'None'
[0.468s] Level 5:colcon.colcon_core.verb:set package 'cost_cul' build argument 'catkin_cmake_args' from command line to 'None'
[0.468s] Level 5:colcon.colcon_core.verb:set package 'cost_cul' build argument 'catkin_skip_building_tests' from command line to 'False'
[0.468s] DEBUG:colcon.colcon_core.verb:Building package 'cost_cul' with the following arguments: {'ament_cmake_args': None, 'ament_gradle_args': None, 'ament_gradle_task': None, 'build_base': '/home/takuto/scout_ws/build/cost_cul', 'catkin_cmake_args': None, 'catkin_skip_building_tests': False, 'cmake_args': None, 'cmake_clean_cache': False, 'cmake_clean_first': False, 'cmake_force_configure': False, 'cmake_target': None, 'cmake_target_skip_unavailable': False, 'gradle_args': None, 'gradle_task': None, 'install_base': '/home/takuto/scout_ws/install/cost_cul', 'merge_install': False, 'path': '/home/takuto/scout_ws/src/cost_cul', 'symlink_install': False, 'test_result_base': None}
[0.469s] Level 5:colcon.colcon_core.verb:set package 'hesai_description' build argument 'ament_gradle_args' from command line to 'None'
[0.469s] Level 5:colcon.colcon_core.verb:set package 'hesai_description' build argument 'ament_gradle_task' from command line to 'None'
[0.469s] Level 5:colcon.colcon_core.verb:set package 'hesai_description' build argument 'cmake_args' from command line to 'None'
[0.469s] Level 5:colcon.colcon_core.verb:set package 'hesai_description' build argument 'cmake_target' from command line to 'None'
[0.469s] Level 5:colcon.colcon_core.verb:set package 'hesai_description' build argument 'cmake_target_skip_unavailable' from command line to 'False'
[0.469s] Level 5:colcon.colcon_core.verb:set package 'hesai_description' build argument 'cmake_clean_cache' from command line to 'False'
[0.469s] Level 5:colcon.colcon_core.verb:set package 'hesai_description' build argument 'cmake_clean_first' from command line to 'False'
[0.469s] Level 5:colcon.colcon_core.verb:set package 'hesai_description' build argument 'cmake_force_configure' from command line to 'False'
[0.469s] Level 5:colcon.colcon_core.verb:set package 'hesai_description' build argument 'gradle_args' from command line to 'None'
[0.469s] Level 5:colcon.colcon_core.verb:set package 'hesai_description' build argument 'gradle_task' from command line to 'None'
[0.469s] Level 5:colcon.colcon_core.verb:set package 'hesai_description' build argument 'ament_cmake_args' from command line to 'None'
[0.469s] Level 5:colcon.colcon_core.verb:set package 'hesai_description' build argument 'catkin_cmake_args' from command line to 'None'
[0.469s] Level 5:colcon.colcon_core.verb:set package 'hesai_description' build argument 'catkin_skip_building_tests' from command line to 'False'
[0.469s] DEBUG:colcon.colcon_core.verb:Building package 'hesai_description' with the following arguments: {'ament_cmake_args': None, 'ament_gradle_args': None, 'ament_gradle_task': None, 'build_base': '/home/takuto/scout_ws/build/hesai_description', 'catkin_cmake_args': None, 'catkin_skip_building_tests': False, 'cmake_args': None, 'cmake_clean_cache': False, 'cmake_clean_first': False, 'cmake_force_configure': False, 'cmake_target': None, 'cmake_target_skip_unavailable': False, 'gradle_args': None, 'gradle_task': None, 'install_base': '/home/takuto/scout_ws/install/hesai_description', 'merge_install': False, 'path': '/home/takuto/scout_ws/src/hesai_description', 'symlink_install': False, 'test_result_base': None}
[0.469s] Level 5:colcon.colcon_core.verb:set package 'hesai_ros_driver' build argument 'ament_gradle_args' from command line to 'None'
[0.469s] Level 5:colcon.colcon_core.verb:set package 'hesai_ros_driver' build argument 'ament_gradle_task' from command line to 'None'
[0.469s] Level 5:colcon.colcon_core.verb:set package 'hesai_ros_driver' build argument 'cmake_args' from command line to 'None'
[0.469s] Level 5:colcon.colcon_core.verb:set package 'hesai_ros_driver' build argument 'cmake_target' from command line to 'None'
[0.469s] Level 5:colcon.colcon_core.verb:set package 'hesai_ros_driver' build argument 'cmake_target_skip_unavailable' from command line to 'False'
[0.469s] Level 5:colcon.colcon_core.verb:set package 'hesai_ros_driver' build argument 'cmake_clean_cache' from command line to 'False'
[0.469s] Level 5:colcon.colcon_core.verb:set package 'hesai_ros_driver' build argument 'cmake_clean_first' from command line to 'False'
[0.469s] Level 5:colcon.colcon_core.verb:set package 'hesai_ros_driver' build argument 'cmake_force_configure' from command line to 'False'
[0.469s] Level 5:colcon.colcon_core.verb:set package 'hesai_ros_driver' build argument 'gradle_args' from command line to 'None'
[0.469s] Level 5:colcon.colcon_core.verb:set package 'hesai_ros_driver' build argument 'gradle_task' from command line to 'None'
[0.469s] Level 5:colcon.colcon_core.verb:set package 'hesai_ros_driver' build argument 'ament_cmake_args' from command line to 'None'
[0.470s] Level 5:colcon.colcon_core.verb:set package 'hesai_ros_driver' build argument 'catkin_cmake_args' from command line to 'None'
[0.470s] Level 5:colcon.colcon_core.verb:set package 'hesai_ros_driver' build argument 'catkin_skip_building_tests' from command line to 'False'
[0.470s] DEBUG:colcon.colcon_core.verb:Building package 'hesai_ros_driver' with the following arguments: {'ament_cmake_args': None, 'ament_gradle_args': None, 'ament_gradle_task': None, 'build_base': '/home/takuto/scout_ws/build/hesai_ros_driver', 'catkin_cmake_args': None, 'catkin_skip_building_tests': False, 'cmake_args': None, 'cmake_clean_cache': False, 'cmake_clean_first': False, 'cmake_force_configure': False, 'cmake_target': None, 'cmake_target_skip_unavailable': False, 'gradle_args': None, 'gradle_task': None, 'install_base': '/home/takuto/scout_ws/install/hesai_ros_driver', 'merge_install': False, 'path': '/home/takuto/scout_ws/src/HesaiLidar_ROS_2.0', 'symlink_install': False, 'test_result_base': None}
[0.470s] Level 5:colcon.colcon_core.verb:set package 'scout_gazebo' build argument 'ament_gradle_args' from command line to 'None'
[0.470s] Level 5:colcon.colcon_core.verb:set package 'scout_gazebo' build argument 'ament_gradle_task' from command line to 'None'
[0.470s] Level 5:colcon.colcon_core.verb:set package 'scout_gazebo' build argument 'cmake_args' from command line to 'None'
[0.470s] Level 5:colcon.colcon_core.verb:set package 'scout_gazebo' build argument 'cmake_target' from command line to 'None'
[0.470s] Level 5:colcon.colcon_core.verb:set package 'scout_gazebo' build argument 'cmake_target_skip_unavailable' from command line to 'False'
[0.470s] Level 5:colcon.colcon_core.verb:set package 'scout_gazebo' build argument 'cmake_clean_cache' from command line to 'False'
[0.470s] Level 5:colcon.colcon_core.verb:set package 'scout_gazebo' build argument 'cmake_clean_first' from command line to 'False'
[0.470s] Level 5:colcon.colcon_core.verb:set package 'scout_gazebo' build argument 'cmake_force_configure' from command line to 'False'
[0.470s] Level 5:colcon.colcon_core.verb:set package 'scout_gazebo' build argument 'gradle_args' from command line to 'None'
[0.470s] Level 5:colcon.colcon_core.verb:set package 'scout_gazebo' build argument 'gradle_task' from command line to 'None'
[0.470s] Level 5:colcon.colcon_core.verb:set package 'scout_gazebo' build argument 'ament_cmake_args' from command line to 'None'
[0.470s] Level 5:colcon.colcon_core.verb:set package 'scout_gazebo' build argument 'catkin_cmake_args' from command line to 'None'
[0.470s] Level 5:colcon.colcon_core.verb:set package 'scout_gazebo' build argument 'catkin_skip_building_tests' from command line to 'False'
[0.470s] DEBUG:colcon.colcon_core.verb:Building package 'scout_gazebo' with the following arguments: {'ament_cmake_args': None, 'ament_gradle_args': None, 'ament_gradle_task': None, 'build_base': '/home/takuto/scout_ws/build/scout_gazebo', 'catkin_cmake_args': None, 'catkin_skip_building_tests': False, 'cmake_args': None, 'cmake_clean_cache': False, 'cmake_clean_first': False, 'cmake_force_configure': False, 'cmake_target': None, 'cmake_target_skip_unavailable': False, 'gradle_args': None, 'gradle_task': None, 'install_base': '/home/takuto/scout_ws/install/scout_gazebo', 'merge_install': False, 'path': '/home/takuto/scout_ws/src/scout_gazebo', 'symlink_install': False, 'test_result_base': None}
[0.471s] Level 5:colcon.colcon_core.verb:set package 'scout_mini_control' build argument 'ament_gradle_args' from command line to 'None'
[0.471s] Level 5:colcon.colcon_core.verb:set package 'scout_mini_control' build argument 'ament_gradle_task' from command line to 'None'
[0.471s] Level 5:colcon.colcon_core.verb:set package 'scout_mini_control' build argument 'cmake_args' from command line to 'None'
[0.471s] Level 5:colcon.colcon_core.verb:set package 'scout_mini_control' build argument 'cmake_target' from command line to 'None'
[0.471s] Level 5:colcon.colcon_core.verb:set package 'scout_mini_control' build argument 'cmake_target_skip_unavailable' from command line to 'False'
[0.471s] Level 5:colcon.colcon_core.verb:set package 'scout_mini_control' build argument 'cmake_clean_cache' from command line to 'False'
[0.471s] Level 5:colcon.colcon_core.verb:set package 'scout_mini_control' build argument 'cmake_clean_first' from command line to 'False'
[0.471s] Level 5:colcon.colcon_core.verb:set package 'scout_mini_control' build argument 'cmake_force_configure' from command line to 'False'
[0.471s] Level 5:colcon.colcon_core.verb:set package 'scout_mini_control' build argument 'gradle_args' from command line to 'None'
[0.471s] Level 5:colcon.colcon_core.verb:set package 'scout_mini_control' build argument 'gradle_task' from command line to 'None'
[0.471s] Level 5:colcon.colcon_core.verb:set package 'scout_mini_control' build argument 'ament_cmake_args' from command line to 'None'
[0.471s] Level 5:colcon.colcon_core.verb:set package 'scout_mini_control' build argument 'catkin_cmake_args' from command line to 'None'
[0.471s] Level 5:colcon.colcon_core.verb:set package 'scout_mini_control' build argument 'catkin_skip_building_tests' from command line to 'False'
[0.471s] DEBUG:colcon.colcon_core.verb:Building package 'scout_mini_control' with the following arguments: {'ament_cmake_args': None, 'ament_gradle_args': None, 'ament_gradle_task': None, 'build_base': '/home/takuto/scout_ws/build/scout_mini_control', 'catkin_cmake_args': None, 'catkin_skip_building_tests': False, 'cmake_args': None, 'cmake_clean_cache': False, 'cmake_clean_first': False, 'cmake_force_configure': False, 'cmake_target': None, 'cmake_target_skip_unavailable': False, 'gradle_args': None, 'gradle_task': None, 'install_base': '/home/takuto/scout_ws/install/scout_mini_control', 'merge_install': False, 'path': '/home/takuto/scout_ws/src/scout_mini_control', 'symlink_install': False, 'test_result_base': None}
[0.471s] Level 5:colcon.colcon_core.verb:set package 'scout_mini_description' build argument 'ament_gradle_args' from command line to 'None'
[0.471s] Level 5:colcon.colcon_core.verb:set package 'scout_mini_description' build argument 'ament_gradle_task' from command line to 'None'
[0.471s] Level 5:colcon.colcon_core.verb:set package 'scout_mini_description' build argument 'cmake_args' from command line to 'None'
[0.471s] Level 5:colcon.colcon_core.verb:set package 'scout_mini_description' build argument 'cmake_target' from command line to 'None'
[0.471s] Level 5:colcon.colcon_core.verb:set package 'scout_mini_description' build argument 'cmake_target_skip_unavailable' from command line to 'False'
[0.471s] Level 5:colcon.colcon_core.verb:set package 'scout_mini_description' build argument 'cmake_clean_cache' from command line to 'False'
[0.472s] Level 5:colcon.colcon_core.verb:set package 'scout_mini_description' build argument 'cmake_clean_first' from command line to 'False'
[0.472s] Level 5:colcon.colcon_core.verb:set package 'scout_mini_description' build argument 'cmake_force_configure' from command line to 'False'
[0.472s] Level 5:colcon.colcon_core.verb:set package 'scout_mini_description' build argument 'gradle_args' from command line to 'None'
[0.472s] Level 5:colcon.colcon_core.verb:set package 'scout_mini_description' build argument 'gradle_task' from command line to 'None'
[0.472s] Level 5:colcon.colcon_core.verb:set package 'scout_mini_description' build argument 'ament_cmake_args' from command line to 'None'
[0.472s] Level 5:colcon.colcon_core.verb:set package 'scout_mini_description' build argument 'catkin_cmake_args' from command line to 'None'
[0.472s] Level 5:colcon.colcon_core.verb:set package 'scout_mini_description' build argument 'catkin_skip_building_tests' from command line to 'False'
[0.472s] DEBUG:colcon.colcon_core.verb:Building package 'scout_mini_description' with the following arguments: {'ament_cmake_args': None, 'ament_gradle_args': None, 'ament_gradle_task': None, 'build_base': '/home/takuto/scout_ws/build/scout_mini_description', 'catkin_cmake_args': None, 'catkin_skip_building_tests': False, 'cmake_args': None, 'cmake_clean_cache': False, 'cmake_clean_first': False, 'cmake_force_configure': False, 'cmake_target': None, 'cmake_target_skip_unavailable': False, 'gradle_args': None, 'gradle_task': None, 'install_base': '/home/takuto/scout_ws/install/scout_mini_description', 'merge_install': False, 'path': '/home/takuto/scout_ws/src/scout_mini_description', 'symlink_install': False, 'test_result_base': None}
[0.472s] Level 5:colcon.colcon_core.verb:set package 'scout_mini_gazebo_sim' build argument 'ament_gradle_args' from command line to 'None'
[0.472s] Level 5:colcon.colcon_core.verb:set package 'scout_mini_gazebo_sim' build argument 'ament_gradle_task' from command line to 'None'
[0.472s] Level 5:colcon.colcon_core.verb:set package 'scout_mini_gazebo_sim' build argument 'cmake_args' from command line to 'None'
[0.472s] Level 5:colcon.colcon_core.verb:set package 'scout_mini_gazebo_sim' build argument 'cmake_target' from command line to 'None'
[0.472s] Level 5:colcon.colcon_core.verb:set package 'scout_mini_gazebo_sim' build argument 'cmake_target_skip_unavailable' from command line to 'False'
[0.472s] Level 5:colcon.colcon_core.verb:set package 'scout_mini_gazebo_sim' build argument 'cmake_clean_cache' from command line to 'False'
[0.472s] Level 5:colcon.colcon_core.verb:set package 'scout_mini_gazebo_sim' build argument 'cmake_clean_first' from command line to 'False'
[0.472s] Level 5:colcon.colcon_core.verb:set package 'scout_mini_gazebo_sim' build argument 'cmake_force_configure' from command line to 'False'
[0.472s] Level 5:colcon.colcon_core.verb:set package 'scout_mini_gazebo_sim' build argument 'gradle_args' from command line to 'None'
[0.472s] Level 5:colcon.colcon_core.verb:set package 'scout_mini_gazebo_sim' build argument 'gradle_task' from command line to 'None'
[0.472s] Level 5:colcon.colcon_core.verb:set package 'scout_mini_gazebo_sim' build argument 'ament_cmake_args' from command line to 'None'
[0.472s] Level 5:colcon.colcon_core.verb:set package 'scout_mini_gazebo_sim' build argument 'catkin_cmake_args' from command line to 'None'
[0.472s] Level 5:colcon.colcon_core.verb:set package 'scout_mini_gazebo_sim' build argument 'catkin_skip_building_tests' from command line to 'False'
[0.472s] DEBUG:colcon.colcon_core.verb:Building package 'scout_mini_gazebo_sim' with the following arguments: {'ament_cmake_args': None, 'ament_gradle_args': None, 'ament_gradle_task': None, 'build_base': '/home/takuto/scout_ws/build/scout_mini_gazebo_sim', 'catkin_cmake_args': None, 'catkin_skip_building_tests': False, 'cmake_args': None, 'cmake_clean_cache': False, 'cmake_clean_first': False, 'cmake_force_configure': False, 'cmake_target': None, 'cmake_target_skip_unavailable': False, 'gradle_args': None, 'gradle_task': None, 'install_base': '/home/takuto/scout_ws/install/scout_mini_gazebo_sim', 'merge_install': False, 'path': '/home/takuto/scout_ws/src/scout_mini_gazebo_sim', 'symlink_install': False, 'test_result_base': None}
[0.472s] INFO:colcon.colcon_core.executor:Executing jobs using 'parallel' executor
[0.474s] DEBUG:colcon.colcon_parallel_executor.executor.parallel:run_until_complete
[0.474s] INFO:colcon.colcon_ros.task.ament_cmake.build:Building ROS package in '/home/takuto/scout_ws/src/scout_mini_description' with build type 'ament_cmake'
[0.474s] INFO:colcon.colcon_cmake.task.cmake.build:Building CMake package in '/home/takuto/scout_ws/src/scout_mini_description'
[0.476s] INFO:colcon.colcon_core.plugin_system:Skipping extension 'colcon_core.shell.bat': Not used on non-Windows systems
[0.477s] INFO:colcon.colcon_core.shell:Skip shell extension 'powershell' for command environment: Not usable outside of PowerShell
[0.477s] DEBUG:colcon.colcon_core.shell:Skip shell extension 'dsv' for command environment
[0.485s] INFO:colcon.colcon_ros.task.ament_python.build:Building ROS package in '/home/takuto/scout_ws/src/cmd_vel_joy' with build type 'ament_python'
[0.486s] Level 1:colcon.colcon_core.shell:create_environment_hook('cmd_vel_joy', 'ament_prefix_path')
[0.486s] INFO:colcon.colcon_core.shell:Creating environment hook '/home/takuto/scout_ws/install/cmd_vel_joy/share/cmd_vel_joy/hook/ament_prefix_path.ps1'
[0.486s] INFO:colcon.colcon_core.shell:Creating environment descriptor '/home/takuto/scout_ws/install/cmd_vel_joy/share/cmd_vel_joy/hook/ament_prefix_path.dsv'
[0.487s] INFO:colcon.colcon_core.shell:Creating environment hook '/home/takuto/scout_ws/install/cmd_vel_joy/share/cmd_vel_joy/hook/ament_prefix_path.sh'
[0.488s] INFO:colcon.colcon_core.shell:Skip shell extension 'powershell' for command environment: Not usable outside of PowerShell
[0.488s] DEBUG:colcon.colcon_core.shell:Skip shell extension 'dsv' for command environment
[0.495s] INFO:colcon.colcon_ros.task.ament_python.build:Building ROS package in '/home/takuto/scout_ws/src/cost_cul' with build type 'ament_python'
[0.496s] Level 1:colcon.colcon_core.shell:create_environment_hook('cost_cul', 'ament_prefix_path')
[0.496s] INFO:colcon.colcon_core.shell:Creating environment hook '/home/takuto/scout_ws/install/cost_cul/share/cost_cul/hook/ament_prefix_path.ps1'
[0.496s] INFO:colcon.colcon_core.shell:Creating environment descriptor '/home/takuto/scout_ws/install/cost_cul/share/cost_cul/hook/ament_prefix_path.dsv'
[0.497s] INFO:colcon.colcon_core.shell:Creating environment hook '/home/takuto/scout_ws/install/cost_cul/share/cost_cul/hook/ament_prefix_path.sh'
[0.497s] INFO:colcon.colcon_core.shell:Skip shell extension 'powershell' for command environment: Not usable outside of PowerShell
[0.497s] DEBUG:colcon.colcon_core.shell:Skip shell extension 'dsv' for command environment
[0.506s] INFO:colcon.colcon_ros.task.ament_cmake.build:Building ROS package in '/home/takuto/scout_ws/src/hesai_description' with build type 'ament_cmake'
[0.506s] INFO:colcon.colcon_cmake.task.cmake.build:Building CMake package in '/home/takuto/scout_ws/src/hesai_description'
[0.506s] INFO:colcon.colcon_core.shell:Skip shell extension 'powershell' for command environment: Not usable outside of PowerShell
[0.506s] DEBUG:colcon.colcon_core.shell:Skip shell extension 'dsv' for command environment
[0.515s] INFO:colcon.colcon_ros.task.ament_cmake.build:Building ROS package in '/home/takuto/scout_ws/src/HesaiLidar_ROS_2.0' with build type 'ament_cmake'
[0.515s] INFO:colcon.colcon_cmake.task.cmake.build:Building CMake package in '/home/takuto/scout_ws/src/HesaiLidar_ROS_2.0'
[0.515s] INFO:colcon.colcon_core.shell:Skip shell extension 'powershell' for command environment: Not usable outside of PowerShell
[0.515s] DEBUG:colcon.colcon_core.shell:Skip shell extension 'dsv' for command environment
[0.523s] INFO:colcon.colcon_ros.task.ament_cmake.build:Building ROS package in '/home/takuto/scout_ws/src/scout_gazebo' with build type 'ament_cmake'
[0.523s] INFO:colcon.colcon_cmake.task.cmake.build:Building CMake package in '/home/takuto/scout_ws/src/scout_gazebo'
[0.524s] INFO:colcon.colcon_core.shell:Skip shell extension 'powershell' for command environment: Not usable outside of PowerShell
[0.524s] DEBUG:colcon.colcon_core.shell:Skip shell extension 'dsv' for command environment
[0.531s] INFO:colcon.colcon_ros.task.ament_cmake.build:Building ROS package in '/home/takuto/scout_ws/src/scout_mini_control' with build type 'ament_cmake'
[0.532s] INFO:colcon.colcon_cmake.task.cmake.build:Building CMake package in '/home/takuto/scout_ws/src/scout_mini_control'
[0.532s] INFO:colcon.colcon_core.shell:Skip shell extension 'powershell' for command environment: Not usable outside of PowerShell
[0.532s] DEBUG:colcon.colcon_core.shell:Skip shell extension 'dsv' for command environment
[0.548s] DEBUG:colcon.colcon_core.event_handler.log_command:Invoking command in '/home/takuto/scout_ws/build/scout_mini_description': CMAKE_PREFIX_PATH=/home/takuto/scout_ws/install/scout_mini_gazebo_sim:/home/takuto/scout_ws/src/install/scout_mini_gazebo_sim:/home/takuto/scout_ws/src/install/scout_mini_description:/home/takuto/scout_ws/src/install/scout_mini_control:/home/takuto/scout_ws/src/install/hesai_description:/home/takuto/scout_ws/install/scout_mini_control:/home/takuto/scout_ws/install/scout_mini_description:/home/takuto/scout_ws/install/scout_gazebo:/home/takuto/scout_ws/install/scout_description:/home/takuto/scout_ws/install/hesai_ros_driver:/home/takuto/scout_ws/install/hesai_description:/home/takuto/mecanumrover_ws/install/vs_rover_options_description:/home/takuto/mecanumrover_ws/install/mecanumrover_gazebo:/home/takuto/mecanumrover_ws/install/mecanumrover3:/home/takuto/mecanumrover_ws/install/mecanumrover_description:/home/takuto/mecanumrover_ws/install/mecanumrover3_bringup:/home/takuto/uros_ws/install/micro_ros_setup:/home/takuto/uros_ws/install/micro_ros_agent:/home/takuto/uros_ws/install/micro_ros_msgs:/home/takuto/scout_ws/src/install/scout_gazebo:/home/takuto/scout_ws/src/install/hesai_ros_driver:/home/takuto/turtlebot3_ws/install/turtlebot3:/home/takuto/turtlebot3_ws/install/turtlebot3_simulations:/home/takuto/turtlebot3_ws/install/turtlebot3_bringup:/home/takuto/turtlebot3_ws/install/turtlebot3_node:/home/takuto/turtlebot3_ws/install/turtlebot3_navigation2:/home/takuto/turtlebot3_ws/install/turtlebot3_gazebo:/home/takuto/turtlebot3_ws/install/turtlebot3_fake_node:/home/takuto/turtlebot3_ws/install/turtlebot3_description:/home/takuto/turtlebot3_ws/install/turtlebot3_cartographer:/home/takuto/scout_ws/src/install/cost_cul:/home/takuto/scout_ws/install/cost_cul:/home/takuto/scout_ws/install/cmd_vel_joy:/home/takuto/scout_ws/src/install/cmd_vel_joy:/home/takuto/turtlebot3_ws/install/turtlebot3_teleop:/home/takuto/turtlebot3_ws/install/turtlebot3_example:/home/takuto/turtlebot3_ws/install/cmd_vel_joy:/opt/ros/humble:/home/takuto/turtlebot3_ws/install/realsense_gazebo_plugin:/home/takuto/turtlebot3_ws/install/realsense2_description:/home/takuto/turtlebot3_ws/install/realsense2_camera:/home/takuto/turtlebot3_ws/install/realsense2_camera_msgs:/home/takuto/turtlebot3_ws/install/dynamixel_sdk_examples:/home/takuto/turtlebot3_ws/install/dynamixel_sdk_custom_interfaces:/home/takuto/turtlebot3_ws/install/dynamixel_sdk /usr/bin/cmake /home/takuto/scout_ws/src/scout_mini_description -DCMAKE_INSTALL_PREFIX=/home/takuto/scout_ws/install/scout_mini_description
[0.878s] INFO:colcon.colcon_core.task.python.build:Building Python package in '/home/takuto/scout_ws/src/cmd_vel_joy'
[0.878s] INFO:colcon.colcon_core.shell:Skip shell extension 'powershell' for command environment: Not usable outside of PowerShell
[0.878s] DEBUG:colcon.colcon_core.shell:Skip shell extension 'dsv' for command environment
[1.194s] INFO:colcon.colcon_core.task.python.build:Building Python package in '/home/takuto/scout_ws/src/cost_cul'
[1.194s] INFO:colcon.colcon_core.shell:Skip shell extension 'powershell' for command environment: Not usable outside of PowerShell
[1.194s] DEBUG:colcon.colcon_core.shell:Skip shell extension 'dsv' for command environment
[1.205s] DEBUG:colcon.colcon_core.event_handler.log_command:Invoking command in '/home/takuto/scout_ws/build/hesai_description': CMAKE_PREFIX_PATH=/home/takuto/scout_ws/install/scout_mini_gazebo_sim:/home/takuto/scout_ws/src/install/scout_mini_gazebo_sim:/home/takuto/scout_ws/src/install/scout_mini_description:/home/takuto/scout_ws/src/install/scout_mini_control:/home/takuto/scout_ws/src/install/hesai_description:/home/takuto/scout_ws/install/scout_mini_control:/home/takuto/scout_ws/install/scout_mini_description:/home/takuto/scout_ws/install/scout_gazebo:/home/takuto/scout_ws/install/scout_description:/home/takuto/scout_ws/install/hesai_ros_driver:/home/takuto/scout_ws/install/hesai_description:/home/takuto/mecanumrover_ws/install/vs_rover_options_description:/home/takuto/mecanumrover_ws/install/mecanumrover_gazebo:/home/takuto/mecanumrover_ws/install/mecanumrover3:/home/takuto/mecanumrover_ws/install/mecanumrover_description:/home/takuto/mecanumrover_ws/install/mecanumrover3_bringup:/home/takuto/uros_ws/install/micro_ros_setup:/home/takuto/uros_ws/install/micro_ros_agent:/home/takuto/uros_ws/install/micro_ros_msgs:/home/takuto/scout_ws/src/install/scout_gazebo:/home/takuto/scout_ws/src/install/hesai_ros_driver:/home/takuto/turtlebot3_ws/install/turtlebot3:/home/takuto/turtlebot3_ws/install/turtlebot3_simulations:/home/takuto/turtlebot3_ws/install/turtlebot3_bringup:/home/takuto/turtlebot3_ws/install/turtlebot3_node:/home/takuto/turtlebot3_ws/install/turtlebot3_navigation2:/home/takuto/turtlebot3_ws/install/turtlebot3_gazebo:/home/takuto/turtlebot3_ws/install/turtlebot3_fake_node:/home/takuto/turtlebot3_ws/install/turtlebot3_description:/home/takuto/turtlebot3_ws/install/turtlebot3_cartographer:/home/takuto/scout_ws/src/install/cost_cul:/home/takuto/scout_ws/install/cost_cul:/home/takuto/scout_ws/install/cmd_vel_joy:/home/takuto/scout_ws/src/install/cmd_vel_joy:/home/takuto/turtlebot3_ws/install/turtlebot3_teleop:/home/takuto/turtlebot3_ws/install/turtlebot3_example:/home/takuto/turtlebot3_ws/install/cmd_vel_joy:/opt/ros/humble:/home/takuto/turtlebot3_ws/install/realsense_gazebo_plugin:/home/takuto/turtlebot3_ws/install/realsense2_description:/home/takuto/turtlebot3_ws/install/realsense2_camera:/home/takuto/turtlebot3_ws/install/realsense2_camera_msgs:/home/takuto/turtlebot3_ws/install/dynamixel_sdk_examples:/home/takuto/turtlebot3_ws/install/dynamixel_sdk_custom_interfaces:/home/takuto/turtlebot3_ws/install/dynamixel_sdk /usr/bin/cmake /home/takuto/scout_ws/src/hesai_description -DCMAKE_INSTALL_PREFIX=/home/takuto/scout_ws/install/hesai_description
[1.208s] DEBUG:colcon.colcon_core.event_handler.log_command:Invoking command in '/home/takuto/scout_ws/build/hesai_ros_driver': CMAKE_PREFIX_PATH=/home/takuto/scout_ws/install/scout_mini_gazebo_sim:/home/takuto/scout_ws/src/install/scout_mini_gazebo_sim:/home/takuto/scout_ws/src/install/scout_mini_description:/home/takuto/scout_ws/src/install/scout_mini_control:/home/takuto/scout_ws/src/install/hesai_description:/home/takuto/scout_ws/install/scout_mini_control:/home/takuto/scout_ws/install/scout_mini_description:/home/takuto/scout_ws/install/scout_gazebo:/home/takuto/scout_ws/install/scout_description:/home/takuto/scout_ws/install/hesai_ros_driver:/home/takuto/scout_ws/install/hesai_description:/home/takuto/mecanumrover_ws/install/vs_rover_options_description:/home/takuto/mecanumrover_ws/install/mecanumrover_gazebo:/home/takuto/mecanumrover_ws/install/mecanumrover3:/home/takuto/mecanumrover_ws/install/mecanumrover_description:/home/takuto/mecanumrover_ws/install/mecanumrover3_bringup:/home/takuto/uros_ws/install/micro_ros_setup:/home/takuto/uros_ws/install/micro_ros_agent:/home/takuto/uros_ws/install/micro_ros_msgs:/home/takuto/scout_ws/src/install/scout_gazebo:/home/takuto/scout_ws/src/install/hesai_ros_driver:/home/takuto/turtlebot3_ws/install/turtlebot3:/home/takuto/turtlebot3_ws/install/turtlebot3_simulations:/home/takuto/turtlebot3_ws/install/turtlebot3_bringup:/home/takuto/turtlebot3_ws/install/turtlebot3_node:/home/takuto/turtlebot3_ws/install/turtlebot3_navigation2:/home/takuto/turtlebot3_ws/install/turtlebot3_gazebo:/home/takuto/turtlebot3_ws/install/turtlebot3_fake_node:/home/takuto/turtlebot3_ws/install/turtlebot3_description:/home/takuto/turtlebot3_ws/install/turtlebot3_cartographer:/home/takuto/scout_ws/src/install/cost_cul:/home/takuto/scout_ws/install/cost_cul:/home/takuto/scout_ws/install/cmd_vel_joy:/home/takuto/scout_ws/src/install/cmd_vel_joy:/home/takuto/turtlebot3_ws/install/turtlebot3_teleop:/home/takuto/turtlebot3_ws/install/turtlebot3_example:/home/takuto/turtlebot3_ws/install/cmd_vel_joy:/opt/ros/humble:/home/takuto/turtlebot3_ws/install/realsense_gazebo_plugin:/home/takuto/turtlebot3_ws/install/realsense2_description:/home/takuto/turtlebot3_ws/install/realsense2_camera:/home/takuto/turtlebot3_ws/install/realsense2_camera_msgs:/home/takuto/turtlebot3_ws/install/dynamixel_sdk_examples:/home/takuto/turtlebot3_ws/install/dynamixel_sdk_custom_interfaces:/home/takuto/turtlebot3_ws/install/dynamixel_sdk /usr/bin/cmake /home/takuto/scout_ws/src/HesaiLidar_ROS_2.0 -DCMAKE_INSTALL_PREFIX=/home/takuto/scout_ws/install/hesai_ros_driver
[1.212s] DEBUG:colcon.colcon_core.event_handler.log_command:Invoking command in '/home/takuto/scout_ws/build/scout_gazebo': CMAKE_PREFIX_PATH=/home/takuto/scout_ws/install/scout_mini_gazebo_sim:/home/takuto/scout_ws/src/install/scout_mini_gazebo_sim:/home/takuto/scout_ws/src/install/scout_mini_description:/home/takuto/scout_ws/src/install/scout_mini_control:/home/takuto/scout_ws/src/install/hesai_description:/home/takuto/scout_ws/install/scout_mini_control:/home/takuto/scout_ws/install/scout_mini_description:/home/takuto/scout_ws/install/scout_gazebo:/home/takuto/scout_ws/install/scout_description:/home/takuto/scout_ws/install/hesai_ros_driver:/home/takuto/scout_ws/install/hesai_description:/home/takuto/mecanumrover_ws/install/vs_rover_options_description:/home/takuto/mecanumrover_ws/install/mecanumrover_gazebo:/home/takuto/mecanumrover_ws/install/mecanumrover3:/home/takuto/mecanumrover_ws/install/mecanumrover_description:/home/takuto/mecanumrover_ws/install/mecanumrover3_bringup:/home/takuto/uros_ws/install/micro_ros_setup:/home/takuto/uros_ws/install/micro_ros_agent:/home/takuto/uros_ws/install/micro_ros_msgs:/home/takuto/scout_ws/src/install/scout_gazebo:/home/takuto/scout_ws/src/install/hesai_ros_driver:/home/takuto/turtlebot3_ws/install/turtlebot3:/home/takuto/turtlebot3_ws/install/turtlebot3_simulations:/home/takuto/turtlebot3_ws/install/turtlebot3_bringup:/home/takuto/turtlebot3_ws/install/turtlebot3_node:/home/takuto/turtlebot3_ws/install/turtlebot3_navigation2:/home/takuto/turtlebot3_ws/install/turtlebot3_gazebo:/home/takuto/turtlebot3_ws/install/turtlebot3_fake_node:/home/takuto/turtlebot3_ws/install/turtlebot3_description:/home/takuto/turtlebot3_ws/install/turtlebot3_cartographer:/home/takuto/scout_ws/src/install/cost_cul:/home/takuto/scout_ws/install/cost_cul:/home/takuto/scout_ws/install/cmd_vel_joy:/home/takuto/scout_ws/src/install/cmd_vel_joy:/home/takuto/turtlebot3_ws/install/turtlebot3_teleop:/home/takuto/turtlebot3_ws/install/turtlebot3_example:/home/takuto/turtlebot3_ws/install/cmd_vel_joy:/opt/ros/humble:/home/takuto/turtlebot3_ws/install/realsense_gazebo_plugin:/home/takuto/turtlebot3_ws/install/realsense2_description:/home/takuto/turtlebot3_ws/install/realsense2_camera:/home/takuto/turtlebot3_ws/install/realsense2_camera_msgs:/home/takuto/turtlebot3_ws/install/dynamixel_sdk_examples:/home/takuto/turtlebot3_ws/install/dynamixel_sdk_custom_interfaces:/home/takuto/turtlebot3_ws/install/dynamixel_sdk /usr/bin/cmake /home/takuto/scout_ws/src/scout_gazebo -DCMAKE_INSTALL_PREFIX=/home/takuto/scout_ws/install/scout_gazebo
[1.219s] DEBUG:colcon.colcon_core.event_handler.log_command:Invoking command in '/home/takuto/scout_ws/build/scout_mini_control': CMAKE_PREFIX_PATH=/home/takuto/scout_ws/install/scout_mini_gazebo_sim:/home/takuto/scout_ws/src/install/scout_mini_gazebo_sim:/home/takuto/scout_ws/src/install/scout_mini_description:/home/takuto/scout_ws/src/install/scout_mini_control:/home/takuto/scout_ws/src/install/hesai_description:/home/takuto/scout_ws/install/scout_mini_control:/home/takuto/scout_ws/install/scout_mini_description:/home/takuto/scout_ws/install/scout_gazebo:/home/takuto/scout_ws/install/scout_description:/home/takuto/scout_ws/install/hesai_ros_driver:/home/takuto/scout_ws/install/hesai_description:/home/takuto/mecanumrover_ws/install/vs_rover_options_description:/home/takuto/mecanumrover_ws/install/mecanumrover_gazebo:/home/takuto/mecanumrover_ws/install/mecanumrover3:/home/takuto/mecanumrover_ws/install/mecanumrover_description:/home/takuto/mecanumrover_ws/install/mecanumrover3_bringup:/home/takuto/uros_ws/install/micro_ros_setup:/home/takuto/uros_ws/install/micro_ros_agent:/home/takuto/uros_ws/install/micro_ros_msgs:/home/takuto/scout_ws/src/install/scout_gazebo:/home/takuto/scout_ws/src/install/hesai_ros_driver:/home/takuto/turtlebot3_ws/install/turtlebot3:/home/takuto/turtlebot3_ws/install/turtlebot3_simulations:/home/takuto/turtlebot3_ws/install/turtlebot3_bringup:/home/takuto/turtlebot3_ws/install/turtlebot3_node:/home/takuto/turtlebot3_ws/install/turtlebot3_navigation2:/home/takuto/turtlebot3_ws/install/turtlebot3_gazebo:/home/takuto/turtlebot3_ws/install/turtlebot3_fake_node:/home/takuto/turtlebot3_ws/install/turtlebot3_description:/home/takuto/turtlebot3_ws/install/turtlebot3_cartographer:/home/takuto/scout_ws/src/install/cost_cul:/home/takuto/scout_ws/install/cost_cul:/home/takuto/scout_ws/install/cmd_vel_joy:/home/takuto/scout_ws/src/install/cmd_vel_joy:/home/takuto/turtlebot3_ws/install/turtlebot3_teleop:/home/takuto/turtlebot3_ws/install/turtlebot3_example:/home/takuto/turtlebot3_ws/install/cmd_vel_joy:/opt/ros/humble:/home/takuto/turtlebot3_ws/install/realsense_gazebo_plugin:/home/takuto/turtlebot3_ws/install/realsense2_description:/home/takuto/turtlebot3_ws/install/realsense2_camera:/home/takuto/turtlebot3_ws/install/realsense2_camera_msgs:/home/takuto/turtlebot3_ws/install/dynamixel_sdk_examples:/home/takuto/turtlebot3_ws/install/dynamixel_sdk_custom_interfaces:/home/takuto/turtlebot3_ws/install/dynamixel_sdk /usr/bin/cmake /home/takuto/scout_ws/src/scout_mini_control -DCMAKE_INSTALL_PREFIX=/home/takuto/scout_ws/install/scout_mini_control
[1.220s] DEBUG:colcon.colcon_core.event_handler.log_command:Invoked command in '/home/takuto/scout_ws/build/scout_mini_description' returned '0': CMAKE_PREFIX_PATH=/home/takuto/scout_ws/install/scout_mini_gazebo_sim:/home/takuto/scout_ws/src/install/scout_mini_gazebo_sim:/home/takuto/scout_ws/src/install/scout_mini_description:/home/takuto/scout_ws/src/install/scout_mini_control:/home/takuto/scout_ws/src/install/hesai_description:/home/takuto/scout_ws/install/scout_mini_control:/home/takuto/scout_ws/install/scout_mini_description:/home/takuto/scout_ws/install/scout_gazebo:/home/takuto/scout_ws/install/scout_description:/home/takuto/scout_ws/install/hesai_ros_driver:/home/takuto/scout_ws/install/hesai_description:/home/takuto/mecanumrover_ws/install/vs_rover_options_description:/home/takuto/mecanumrover_ws/install/mecanumrover_gazebo:/home/takuto/mecanumrover_ws/install/mecanumrover3:/home/takuto/mecanumrover_ws/install/mecanumrover_description:/home/takuto/mecanumrover_ws/install/mecanumrover3_bringup:/home/takuto/uros_ws/install/micro_ros_setup:/home/takuto/uros_ws/install/micro_ros_agent:/home/takuto/uros_ws/install/micro_ros_msgs:/home/takuto/scout_ws/src/install/scout_gazebo:/home/takuto/scout_ws/src/install/hesai_ros_driver:/home/takuto/turtlebot3_ws/install/turtlebot3:/home/takuto/turtlebot3_ws/install/turtlebot3_simulations:/home/takuto/turtlebot3_ws/install/turtlebot3_bringup:/home/takuto/turtlebot3_ws/install/turtlebot3_node:/home/takuto/turtlebot3_ws/install/turtlebot3_navigation2:/home/takuto/turtlebot3_ws/install/turtlebot3_gazebo:/home/takuto/turtlebot3_ws/install/turtlebot3_fake_node:/home/takuto/turtlebot3_ws/install/turtlebot3_description:/home/takuto/turtlebot3_ws/install/turtlebot3_cartographer:/home/takuto/scout_ws/src/install/cost_cul:/home/takuto/scout_ws/install/cost_cul:/home/takuto/scout_ws/install/cmd_vel_joy:/home/takuto/scout_ws/src/install/cmd_vel_joy:/home/takuto/turtlebot3_ws/install/turtlebot3_teleop:/home/takuto/turtlebot3_ws/install/turtlebot3_example:/home/takuto/turtlebot3_ws/install/cmd_vel_joy:/opt/ros/humble:/home/takuto/turtlebot3_ws/install/realsense_gazebo_plugin:/home/takuto/turtlebot3_ws/install/realsense2_description:/home/takuto/turtlebot3_ws/install/realsense2_camera:/home/takuto/turtlebot3_ws/install/realsense2_camera_msgs:/home/takuto/turtlebot3_ws/install/dynamixel_sdk_examples:/home/takuto/turtlebot3_ws/install/dynamixel_sdk_custom_interfaces:/home/takuto/turtlebot3_ws/install/dynamixel_sdk /usr/bin/cmake /home/takuto/scout_ws/src/scout_mini_description -DCMAKE_INSTALL_PREFIX=/home/takuto/scout_ws/install/scout_mini_description
[1.222s] DEBUG:colcon.colcon_core.event_handler.log_command:Invoking command in '/home/takuto/scout_ws/build/scout_mini_description': CMAKE_PREFIX_PATH=/home/takuto/scout_ws/install/scout_mini_gazebo_sim:/home/takuto/scout_ws/src/install/scout_mini_gazebo_sim:/home/takuto/scout_ws/src/install/scout_mini_description:/home/takuto/scout_ws/src/install/scout_mini_control:/home/takuto/scout_ws/src/install/hesai_description:/home/takuto/scout_ws/install/scout_mini_control:/home/takuto/scout_ws/install/scout_mini_description:/home/takuto/scout_ws/install/scout_gazebo:/home/takuto/scout_ws/install/scout_description:/home/takuto/scout_ws/install/hesai_ros_driver:/home/takuto/scout_ws/install/hesai_description:/home/takuto/mecanumrover_ws/install/vs_rover_options_description:/home/takuto/mecanumrover_ws/install/mecanumrover_gazebo:/home/takuto/mecanumrover_ws/install/mecanumrover3:/home/takuto/mecanumrover_ws/install/mecanumrover_description:/home/takuto/mecanumrover_ws/install/mecanumrover3_bringup:/home/takuto/uros_ws/install/micro_ros_setup:/home/takuto/uros_ws/install/micro_ros_agent:/home/takuto/uros_ws/install/micro_ros_msgs:/home/takuto/scout_ws/src/install/scout_gazebo:/home/takuto/scout_ws/src/install/hesai_ros_driver:/home/takuto/turtlebot3_ws/install/turtlebot3:/home/takuto/turtlebot3_ws/install/turtlebot3_simulations:/home/takuto/turtlebot3_ws/install/turtlebot3_bringup:/home/takuto/turtlebot3_ws/install/turtlebot3_node:/home/takuto/turtlebot3_ws/install/turtlebot3_navigation2:/home/takuto/turtlebot3_ws/install/turtlebot3_gazebo:/home/takuto/turtlebot3_ws/install/turtlebot3_fake_node:/home/takuto/turtlebot3_ws/install/turtlebot3_description:/home/takuto/turtlebot3_ws/install/turtlebot3_cartographer:/home/takuto/scout_ws/src/install/cost_cul:/home/takuto/scout_ws/install/cost_cul:/home/takuto/scout_ws/install/cmd_vel_joy:/home/takuto/scout_ws/src/install/cmd_vel_joy:/home/takuto/turtlebot3_ws/install/turtlebot3_teleop:/home/takuto/turtlebot3_ws/install/turtlebot3_example:/home/takuto/turtlebot3_ws/install/cmd_vel_joy:/opt/ros/humble:/home/takuto/turtlebot3_ws/install/realsense_gazebo_plugin:/home/takuto/turtlebot3_ws/install/realsense2_description:/home/takuto/turtlebot3_ws/install/realsense2_camera:/home/takuto/turtlebot3_ws/install/realsense2_camera_msgs:/home/takuto/turtlebot3_ws/install/dynamixel_sdk_examples:/home/takuto/turtlebot3_ws/install/dynamixel_sdk_custom_interfaces:/home/takuto/turtlebot3_ws/install/dynamixel_sdk /usr/bin/cmake --build /home/takuto/scout_ws/build/scout_mini_description -- -j16 -l16
[1.293s] DEBUG:colcon.colcon_core.event_handler.log_command:Invoked command in '/home/takuto/scout_ws/build/scout_mini_description' returned '0': CMAKE_PREFIX_PATH=/home/takuto/scout_ws/install/scout_mini_gazebo_sim:/home/takuto/scout_ws/src/install/scout_mini_gazebo_sim:/home/takuto/scout_ws/src/install/scout_mini_description:/home/takuto/scout_ws/src/install/scout_mini_control:/home/takuto/scout_ws/src/install/hesai_description:/home/takuto/scout_ws/install/scout_mini_control:/home/takuto/scout_ws/install/scout_mini_description:/home/takuto/scout_ws/install/scout_gazebo:/home/takuto/scout_ws/install/scout_description:/home/takuto/scout_ws/install/hesai_ros_driver:/home/takuto/scout_ws/install/hesai_description:/home/takuto/mecanumrover_ws/install/vs_rover_options_description:/home/takuto/mecanumrover_ws/install/mecanumrover_gazebo:/home/takuto/mecanumrover_ws/install/mecanumrover3:/home/takuto/mecanumrover_ws/install/mecanumrover_description:/home/takuto/mecanumrover_ws/install/mecanumrover3_bringup:/home/takuto/uros_ws/install/micro_ros_setup:/home/takuto/uros_ws/install/micro_ros_agent:/home/takuto/uros_ws/install/micro_ros_msgs:/home/takuto/scout_ws/src/install/scout_gazebo:/home/takuto/scout_ws/src/install/hesai_ros_driver:/home/takuto/turtlebot3_ws/install/turtlebot3:/home/takuto/turtlebot3_ws/install/turtlebot3_simulations:/home/takuto/turtlebot3_ws/install/turtlebot3_bringup:/home/takuto/turtlebot3_ws/install/turtlebot3_node:/home/takuto/turtlebot3_ws/install/turtlebot3_navigation2:/home/takuto/turtlebot3_ws/install/turtlebot3_gazebo:/home/takuto/turtlebot3_ws/install/turtlebot3_fake_node:/home/takuto/turtlebot3_ws/install/turtlebot3_description:/home/takuto/turtlebot3_ws/install/turtlebot3_cartographer:/home/takuto/scout_ws/src/install/cost_cul:/home/takuto/scout_ws/install/cost_cul:/home/takuto/scout_ws/install/cmd_vel_joy:/home/takuto/scout_ws/src/install/cmd_vel_joy:/home/takuto/turtlebot3_ws/install/turtlebot3_teleop:/home/takuto/turtlebot3_ws/install/turtlebot3_example:/home/takuto/turtlebot3_ws/install/cmd_vel_joy:/opt/ros/humble:/home/takuto/turtlebot3_ws/install/realsense_gazebo_plugin:/home/takuto/turtlebot3_ws/install/realsense2_description:/home/takuto/turtlebot3_ws/install/realsense2_camera:/home/takuto/turtlebot3_ws/install/realsense2_camera_msgs:/home/takuto/turtlebot3_ws/install/dynamixel_sdk_examples:/home/takuto/turtlebot3_ws/install/dynamixel_sdk_custom_interfaces:/home/takuto/turtlebot3_ws/install/dynamixel_sdk /usr/bin/cmake --build /home/takuto/scout_ws/build/scout_mini_description -- -j16 -l16
[1.314s] DEBUG:colcon.colcon_core.event_handler.log_command:Invoking command in '/home/takuto/scout_ws/build/scout_mini_description': CMAKE_PREFIX_PATH=/home/takuto/scout_ws/install/scout_mini_gazebo_sim:/home/takuto/scout_ws/src/install/scout_mini_gazebo_sim:/home/takuto/scout_ws/src/install/scout_mini_description:/home/takuto/scout_ws/src/install/scout_mini_control:/home/takuto/scout_ws/src/install/hesai_description:/home/takuto/scout_ws/install/scout_mini_control:/home/takuto/scout_ws/install/scout_mini_description:/home/takuto/scout_ws/install/scout_gazebo:/home/takuto/scout_ws/install/scout_description:/home/takuto/scout_ws/install/hesai_ros_driver:/home/takuto/scout_ws/install/hesai_description:/home/takuto/mecanumrover_ws/install/vs_rover_options_description:/home/takuto/mecanumrover_ws/install/mecanumrover_gazebo:/home/takuto/mecanumrover_ws/install/mecanumrover3:/home/takuto/mecanumrover_ws/install/mecanumrover_description:/home/takuto/mecanumrover_ws/install/mecanumrover3_bringup:/home/takuto/uros_ws/install/micro_ros_setup:/home/takuto/uros_ws/install/micro_ros_agent:/home/takuto/uros_ws/install/micro_ros_msgs:/home/takuto/scout_ws/src/install/scout_gazebo:/home/takuto/scout_ws/src/install/hesai_ros_driver:/home/takuto/turtlebot3_ws/install/turtlebot3:/home/takuto/turtlebot3_ws/install/turtlebot3_simulations:/home/takuto/turtlebot3_ws/install/turtlebot3_bringup:/home/takuto/turtlebot3_ws/install/turtlebot3_node:/home/takuto/turtlebot3_ws/install/turtlebot3_navigation2:/home/takuto/turtlebot3_ws/install/turtlebot3_gazebo:/home/takuto/turtlebot3_ws/install/turtlebot3_fake_node:/home/takuto/turtlebot3_ws/install/turtlebot3_description:/home/takuto/turtlebot3_ws/install/turtlebot3_cartographer:/home/takuto/scout_ws/src/install/cost_cul:/home/takuto/scout_ws/install/cost_cul:/home/takuto/scout_ws/install/cmd_vel_joy:/home/takuto/scout_ws/src/install/cmd_vel_joy:/home/takuto/turtlebot3_ws/install/turtlebot3_teleop:/home/takuto/turtlebot3_ws/install/turtlebot3_example:/home/takuto/turtlebot3_ws/install/cmd_vel_joy:/opt/ros/humble:/home/takuto/turtlebot3_ws/install/realsense_gazebo_plugin:/home/takuto/turtlebot3_ws/install/realsense2_description:/home/takuto/turtlebot3_ws/install/realsense2_camera:/home/takuto/turtlebot3_ws/install/realsense2_camera_msgs:/home/takuto/turtlebot3_ws/install/dynamixel_sdk_examples:/home/takuto/turtlebot3_ws/install/dynamixel_sdk_custom_interfaces:/home/takuto/turtlebot3_ws/install/dynamixel_sdk /usr/bin/cmake --install /home/takuto/scout_ws/build/scout_mini_description
[1.362s] Level 1:colcon.colcon_core.environment:create_environment_scripts_only(scout_mini_description)
[1.364s] DEBUG:colcon.colcon_core.event_handler.log_command:Invoked command in '/home/takuto/scout_ws/build/scout_mini_description' returned '0': CMAKE_PREFIX_PATH=/home/takuto/scout_ws/install/scout_mini_gazebo_sim:/home/takuto/scout_ws/src/install/scout_mini_gazebo_sim:/home/takuto/scout_ws/src/install/scout_mini_description:/home/takuto/scout_ws/src/install/scout_mini_control:/home/takuto/scout_ws/src/install/hesai_description:/home/takuto/scout_ws/install/scout_mini_control:/home/takuto/scout_ws/install/scout_mini_description:/home/takuto/scout_ws/install/scout_gazebo:/home/takuto/scout_ws/install/scout_description:/home/takuto/scout_ws/install/hesai_ros_driver:/home/takuto/scout_ws/install/hesai_description:/home/takuto/mecanumrover_ws/install/vs_rover_options_description:/home/takuto/mecanumrover_ws/install/mecanumrover_gazebo:/home/takuto/mecanumrover_ws/install/mecanumrover3:/home/takuto/mecanumrover_ws/install/mecanumrover_description:/home/takuto/mecanumrover_ws/install/mecanumrover3_bringup:/home/takuto/uros_ws/install/micro_ros_setup:/home/takuto/uros_ws/install/micro_ros_agent:/home/takuto/uros_ws/install/micro_ros_msgs:/home/takuto/scout_ws/src/install/scout_gazebo:/home/takuto/scout_ws/src/install/hesai_ros_driver:/home/takuto/turtlebot3_ws/install/turtlebot3:/home/takuto/turtlebot3_ws/install/turtlebot3_simulations:/home/takuto/turtlebot3_ws/install/turtlebot3_bringup:/home/takuto/turtlebot3_ws/install/turtlebot3_node:/home/takuto/turtlebot3_ws/install/turtlebot3_navigation2:/home/takuto/turtlebot3_ws/install/turtlebot3_gazebo:/home/takuto/turtlebot3_ws/install/turtlebot3_fake_node:/home/takuto/turtlebot3_ws/install/turtlebot3_description:/home/takuto/turtlebot3_ws/install/turtlebot3_cartographer:/home/takuto/scout_ws/src/install/cost_cul:/home/takuto/scout_ws/install/cost_cul:/home/takuto/scout_ws/install/cmd_vel_joy:/home/takuto/scout_ws/src/install/cmd_vel_joy:/home/takuto/turtlebot3_ws/install/turtlebot3_teleop:/home/takuto/turtlebot3_ws/install/turtlebot3_example:/home/takuto/turtlebot3_ws/install/cmd_vel_joy:/opt/ros/humble:/home/takuto/turtlebot3_ws/install/realsense_gazebo_plugin:/home/takuto/turtlebot3_ws/install/realsense2_description:/home/takuto/turtlebot3_ws/install/realsense2_camera:/home/takuto/turtlebot3_ws/install/realsense2_camera_msgs:/home/takuto/turtlebot3_ws/install/dynamixel_sdk_examples:/home/takuto/turtlebot3_ws/install/dynamixel_sdk_custom_interfaces:/home/takuto/turtlebot3_ws/install/dynamixel_sdk /usr/bin/cmake --install /home/takuto/scout_ws/build/scout_mini_description
[1.367s] Level 1:colcon.colcon_core.environment:checking '/home/takuto/scout_ws/install/scout_mini_description' for CMake module files
[1.368s] Level 1:colcon.colcon_core.environment:checking '/home/takuto/scout_ws/install/scout_mini_description' for CMake config files
[1.368s] Level 1:colcon.colcon_core.shell:create_environment_hook('scout_mini_description', 'cmake_prefix_path')
[1.369s] INFO:colcon.colcon_core.shell:Creating environment hook '/home/takuto/scout_ws/install/scout_mini_description/share/scout_mini_description/hook/cmake_prefix_path.ps1'
[1.369s] INFO:colcon.colcon_core.shell:Creating environment descriptor '/home/takuto/scout_ws/install/scout_mini_description/share/scout_mini_description/hook/cmake_prefix_path.dsv'
[1.370s] INFO:colcon.colcon_core.shell:Creating environment hook '/home/takuto/scout_ws/install/scout_mini_description/share/scout_mini_description/hook/cmake_prefix_path.sh'
[1.371s] Level 1:colcon.colcon_core.environment:checking '/home/takuto/scout_ws/install/scout_mini_description/bin'
[1.371s] Level 1:colcon.colcon_core.environment:checking '/home/takuto/scout_ws/install/scout_mini_description/lib/pkgconfig/scout_mini_description.pc'
[1.371s] Level 1:colcon.colcon_core.environment:checking '/home/takuto/scout_ws/install/scout_mini_description/lib/python3.10/site-packages'
[1.372s] Level 1:colcon.colcon_core.environment:checking '/home/takuto/scout_ws/install/scout_mini_description/bin'
[1.372s] INFO:colcon.colcon_core.shell:Creating package script '/home/takuto/scout_ws/install/scout_mini_description/share/scout_mini_description/package.ps1'
[1.373s] INFO:colcon.colcon_core.shell:Creating package descriptor '/home/takuto/scout_ws/install/scout_mini_description/share/scout_mini_description/package.dsv'
[1.374s] INFO:colcon.colcon_core.shell:Creating package script '/home/takuto/scout_ws/install/scout_mini_description/share/scout_mini_description/package.sh'
[1.375s] INFO:colcon.colcon_core.shell:Creating package script '/home/takuto/scout_ws/install/scout_mini_description/share/scout_mini_description/package.bash'
[1.377s] INFO:colcon.colcon_core.shell:Creating package script '/home/takuto/scout_ws/install/scout_mini_description/share/scout_mini_description/package.zsh'
[1.378s] Level 1:colcon.colcon_core.environment:create_file_with_runtime_dependencies(/home/takuto/scout_ws/install/scout_mini_description/share/colcon-core/packages/scout_mini_description)
[1.379s] Level 1:colcon.colcon_core.environment:create_environment_scripts_only(scout_mini_description)
[1.380s] Level 1:colcon.colcon_core.environment:checking '/home/takuto/scout_ws/install/scout_mini_description' for CMake module files
[1.380s] Level 1:colcon.colcon_core.environment:checking '/home/takuto/scout_ws/install/scout_mini_description' for CMake config files
[1.381s] Level 1:colcon.colcon_core.shell:create_environment_hook('scout_mini_description', 'cmake_prefix_path')
[1.381s] INFO:colcon.colcon_core.shell:Creating environment hook '/home/takuto/scout_ws/install/scout_mini_description/share/scout_mini_description/hook/cmake_prefix_path.ps1'
[1.381s] INFO:colcon.colcon_core.shell:Creating environment descriptor '/home/takuto/scout_ws/install/scout_mini_description/share/scout_mini_description/hook/cmake_prefix_path.dsv'
[1.382s] INFO:colcon.colcon_core.shell:Creating environment hook '/home/takuto/scout_ws/install/scout_mini_description/share/scout_mini_description/hook/cmake_prefix_path.sh'
[1.383s] Level 1:colcon.colcon_core.environment:checking '/home/takuto/scout_ws/install/scout_mini_description/bin'
[1.383s] Level 1:colcon.colcon_core.environment:checking '/home/takuto/scout_ws/install/scout_mini_description/lib/pkgconfig/scout_mini_description.pc'
[1.383s] Level 1:colcon.colcon_core.environment:checking '/home/takuto/scout_ws/install/scout_mini_description/lib/python3.10/site-packages'
[1.383s] Level 1:colcon.colcon_core.environment:checking '/home/takuto/scout_ws/install/scout_mini_description/bin'
[1.384s] INFO:colcon.colcon_core.shell:Creating package script '/home/takuto/scout_ws/install/scout_mini_description/share/scout_mini_description/package.ps1'
[1.385s] INFO:colcon.colcon_core.shell:Creating package descriptor '/home/takuto/scout_ws/install/scout_mini_description/share/scout_mini_description/package.dsv'
[1.385s] INFO:colcon.colcon_core.shell:Creating package script '/home/takuto/scout_ws/install/scout_mini_description/share/scout_mini_description/package.sh'
[1.386s] INFO:colcon.colcon_core.shell:Creating package script '/home/takuto/scout_ws/install/scout_mini_description/share/scout_mini_description/package.bash'
[1.387s] INFO:colcon.colcon_core.shell:Creating package script '/home/takuto/scout_ws/install/scout_mini_description/share/scout_mini_description/package.zsh'
[1.387s] Level 1:colcon.colcon_core.environment:create_file_with_runtime_dependencies(/home/takuto/scout_ws/install/scout_mini_description/share/colcon-core/packages/scout_mini_description)
[1.388s] INFO:colcon.colcon_ros.task.ament_cmake.build:Building ROS package in '/home/takuto/scout_ws/src/scout_mini_gazebo_sim' with build type 'ament_cmake'
[1.388s] INFO:colcon.colcon_cmake.task.cmake.build:Building CMake package in '/home/takuto/scout_ws/src/scout_mini_gazebo_sim'
[1.388s] INFO:colcon.colcon_core.shell:Skip shell extension 'powershell' for command environment: Not usable outside of PowerShell
[1.389s] DEBUG:colcon.colcon_core.shell:Skip shell extension 'dsv' for command environment
[1.413s] DEBUG:colcon.colcon_core.event_handler.log_command:Invoking command in '/home/takuto/scout_ws/build/scout_mini_gazebo_sim': CMAKE_PREFIX_PATH=/home/takuto/scout_ws/install/scout_mini_description:/home/takuto/scout_ws/install/scout_mini_gazebo_sim:/home/takuto/scout_ws/src/install/scout_mini_gazebo_sim:/home/takuto/scout_ws/src/install/scout_mini_description:/home/takuto/scout_ws/src/install/scout_mini_control:/home/takuto/scout_ws/src/install/hesai_description:/home/takuto/scout_ws/install/scout_mini_control:/home/takuto/scout_ws/install/scout_gazebo:/home/takuto/scout_ws/install/scout_description:/home/takuto/scout_ws/install/hesai_ros_driver:/home/takuto/scout_ws/install/hesai_description:/home/takuto/mecanumrover_ws/install/vs_rover_options_description:/home/takuto/mecanumrover_ws/install/mecanumrover_gazebo:/home/takuto/mecanumrover_ws/install/mecanumrover3:/home/takuto/mecanumrover_ws/install/mecanumrover_description:/home/takuto/mecanumrover_ws/install/mecanumrover3_bringup:/home/takuto/uros_ws/install/micro_ros_setup:/home/takuto/uros_ws/install/micro_ros_agent:/home/takuto/uros_ws/install/micro_ros_msgs:/home/takuto/scout_ws/src/install/scout_gazebo:/home/takuto/scout_ws/src/install/hesai_ros_driver:/home/takuto/turtlebot3_ws/install/turtlebot3:/home/takuto/turtlebot3_ws/install/turtlebot3_simulations:/home/takuto/turtlebot3_ws/install/turtlebot3_bringup:/home/takuto/turtlebot3_ws/install/turtlebot3_node:/home/takuto/turtlebot3_ws/install/turtlebot3_navigation2:/home/takuto/turtlebot3_ws/install/turtlebot3_gazebo:/home/takuto/turtlebot3_ws/install/turtlebot3_fake_node:/home/takuto/turtlebot3_ws/install/turtlebot3_description:/home/takuto/turtlebot3_ws/install/turtlebot3_cartographer:/home/takuto/scout_ws/src/install/cost_cul:/home/takuto/scout_ws/install/cost_cul:/home/takuto/scout_ws/install/cmd_vel_joy:/home/takuto/scout_ws/src/install/cmd_vel_joy:/home/takuto/turtlebot3_ws/install/turtlebot3_teleop:/home/takuto/turtlebot3_ws/install/turtlebot3_example:/home/takuto/turtlebot3_ws/install/cmd_vel_joy:/opt/ros/humble:/home/takuto/turtlebot3_ws/install/realsense_gazebo_plugin:/home/takuto/turtlebot3_ws/install/realsense2_description:/home/takuto/turtlebot3_ws/install/realsense2_camera:/home/takuto/turtlebot3_ws/install/realsense2_camera_msgs:/home/takuto/turtlebot3_ws/install/dynamixel_sdk_examples:/home/takuto/turtlebot3_ws/install/dynamixel_sdk_custom_interfaces:/home/takuto/turtlebot3_ws/install/dynamixel_sdk /usr/bin/cmake /home/takuto/scout_ws/src/scout_mini_gazebo_sim -DCMAKE_INSTALL_PREFIX=/home/takuto/scout_ws/install/scout_mini_gazebo_sim
[1.605s] DEBUG:colcon.colcon_core.event_handler.log_command:Invoked command in '/home/takuto/scout_ws/build/hesai_description' returned '0': CMAKE_PREFIX_PATH=/home/takuto/scout_ws/install/scout_mini_gazebo_sim:/home/takuto/scout_ws/src/install/scout_mini_gazebo_sim:/home/takuto/scout_ws/src/install/scout_mini_description:/home/takuto/scout_ws/src/install/scout_mini_control:/home/takuto/scout_ws/src/install/hesai_description:/home/takuto/scout_ws/install/scout_mini_control:/home/takuto/scout_ws/install/scout_mini_description:/home/takuto/scout_ws/install/scout_gazebo:/home/takuto/scout_ws/install/scout_description:/home/takuto/scout_ws/install/hesai_ros_driver:/home/takuto/scout_ws/install/hesai_description:/home/takuto/mecanumrover_ws/install/vs_rover_options_description:/home/takuto/mecanumrover_ws/install/mecanumrover_gazebo:/home/takuto/mecanumrover_ws/install/mecanumrover3:/home/takuto/mecanumrover_ws/install/mecanumrover_description:/home/takuto/mecanumrover_ws/install/mecanumrover3_bringup:/home/takuto/uros_ws/install/micro_ros_setup:/home/takuto/uros_ws/install/micro_ros_agent:/home/takuto/uros_ws/install/micro_ros_msgs:/home/takuto/scout_ws/src/install/scout_gazebo:/home/takuto/scout_ws/src/install/hesai_ros_driver:/home/takuto/turtlebot3_ws/install/turtlebot3:/home/takuto/turtlebot3_ws/install/turtlebot3_simulations:/home/takuto/turtlebot3_ws/install/turtlebot3_bringup:/home/takuto/turtlebot3_ws/install/turtlebot3_node:/home/takuto/turtlebot3_ws/install/turtlebot3_navigation2:/home/takuto/turtlebot3_ws/install/turtlebot3_gazebo:/home/takuto/turtlebot3_ws/install/turtlebot3_fake_node:/home/takuto/turtlebot3_ws/install/turtlebot3_description:/home/takuto/turtlebot3_ws/install/turtlebot3_cartographer:/home/takuto/scout_ws/src/install/cost_cul:/home/takuto/scout_ws/install/cost_cul:/home/takuto/scout_ws/install/cmd_vel_joy:/home/takuto/scout_ws/src/install/cmd_vel_joy:/home/takuto/turtlebot3_ws/install/turtlebot3_teleop:/home/takuto/turtlebot3_ws/install/turtlebot3_example:/home/takuto/turtlebot3_ws/install/cmd_vel_joy:/opt/ros/humble:/home/takuto/turtlebot3_ws/install/realsense_gazebo_plugin:/home/takuto/turtlebot3_ws/install/realsense2_description:/home/takuto/turtlebot3_ws/install/realsense2_camera:/home/takuto/turtlebot3_ws/install/realsense2_camera_msgs:/home/takuto/turtlebot3_ws/install/dynamixel_sdk_examples:/home/takuto/turtlebot3_ws/install/dynamixel_sdk_custom_interfaces:/home/takuto/turtlebot3_ws/install/dynamixel_sdk /usr/bin/cmake /home/takuto/scout_ws/src/hesai_description -DCMAKE_INSTALL_PREFIX=/home/takuto/scout_ws/install/hesai_description
[1.606s] DEBUG:colcon.colcon_core.event_handler.log_command:Invoking command in '/home/takuto/scout_ws/build/hesai_description': CMAKE_PREFIX_PATH=/home/takuto/scout_ws/install/scout_mini_gazebo_sim:/home/takuto/scout_ws/src/install/scout_mini_gazebo_sim:/home/takuto/scout_ws/src/install/scout_mini_description:/home/takuto/scout_ws/src/install/scout_mini_control:/home/takuto/scout_ws/src/install/hesai_description:/home/takuto/scout_ws/install/scout_mini_control:/home/takuto/scout_ws/install/scout_mini_description:/home/takuto/scout_ws/install/scout_gazebo:/home/takuto/scout_ws/install/scout_description:/home/takuto/scout_ws/install/hesai_ros_driver:/home/takuto/scout_ws/install/hesai_description:/home/takuto/mecanumrover_ws/install/vs_rover_options_description:/home/takuto/mecanumrover_ws/install/mecanumrover_gazebo:/home/takuto/mecanumrover_ws/install/mecanumrover3:/home/takuto/mecanumrover_ws/install/mecanumrover_description:/home/takuto/mecanumrover_ws/install/mecanumrover3_bringup:/home/takuto/uros_ws/install/micro_ros_setup:/home/takuto/uros_ws/install/micro_ros_agent:/home/takuto/uros_ws/install/micro_ros_msgs:/home/takuto/scout_ws/src/install/scout_gazebo:/home/takuto/scout_ws/src/install/hesai_ros_driver:/home/takuto/turtlebot3_ws/install/turtlebot3:/home/takuto/turtlebot3_ws/install/turtlebot3_simulations:/home/takuto/turtlebot3_ws/install/turtlebot3_bringup:/home/takuto/turtlebot3_ws/install/turtlebot3_node:/home/takuto/turtlebot3_ws/install/turtlebot3_navigation2:/home/takuto/turtlebot3_ws/install/turtlebot3_gazebo:/home/takuto/turtlebot3_ws/install/turtlebot3_fake_node:/home/takuto/turtlebot3_ws/install/turtlebot3_description:/home/takuto/turtlebot3_ws/install/turtlebot3_cartographer:/home/takuto/scout_ws/src/install/cost_cul:/home/takuto/scout_ws/install/cost_cul:/home/takuto/scout_ws/install/cmd_vel_joy:/home/takuto/scout_ws/src/install/cmd_vel_joy:/home/takuto/turtlebot3_ws/install/turtlebot3_teleop:/home/takuto/turtlebot3_ws/install/turtlebot3_example:/home/takuto/turtlebot3_ws/install/cmd_vel_joy:/opt/ros/humble:/home/takuto/turtlebot3_ws/install/realsense_gazebo_plugin:/home/takuto/turtlebot3_ws/install/realsense2_description:/home/takuto/turtlebot3_ws/install/realsense2_camera:/home/takuto/turtlebot3_ws/install/realsense2_camera_msgs:/home/takuto/turtlebot3_ws/install/dynamixel_sdk_examples:/home/takuto/turtlebot3_ws/install/dynamixel_sdk_custom_interfaces:/home/takuto/turtlebot3_ws/install/dynamixel_sdk /usr/bin/cmake --build /home/takuto/scout_ws/build/hesai_description -- -j16 -l16
[1.620s] DEBUG:colcon.colcon_core.event_handler.log_command:Invoked command in '/home/takuto/scout_ws/build/scout_mini_control' returned '0': CMAKE_PREFIX_PATH=/home/takuto/scout_ws/install/scout_mini_gazebo_sim:/home/takuto/scout_ws/src/install/scout_mini_gazebo_sim:/home/takuto/scout_ws/src/install/scout_mini_description:/home/takuto/scout_ws/src/install/scout_mini_control:/home/takuto/scout_ws/src/install/hesai_description:/home/takuto/scout_ws/install/scout_mini_control:/home/takuto/scout_ws/install/scout_mini_description:/home/takuto/scout_ws/install/scout_gazebo:/home/takuto/scout_ws/install/scout_description:/home/takuto/scout_ws/install/hesai_ros_driver:/home/takuto/scout_ws/install/hesai_description:/home/takuto/mecanumrover_ws/install/vs_rover_options_description:/home/takuto/mecanumrover_ws/install/mecanumrover_gazebo:/home/takuto/mecanumrover_ws/install/mecanumrover3:/home/takuto/mecanumrover_ws/install/mecanumrover_description:/home/takuto/mecanumrover_ws/install/mecanumrover3_bringup:/home/takuto/uros_ws/install/micro_ros_setup:/home/takuto/uros_ws/install/micro_ros_agent:/home/takuto/uros_ws/install/micro_ros_msgs:/home/takuto/scout_ws/src/install/scout_gazebo:/home/takuto/scout_ws/src/install/hesai_ros_driver:/home/takuto/turtlebot3_ws/install/turtlebot3:/home/takuto/turtlebot3_ws/install/turtlebot3_simulations:/home/takuto/turtlebot3_ws/install/turtlebot3_bringup:/home/takuto/turtlebot3_ws/install/turtlebot3_node:/home/takuto/turtlebot3_ws/install/turtlebot3_navigation2:/home/takuto/turtlebot3_ws/install/turtlebot3_gazebo:/home/takuto/turtlebot3_ws/install/turtlebot3_fake_node:/home/takuto/turtlebot3_ws/install/turtlebot3_description:/home/takuto/turtlebot3_ws/install/turtlebot3_cartographer:/home/takuto/scout_ws/src/install/cost_cul:/home/takuto/scout_ws/install/cost_cul:/home/takuto/scout_ws/install/cmd_vel_joy:/home/takuto/scout_ws/src/install/cmd_vel_joy:/home/takuto/turtlebot3_ws/install/turtlebot3_teleop:/home/takuto/turtlebot3_ws/install/turtlebot3_example:/home/takuto/turtlebot3_ws/install/cmd_vel_joy:/opt/ros/humble:/home/takuto/turtlebot3_ws/install/realsense_gazebo_plugin:/home/takuto/turtlebot3_ws/install/realsense2_description:/home/takuto/turtlebot3_ws/install/realsense2_camera:/home/takuto/turtlebot3_ws/install/realsense2_camera_msgs:/home/takuto/turtlebot3_ws/install/dynamixel_sdk_examples:/home/takuto/turtlebot3_ws/install/dynamixel_sdk_custom_interfaces:/home/takuto/turtlebot3_ws/install/dynamixel_sdk /usr/bin/cmake /home/takuto/scout_ws/src/scout_mini_control -DCMAKE_INSTALL_PREFIX=/home/takuto/scout_ws/install/scout_mini_control
[1.623s] DEBUG:colcon.colcon_core.event_handler.log_command:Invoking command in '/home/takuto/scout_ws/build/scout_mini_control': CMAKE_PREFIX_PATH=/home/takuto/scout_ws/install/scout_mini_gazebo_sim:/home/takuto/scout_ws/src/install/scout_mini_gazebo_sim:/home/takuto/scout_ws/src/install/scout_mini_description:/home/takuto/scout_ws/src/install/scout_mini_control:/home/takuto/scout_ws/src/install/hesai_description:/home/takuto/scout_ws/install/scout_mini_control:/home/takuto/scout_ws/install/scout_mini_description:/home/takuto/scout_ws/install/scout_gazebo:/home/takuto/scout_ws/install/scout_description:/home/takuto/scout_ws/install/hesai_ros_driver:/home/takuto/scout_ws/install/hesai_description:/home/takuto/mecanumrover_ws/install/vs_rover_options_description:/home/takuto/mecanumrover_ws/install/mecanumrover_gazebo:/home/takuto/mecanumrover_ws/install/mecanumrover3:/home/takuto/mecanumrover_ws/install/mecanumrover_description:/home/takuto/mecanumrover_ws/install/mecanumrover3_bringup:/home/takuto/uros_ws/install/micro_ros_setup:/home/takuto/uros_ws/install/micro_ros_agent:/home/takuto/uros_ws/install/micro_ros_msgs:/home/takuto/scout_ws/src/install/scout_gazebo:/home/takuto/scout_ws/src/install/hesai_ros_driver:/home/takuto/turtlebot3_ws/install/turtlebot3:/home/takuto/turtlebot3_ws/install/turtlebot3_simulations:/home/takuto/turtlebot3_ws/install/turtlebot3_bringup:/home/takuto/turtlebot3_ws/install/turtlebot3_node:/home/takuto/turtlebot3_ws/install/turtlebot3_navigation2:/home/takuto/turtlebot3_ws/install/turtlebot3_gazebo:/home/takuto/turtlebot3_ws/install/turtlebot3_fake_node:/home/takuto/turtlebot3_ws/install/turtlebot3_description:/home/takuto/turtlebot3_ws/install/turtlebot3_cartographer:/home/takuto/scout_ws/src/install/cost_cul:/home/takuto/scout_ws/install/cost_cul:/home/takuto/scout_ws/install/cmd_vel_joy:/home/takuto/scout_ws/src/install/cmd_vel_joy:/home/takuto/turtlebot3_ws/install/turtlebot3_teleop:/home/takuto/turtlebot3_ws/install/turtlebot3_example:/home/takuto/turtlebot3_ws/install/cmd_vel_joy:/opt/ros/humble:/home/takuto/turtlebot3_ws/install/realsense_gazebo_plugin:/home/takuto/turtlebot3_ws/install/realsense2_description:/home/takuto/turtlebot3_ws/install/realsense2_camera:/home/takuto/turtlebot3_ws/install/realsense2_camera_msgs:/home/takuto/turtlebot3_ws/install/dynamixel_sdk_examples:/home/takuto/turtlebot3_ws/install/dynamixel_sdk_custom_interfaces:/home/takuto/turtlebot3_ws/install/dynamixel_sdk /usr/bin/cmake --build /home/takuto/scout_ws/build/scout_mini_control -- -j16 -l16
[1.682s] DEBUG:colcon.colcon_core.event_handler.log_command:Invoked command in '/home/takuto/scout_ws/build/hesai_description' returned '0': CMAKE_PREFIX_PATH=/home/takuto/scout_ws/install/scout_mini_gazebo_sim:/home/takuto/scout_ws/src/install/scout_mini_gazebo_sim:/home/takuto/scout_ws/src/install/scout_mini_description:/home/takuto/scout_ws/src/install/scout_mini_control:/home/takuto/scout_ws/src/install/hesai_description:/home/takuto/scout_ws/install/scout_mini_control:/home/takuto/scout_ws/install/scout_mini_description:/home/takuto/scout_ws/install/scout_gazebo:/home/takuto/scout_ws/install/scout_description:/home/takuto/scout_ws/install/hesai_ros_driver:/home/takuto/scout_ws/install/hesai_description:/home/takuto/mecanumrover_ws/install/vs_rover_options_description:/home/takuto/mecanumrover_ws/install/mecanumrover_gazebo:/home/takuto/mecanumrover_ws/install/mecanumrover3:/home/takuto/mecanumrover_ws/install/mecanumrover_description:/home/takuto/mecanumrover_ws/install/mecanumrover3_bringup:/home/takuto/uros_ws/install/micro_ros_setup:/home/takuto/uros_ws/install/micro_ros_agent:/home/takuto/uros_ws/install/micro_ros_msgs:/home/takuto/scout_ws/src/install/scout_gazebo:/home/takuto/scout_ws/src/install/hesai_ros_driver:/home/takuto/turtlebot3_ws/install/turtlebot3:/home/takuto/turtlebot3_ws/install/turtlebot3_simulations:/home/takuto/turtlebot3_ws/install/turtlebot3_bringup:/home/takuto/turtlebot3_ws/install/turtlebot3_node:/home/takuto/turtlebot3_ws/install/turtlebot3_navigation2:/home/takuto/turtlebot3_ws/install/turtlebot3_gazebo:/home/takuto/turtlebot3_ws/install/turtlebot3_fake_node:/home/takuto/turtlebot3_ws/install/turtlebot3_description:/home/takuto/turtlebot3_ws/install/turtlebot3_cartographer:/home/takuto/scout_ws/src/install/cost_cul:/home/takuto/scout_ws/install/cost_cul:/home/takuto/scout_ws/install/cmd_vel_joy:/home/takuto/scout_ws/src/install/cmd_vel_joy:/home/takuto/turtlebot3_ws/install/turtlebot3_teleop:/home/takuto/turtlebot3_ws/install/turtlebot3_example:/home/takuto/turtlebot3_ws/install/cmd_vel_joy:/opt/ros/humble:/home/takuto/turtlebot3_ws/install/realsense_gazebo_plugin:/home/takuto/turtlebot3_ws/install/realsense2_description:/home/takuto/turtlebot3_ws/install/realsense2_camera:/home/takuto/turtlebot3_ws/install/realsense2_camera_msgs:/home/takuto/turtlebot3_ws/install/dynamixel_sdk_examples:/home/takuto/turtlebot3_ws/install/dynamixel_sdk_custom_interfaces:/home/takuto/turtlebot3_ws/install/dynamixel_sdk /usr/bin/cmake --build /home/takuto/scout_ws/build/hesai_description -- -j16 -l16
[1.684s] DEBUG:colcon.colcon_core.event_handler.log_command:Invoking command in '/home/takuto/scout_ws/build/hesai_description': CMAKE_PREFIX_PATH=/home/takuto/scout_ws/install/scout_mini_gazebo_sim:/home/takuto/scout_ws/src/install/scout_mini_gazebo_sim:/home/takuto/scout_ws/src/install/scout_mini_description:/home/takuto/scout_ws/src/install/scout_mini_control:/home/takuto/scout_ws/src/install/hesai_description:/home/takuto/scout_ws/install/scout_mini_control:/home/takuto/scout_ws/install/scout_mini_description:/home/takuto/scout_ws/install/scout_gazebo:/home/takuto/scout_ws/install/scout_description:/home/takuto/scout_ws/install/hesai_ros_driver:/home/takuto/scout_ws/install/hesai_description:/home/takuto/mecanumrover_ws/install/vs_rover_options_description:/home/takuto/mecanumrover_ws/install/mecanumrover_gazebo:/home/takuto/mecanumrover_ws/install/mecanumrover3:/home/takuto/mecanumrover_ws/install/mecanumrover_description:/home/takuto/mecanumrover_ws/install/mecanumrover3_bringup:/home/takuto/uros_ws/install/micro_ros_setup:/home/takuto/uros_ws/install/micro_ros_agent:/home/takuto/uros_ws/install/micro_ros_msgs:/home/takuto/scout_ws/src/install/scout_gazebo:/home/takuto/scout_ws/src/install/hesai_ros_driver:/home/takuto/turtlebot3_ws/install/turtlebot3:/home/takuto/turtlebot3_ws/install/turtlebot3_simulations:/home/takuto/turtlebot3_ws/install/turtlebot3_bringup:/home/takuto/turtlebot3_ws/install/turtlebot3_node:/home/takuto/turtlebot3_ws/install/turtlebot3_navigation2:/home/takuto/turtlebot3_ws/install/turtlebot3_gazebo:/home/takuto/turtlebot3_ws/install/turtlebot3_fake_node:/home/takuto/turtlebot3_ws/install/turtlebot3_description:/home/takuto/turtlebot3_ws/install/turtlebot3_cartographer:/home/takuto/scout_ws/src/install/cost_cul:/home/takuto/scout_ws/install/cost_cul:/home/takuto/scout_ws/install/cmd_vel_joy:/home/takuto/scout_ws/src/install/cmd_vel_joy:/home/takuto/turtlebot3_ws/install/turtlebot3_teleop:/home/takuto/turtlebot3_ws/install/turtlebot3_example:/home/takuto/turtlebot3_ws/install/cmd_vel_joy:/opt/ros/humble:/home/takuto/turtlebot3_ws/install/realsense_gazebo_plugin:/home/takuto/turtlebot3_ws/install/realsense2_description:/home/takuto/turtlebot3_ws/install/realsense2_camera:/home/takuto/turtlebot3_ws/install/realsense2_camera_msgs:/home/takuto/turtlebot3_ws/install/dynamixel_sdk_examples:/home/takuto/turtlebot3_ws/install/dynamixel_sdk_custom_interfaces:/home/takuto/turtlebot3_ws/install/dynamixel_sdk /usr/bin/cmake --install /home/takuto/scout_ws/build/hesai_description
[1.701s] DEBUG:colcon.colcon_core.event_handler.log_command:Invoked command in '/home/takuto/scout_ws/build/scout_mini_control' returned '0': CMAKE_PREFIX_PATH=/home/takuto/scout_ws/install/scout_mini_gazebo_sim:/home/takuto/scout_ws/src/install/scout_mini_gazebo_sim:/home/takuto/scout_ws/src/install/scout_mini_description:/home/takuto/scout_ws/src/install/scout_mini_control:/home/takuto/scout_ws/src/install/hesai_description:/home/takuto/scout_ws/install/scout_mini_control:/home/takuto/scout_ws/install/scout_mini_description:/home/takuto/scout_ws/install/scout_gazebo:/home/takuto/scout_ws/install/scout_description:/home/takuto/scout_ws/install/hesai_ros_driver:/home/takuto/scout_ws/install/hesai_description:/home/takuto/mecanumrover_ws/install/vs_rover_options_description:/home/takuto/mecanumrover_ws/install/mecanumrover_gazebo:/home/takuto/mecanumrover_ws/install/mecanumrover3:/home/takuto/mecanumrover_ws/install/mecanumrover_description:/home/takuto/mecanumrover_ws/install/mecanumrover3_bringup:/home/takuto/uros_ws/install/micro_ros_setup:/home/takuto/uros_ws/install/micro_ros_agent:/home/takuto/uros_ws/install/micro_ros_msgs:/home/takuto/scout_ws/src/install/scout_gazebo:/home/takuto/scout_ws/src/install/hesai_ros_driver:/home/takuto/turtlebot3_ws/install/turtlebot3:/home/takuto/turtlebot3_ws/install/turtlebot3_simulations:/home/takuto/turtlebot3_ws/install/turtlebot3_bringup:/home/takuto/turtlebot3_ws/install/turtlebot3_node:/home/takuto/turtlebot3_ws/install/turtlebot3_navigation2:/home/takuto/turtlebot3_ws/install/turtlebot3_gazebo:/home/takuto/turtlebot3_ws/install/turtlebot3_fake_node:/home/takuto/turtlebot3_ws/install/turtlebot3_description:/home/takuto/turtlebot3_ws/install/turtlebot3_cartographer:/home/takuto/scout_ws/src/install/cost_cul:/home/takuto/scout_ws/install/cost_cul:/home/takuto/scout_ws/install/cmd_vel_joy:/home/takuto/scout_ws/src/install/cmd_vel_joy:/home/takuto/turtlebot3_ws/install/turtlebot3_teleop:/home/takuto/turtlebot3_ws/install/turtlebot3_example:/home/takuto/turtlebot3_ws/install/cmd_vel_joy:/opt/ros/humble:/home/takuto/turtlebot3_ws/install/realsense_gazebo_plugin:/home/takuto/turtlebot3_ws/install/realsense2_description:/home/takuto/turtlebot3_ws/install/realsense2_camera:/home/takuto/turtlebot3_ws/install/realsense2_camera_msgs:/home/takuto/turtlebot3_ws/install/dynamixel_sdk_examples:/home/takuto/turtlebot3_ws/install/dynamixel_sdk_custom_interfaces:/home/takuto/turtlebot3_ws/install/dynamixel_sdk /usr/bin/cmake --build /home/takuto/scout_ws/build/scout_mini_control -- -j16 -l16
[1.711s] DEBUG:colcon.colcon_core.event_handler.log_command:Invoking command in '/home/takuto/scout_ws/build/scout_mini_control': CMAKE_PREFIX_PATH=/home/takuto/scout_ws/install/scout_mini_gazebo_sim:/home/takuto/scout_ws/src/install/scout_mini_gazebo_sim:/home/takuto/scout_ws/src/install/scout_mini_description:/home/takuto/scout_ws/src/install/scout_mini_control:/home/takuto/scout_ws/src/install/hesai_description:/home/takuto/scout_ws/install/scout_mini_control:/home/takuto/scout_ws/install/scout_mini_description:/home/takuto/scout_ws/install/scout_gazebo:/home/takuto/scout_ws/install/scout_description:/home/takuto/scout_ws/install/hesai_ros_driver:/home/takuto/scout_ws/install/hesai_description:/home/takuto/mecanumrover_ws/install/vs_rover_options_description:/home/takuto/mecanumrover_ws/install/mecanumrover_gazebo:/home/takuto/mecanumrover_ws/install/mecanumrover3:/home/takuto/mecanumrover_ws/install/mecanumrover_description:/home/takuto/mecanumrover_ws/install/mecanumrover3_bringup:/home/takuto/uros_ws/install/micro_ros_setup:/home/takuto/uros_ws/install/micro_ros_agent:/home/takuto/uros_ws/install/micro_ros_msgs:/home/takuto/scout_ws/src/install/scout_gazebo:/home/takuto/scout_ws/src/install/hesai_ros_driver:/home/takuto/turtlebot3_ws/install/turtlebot3:/home/takuto/turtlebot3_ws/install/turtlebot3_simulations:/home/takuto/turtlebot3_ws/install/turtlebot3_bringup:/home/takuto/turtlebot3_ws/install/turtlebot3_node:/home/takuto/turtlebot3_ws/install/turtlebot3_navigation2:/home/takuto/turtlebot3_ws/install/turtlebot3_gazebo:/home/takuto/turtlebot3_ws/install/turtlebot3_fake_node:/home/takuto/turtlebot3_ws/install/turtlebot3_description:/home/takuto/turtlebot3_ws/install/turtlebot3_cartographer:/home/takuto/scout_ws/src/install/cost_cul:/home/takuto/scout_ws/install/cost_cul:/home/takuto/scout_ws/install/cmd_vel_joy:/home/takuto/scout_ws/src/install/cmd_vel_joy:/home/takuto/turtlebot3_ws/install/turtlebot3_teleop:/home/takuto/turtlebot3_ws/install/turtlebot3_example:/home/takuto/turtlebot3_ws/install/cmd_vel_joy:/opt/ros/humble:/home/takuto/turtlebot3_ws/install/realsense_gazebo_plugin:/home/takuto/turtlebot3_ws/install/realsense2_description:/home/takuto/turtlebot3_ws/install/realsense2_camera:/home/takuto/turtlebot3_ws/install/realsense2_camera_msgs:/home/takuto/turtlebot3_ws/install/dynamixel_sdk_examples:/home/takuto/turtlebot3_ws/install/dynamixel_sdk_custom_interfaces:/home/takuto/turtlebot3_ws/install/dynamixel_sdk /usr/bin/cmake --install /home/takuto/scout_ws/build/scout_mini_control
[1.714s] DEBUG:colcon.colcon_core.event_handler.log_command:Invoked command in '/home/takuto/scout_ws/build/scout_gazebo' returned '0': CMAKE_PREFIX_PATH=/home/takuto/scout_ws/install/scout_mini_gazebo_sim:/home/takuto/scout_ws/src/install/scout_mini_gazebo_sim:/home/takuto/scout_ws/src/install/scout_mini_description:/home/takuto/scout_ws/src/install/scout_mini_control:/home/takuto/scout_ws/src/install/hesai_description:/home/takuto/scout_ws/install/scout_mini_control:/home/takuto/scout_ws/install/scout_mini_description:/home/takuto/scout_ws/install/scout_gazebo:/home/takuto/scout_ws/install/scout_description:/home/takuto/scout_ws/install/hesai_ros_driver:/home/takuto/scout_ws/install/hesai_description:/home/takuto/mecanumrover_ws/install/vs_rover_options_description:/home/takuto/mecanumrover_ws/install/mecanumrover_gazebo:/home/takuto/mecanumrover_ws/install/mecanumrover3:/home/takuto/mecanumrover_ws/install/mecanumrover_description:/home/takuto/mecanumrover_ws/install/mecanumrover3_bringup:/home/takuto/uros_ws/install/micro_ros_setup:/home/takuto/uros_ws/install/micro_ros_agent:/home/takuto/uros_ws/install/micro_ros_msgs:/home/takuto/scout_ws/src/install/scout_gazebo:/home/takuto/scout_ws/src/install/hesai_ros_driver:/home/takuto/turtlebot3_ws/install/turtlebot3:/home/takuto/turtlebot3_ws/install/turtlebot3_simulations:/home/takuto/turtlebot3_ws/install/turtlebot3_bringup:/home/takuto/turtlebot3_ws/install/turtlebot3_node:/home/takuto/turtlebot3_ws/install/turtlebot3_navigation2:/home/takuto/turtlebot3_ws/install/turtlebot3_gazebo:/home/takuto/turtlebot3_ws/install/turtlebot3_fake_node:/home/takuto/turtlebot3_ws/install/turtlebot3_description:/home/takuto/turtlebot3_ws/install/turtlebot3_cartographer:/home/takuto/scout_ws/src/install/cost_cul:/home/takuto/scout_ws/install/cost_cul:/home/takuto/scout_ws/install/cmd_vel_joy:/home/takuto/scout_ws/src/install/cmd_vel_joy:/home/takuto/turtlebot3_ws/install/turtlebot3_teleop:/home/takuto/turtlebot3_ws/install/turtlebot3_example:/home/takuto/turtlebot3_ws/install/cmd_vel_joy:/opt/ros/humble:/home/takuto/turtlebot3_ws/install/realsense_gazebo_plugin:/home/takuto/turtlebot3_ws/install/realsense2_description:/home/takuto/turtlebot3_ws/install/realsense2_camera:/home/takuto/turtlebot3_ws/install/realsense2_camera_msgs:/home/takuto/turtlebot3_ws/install/dynamixel_sdk_examples:/home/takuto/turtlebot3_ws/install/dynamixel_sdk_custom_interfaces:/home/takuto/turtlebot3_ws/install/dynamixel_sdk /usr/bin/cmake /home/takuto/scout_ws/src/scout_gazebo -DCMAKE_INSTALL_PREFIX=/home/takuto/scout_ws/install/scout_gazebo
[1.715s] DEBUG:colcon.colcon_core.event_handler.log_command:Invoking command in '/home/takuto/scout_ws/build/scout_gazebo': CMAKE_PREFIX_PATH=/home/takuto/scout_ws/install/scout_mini_gazebo_sim:/home/takuto/scout_ws/src/install/scout_mini_gazebo_sim:/home/takuto/scout_ws/src/install/scout_mini_description:/home/takuto/scout_ws/src/install/scout_mini_control:/home/takuto/scout_ws/src/install/hesai_description:/home/takuto/scout_ws/install/scout_mini_control:/home/takuto/scout_ws/install/scout_mini_description:/home/takuto/scout_ws/install/scout_gazebo:/home/takuto/scout_ws/install/scout_description:/home/takuto/scout_ws/install/hesai_ros_driver:/home/takuto/scout_ws/install/hesai_description:/home/takuto/mecanumrover_ws/install/vs_rover_options_description:/home/takuto/mecanumrover_ws/install/mecanumrover_gazebo:/home/takuto/mecanumrover_ws/install/mecanumrover3:/home/takuto/mecanumrover_ws/install/mecanumrover_description:/home/takuto/mecanumrover_ws/install/mecanumrover3_bringup:/home/takuto/uros_ws/install/micro_ros_setup:/home/takuto/uros_ws/install/micro_ros_agent:/home/takuto/uros_ws/install/micro_ros_msgs:/home/takuto/scout_ws/src/install/scout_gazebo:/home/takuto/scout_ws/src/install/hesai_ros_driver:/home/takuto/turtlebot3_ws/install/turtlebot3:/home/takuto/turtlebot3_ws/install/turtlebot3_simulations:/home/takuto/turtlebot3_ws/install/turtlebot3_bringup:/home/takuto/turtlebot3_ws/install/turtlebot3_node:/home/takuto/turtlebot3_ws/install/turtlebot3_navigation2:/home/takuto/turtlebot3_ws/install/turtlebot3_gazebo:/home/takuto/turtlebot3_ws/install/turtlebot3_fake_node:/home/takuto/turtlebot3_ws/install/turtlebot3_description:/home/takuto/turtlebot3_ws/install/turtlebot3_cartographer:/home/takuto/scout_ws/src/install/cost_cul:/home/takuto/scout_ws/install/cost_cul:/home/takuto/scout_ws/install/cmd_vel_joy:/home/takuto/scout_ws/src/install/cmd_vel_joy:/home/takuto/turtlebot3_ws/install/turtlebot3_teleop:/home/takuto/turtlebot3_ws/install/turtlebot3_example:/home/takuto/turtlebot3_ws/install/cmd_vel_joy:/opt/ros/humble:/home/takuto/turtlebot3_ws/install/realsense_gazebo_plugin:/home/takuto/turtlebot3_ws/install/realsense2_description:/home/takuto/turtlebot3_ws/install/realsense2_camera:/home/takuto/turtlebot3_ws/install/realsense2_camera_msgs:/home/takuto/turtlebot3_ws/install/dynamixel_sdk_examples:/home/takuto/turtlebot3_ws/install/dynamixel_sdk_custom_interfaces:/home/takuto/turtlebot3_ws/install/dynamixel_sdk /usr/bin/cmake --build /home/takuto/scout_ws/build/scout_gazebo -- -j16 -l16
[1.733s] Level 1:colcon.colcon_core.environment:create_environment_scripts_only(hesai_description)
[1.734s] Level 1:colcon.colcon_core.environment:checking '/home/takuto/scout_ws/install/hesai_description' for CMake module files
[1.735s] DEBUG:colcon.colcon_core.event_handler.log_command:Invoked command in '/home/takuto/scout_ws/build/hesai_description' returned '0': CMAKE_PREFIX_PATH=/home/takuto/scout_ws/install/scout_mini_gazebo_sim:/home/takuto/scout_ws/src/install/scout_mini_gazebo_sim:/home/takuto/scout_ws/src/install/scout_mini_description:/home/takuto/scout_ws/src/install/scout_mini_control:/home/takuto/scout_ws/src/install/hesai_description:/home/takuto/scout_ws/install/scout_mini_control:/home/takuto/scout_ws/install/scout_mini_description:/home/takuto/scout_ws/install/scout_gazebo:/home/takuto/scout_ws/install/scout_description:/home/takuto/scout_ws/install/hesai_ros_driver:/home/takuto/scout_ws/install/hesai_description:/home/takuto/mecanumrover_ws/install/vs_rover_options_description:/home/takuto/mecanumrover_ws/install/mecanumrover_gazebo:/home/takuto/mecanumrover_ws/install/mecanumrover3:/home/takuto/mecanumrover_ws/install/mecanumrover_description:/home/takuto/mecanumrover_ws/install/mecanumrover3_bringup:/home/takuto/uros_ws/install/micro_ros_setup:/home/takuto/uros_ws/install/micro_ros_agent:/home/takuto/uros_ws/install/micro_ros_msgs:/home/takuto/scout_ws/src/install/scout_gazebo:/home/takuto/scout_ws/src/install/hesai_ros_driver:/home/takuto/turtlebot3_ws/install/turtlebot3:/home/takuto/turtlebot3_ws/install/turtlebot3_simulations:/home/takuto/turtlebot3_ws/install/turtlebot3_bringup:/home/takuto/turtlebot3_ws/install/turtlebot3_node:/home/takuto/turtlebot3_ws/install/turtlebot3_navigation2:/home/takuto/turtlebot3_ws/install/turtlebot3_gazebo:/home/takuto/turtlebot3_ws/install/turtlebot3_fake_node:/home/takuto/turtlebot3_ws/install/turtlebot3_description:/home/takuto/turtlebot3_ws/install/turtlebot3_cartographer:/home/takuto/scout_ws/src/install/cost_cul:/home/takuto/scout_ws/install/cost_cul:/home/takuto/scout_ws/install/cmd_vel_joy:/home/takuto/scout_ws/src/install/cmd_vel_joy:/home/takuto/turtlebot3_ws/install/turtlebot3_teleop:/home/takuto/turtlebot3_ws/install/turtlebot3_example:/home/takuto/turtlebot3_ws/install/cmd_vel_joy:/opt/ros/humble:/home/takuto/turtlebot3_ws/install/realsense_gazebo_plugin:/home/takuto/turtlebot3_ws/install/realsense2_description:/home/takuto/turtlebot3_ws/install/realsense2_camera:/home/takuto/turtlebot3_ws/install/realsense2_camera_msgs:/home/takuto/turtlebot3_ws/install/dynamixel_sdk_examples:/home/takuto/turtlebot3_ws/install/dynamixel_sdk_custom_interfaces:/home/takuto/turtlebot3_ws/install/dynamixel_sdk /usr/bin/cmake --install /home/takuto/scout_ws/build/hesai_description
[1.736s] Level 1:colcon.colcon_core.environment:checking '/home/takuto/scout_ws/install/hesai_description' for CMake config files
[1.736s] Level 1:colcon.colcon_core.shell:create_environment_hook('hesai_description', 'cmake_prefix_path')
[1.737s] INFO:colcon.colcon_core.shell:Creating environment hook '/home/takuto/scout_ws/install/hesai_description/share/hesai_description/hook/cmake_prefix_path.ps1'
[1.738s] INFO:colcon.colcon_core.shell:Creating environment descriptor '/home/takuto/scout_ws/install/hesai_description/share/hesai_description/hook/cmake_prefix_path.dsv'
[1.739s] INFO:colcon.colcon_core.shell:Creating environment hook '/home/takuto/scout_ws/install/hesai_description/share/hesai_description/hook/cmake_prefix_path.sh'
[1.740s] Level 1:colcon.colcon_core.environment:checking '/home/takuto/scout_ws/install/hesai_description/bin'
[1.740s] Level 1:colcon.colcon_core.environment:checking '/home/takuto/scout_ws/install/hesai_description/lib/pkgconfig/hesai_description.pc'
[1.740s] Level 1:colcon.colcon_core.environment:checking '/home/takuto/scout_ws/install/hesai_description/lib/python3.10/site-packages'
[1.741s] Level 1:colcon.colcon_core.environment:checking '/home/takuto/scout_ws/install/hesai_description/bin'
[1.741s] INFO:colcon.colcon_core.shell:Creating package script '/home/takuto/scout_ws/install/hesai_description/share/hesai_description/package.ps1'
[1.742s] INFO:colcon.colcon_core.shell:Creating package descriptor '/home/takuto/scout_ws/install/hesai_description/share/hesai_description/package.dsv'
[1.743s] INFO:colcon.colcon_core.shell:Creating package script '/home/takuto/scout_ws/install/hesai_description/share/hesai_description/package.sh'
[1.744s] INFO:colcon.colcon_core.shell:Creating package script '/home/takuto/scout_ws/install/hesai_description/share/hesai_description/package.bash'
[1.746s] INFO:colcon.colcon_core.shell:Creating package script '/home/takuto/scout_ws/install/hesai_description/share/hesai_description/package.zsh'
[1.746s] Level 1:colcon.colcon_core.environment:create_file_with_runtime_dependencies(/home/takuto/scout_ws/install/hesai_description/share/colcon-core/packages/hesai_description)
[1.747s] Level 1:colcon.colcon_core.environment:create_environment_scripts_only(hesai_description)
[1.748s] Level 1:colcon.colcon_core.environment:checking '/home/takuto/scout_ws/install/hesai_description' for CMake module files
[1.749s] Level 1:colcon.colcon_core.environment:checking '/home/takuto/scout_ws/install/hesai_description' for CMake config files
[1.749s] Level 1:colcon.colcon_core.shell:create_environment_hook('hesai_description', 'cmake_prefix_path')
[1.749s] INFO:colcon.colcon_core.shell:Creating environment hook '/home/takuto/scout_ws/install/hesai_description/share/hesai_description/hook/cmake_prefix_path.ps1'
[1.750s] INFO:colcon.colcon_core.shell:Creating environment descriptor '/home/takuto/scout_ws/install/hesai_description/share/hesai_description/hook/cmake_prefix_path.dsv'
[1.750s] INFO:colcon.colcon_core.shell:Creating environment hook '/home/takuto/scout_ws/install/hesai_description/share/hesai_description/hook/cmake_prefix_path.sh'
[1.751s] Level 1:colcon.colcon_core.environment:checking '/home/takuto/scout_ws/install/hesai_description/bin'
[1.751s] Level 1:colcon.colcon_core.environment:checking '/home/takuto/scout_ws/install/hesai_description/lib/pkgconfig/hesai_description.pc'
[1.751s] Level 1:colcon.colcon_core.environment:checking '/home/takuto/scout_ws/install/hesai_description/lib/python3.10/site-packages'
[1.752s] Level 1:colcon.colcon_core.environment:checking '/home/takuto/scout_ws/install/hesai_description/bin'
[1.752s] INFO:colcon.colcon_core.shell:Creating package script '/home/takuto/scout_ws/install/hesai_description/share/hesai_description/package.ps1'
[1.753s] INFO:colcon.colcon_core.shell:Creating package descriptor '/home/takuto/scout_ws/install/hesai_description/share/hesai_description/package.dsv'
[1.754s] INFO:colcon.colcon_core.shell:Creating package script '/home/takuto/scout_ws/install/hesai_description/share/hesai_description/package.sh'
[1.754s] INFO:colcon.colcon_core.shell:Creating package script '/home/takuto/scout_ws/install/hesai_description/share/hesai_description/package.bash'
[1.755s] INFO:colcon.colcon_core.shell:Creating package script '/home/takuto/scout_ws/install/hesai_description/share/hesai_description/package.zsh'
[1.756s] Level 1:colcon.colcon_core.environment:create_file_with_runtime_dependencies(/home/takuto/scout_ws/install/hesai_description/share/colcon-core/packages/hesai_description)
[1.757s] Level 1:colcon.colcon_core.environment:create_environment_scripts_only(scout_mini_control)
[1.758s] Level 1:colcon.colcon_core.environment:checking '/home/takuto/scout_ws/install/scout_mini_control' for CMake module files
[1.759s] DEBUG:colcon.colcon_core.event_handler.log_command:Invoked command in '/home/takuto/scout_ws/build/scout_mini_control' returned '0': CMAKE_PREFIX_PATH=/home/takuto/scout_ws/install/scout_mini_gazebo_sim:/home/takuto/scout_ws/src/install/scout_mini_gazebo_sim:/home/takuto/scout_ws/src/install/scout_mini_description:/home/takuto/scout_ws/src/install/scout_mini_control:/home/takuto/scout_ws/src/install/hesai_description:/home/takuto/scout_ws/install/scout_mini_control:/home/takuto/scout_ws/install/scout_mini_description:/home/takuto/scout_ws/install/scout_gazebo:/home/takuto/scout_ws/install/scout_description:/home/takuto/scout_ws/install/hesai_ros_driver:/home/takuto/scout_ws/install/hesai_description:/home/takuto/mecanumrover_ws/install/vs_rover_options_description:/home/takuto/mecanumrover_ws/install/mecanumrover_gazebo:/home/takuto/mecanumrover_ws/install/mecanumrover3:/home/takuto/mecanumrover_ws/install/mecanumrover_description:/home/takuto/mecanumrover_ws/install/mecanumrover3_bringup:/home/takuto/uros_ws/install/micro_ros_setup:/home/takuto/uros_ws/install/micro_ros_agent:/home/takuto/uros_ws/install/micro_ros_msgs:/home/takuto/scout_ws/src/install/scout_gazebo:/home/takuto/scout_ws/src/install/hesai_ros_driver:/home/takuto/turtlebot3_ws/install/turtlebot3:/home/takuto/turtlebot3_ws/install/turtlebot3_simulations:/home/takuto/turtlebot3_ws/install/turtlebot3_bringup:/home/takuto/turtlebot3_ws/install/turtlebot3_node:/home/takuto/turtlebot3_ws/install/turtlebot3_navigation2:/home/takuto/turtlebot3_ws/install/turtlebot3_gazebo:/home/takuto/turtlebot3_ws/install/turtlebot3_fake_node:/home/takuto/turtlebot3_ws/install/turtlebot3_description:/home/takuto/turtlebot3_ws/install/turtlebot3_cartographer:/home/takuto/scout_ws/src/install/cost_cul:/home/takuto/scout_ws/install/cost_cul:/home/takuto/scout_ws/install/cmd_vel_joy:/home/takuto/scout_ws/src/install/cmd_vel_joy:/home/takuto/turtlebot3_ws/install/turtlebot3_teleop:/home/takuto/turtlebot3_ws/install/turtlebot3_example:/home/takuto/turtlebot3_ws/install/cmd_vel_joy:/opt/ros/humble:/home/takuto/turtlebot3_ws/install/realsense_gazebo_plugin:/home/takuto/turtlebot3_ws/install/realsense2_description:/home/takuto/turtlebot3_ws/install/realsense2_camera:/home/takuto/turtlebot3_ws/install/realsense2_camera_msgs:/home/takuto/turtlebot3_ws/install/dynamixel_sdk_examples:/home/takuto/turtlebot3_ws/install/dynamixel_sdk_custom_interfaces:/home/takuto/turtlebot3_ws/install/dynamixel_sdk /usr/bin/cmake --install /home/takuto/scout_ws/build/scout_mini_control
[1.760s] Level 1:colcon.colcon_core.environment:checking '/home/takuto/scout_ws/install/scout_mini_control' for CMake config files
[1.760s] Level 1:colcon.colcon_core.shell:create_environment_hook('scout_mini_control', 'cmake_prefix_path')
[1.760s] INFO:colcon.colcon_core.shell:Creating environment hook '/home/takuto/scout_ws/install/scout_mini_control/share/scout_mini_control/hook/cmake_prefix_path.ps1'
[1.761s] INFO:colcon.colcon_core.shell:Creating environment descriptor '/home/takuto/scout_ws/install/scout_mini_control/share/scout_mini_control/hook/cmake_prefix_path.dsv'
[1.762s] INFO:colcon.colcon_core.shell:Creating environment hook '/home/takuto/scout_ws/install/scout_mini_control/share/scout_mini_control/hook/cmake_prefix_path.sh'
[1.762s] Level 1:colcon.colcon_core.environment:checking '/home/takuto/scout_ws/install/scout_mini_control/bin'
[1.762s] Level 1:colcon.colcon_core.environment:checking '/home/takuto/scout_ws/install/scout_mini_control/lib/pkgconfig/scout_mini_control.pc'
[1.763s] Level 1:colcon.colcon_core.environment:checking '/home/takuto/scout_ws/install/scout_mini_control/lib/python3.10/site-packages'
[1.763s] Level 1:colcon.colcon_core.environment:checking '/home/takuto/scout_ws/install/scout_mini_control/bin'
[1.764s] INFO:colcon.colcon_core.shell:Creating package script '/home/takuto/scout_ws/install/scout_mini_control/share/scout_mini_control/package.ps1'
[1.764s] INFO:colcon.colcon_core.shell:Creating package descriptor '/home/takuto/scout_ws/install/scout_mini_control/share/scout_mini_control/package.dsv'
[1.765s] INFO:colcon.colcon_core.shell:Creating package script '/home/takuto/scout_ws/install/scout_mini_control/share/scout_mini_control/package.sh'
[1.766s] INFO:colcon.colcon_core.shell:Creating package script '/home/takuto/scout_ws/install/scout_mini_control/share/scout_mini_control/package.bash'
[1.766s] INFO:colcon.colcon_core.shell:Creating package script '/home/takuto/scout_ws/install/scout_mini_control/share/scout_mini_control/package.zsh'
[1.767s] Level 1:colcon.colcon_core.environment:create_file_with_runtime_dependencies(/home/takuto/scout_ws/install/scout_mini_control/share/colcon-core/packages/scout_mini_control)
[1.767s] Level 1:colcon.colcon_core.environment:create_environment_scripts_only(scout_mini_control)
[1.768s] Level 1:colcon.colcon_core.environment:checking '/home/takuto/scout_ws/install/scout_mini_control' for CMake module files
[1.768s] Level 1:colcon.colcon_core.environment:checking '/home/takuto/scout_ws/install/scout_mini_control' for CMake config files
[1.769s] Level 1:colcon.colcon_core.shell:create_environment_hook('scout_mini_control', 'cmake_prefix_path')
[1.769s] INFO:colcon.colcon_core.shell:Creating environment hook '/home/takuto/scout_ws/install/scout_mini_control/share/scout_mini_control/hook/cmake_prefix_path.ps1'
[1.770s] INFO:colcon.colcon_core.shell:Creating environment descriptor '/home/takuto/scout_ws/install/scout_mini_control/share/scout_mini_control/hook/cmake_prefix_path.dsv'
[1.770s] INFO:colcon.colcon_core.shell:Creating environment hook '/home/takuto/scout_ws/install/scout_mini_control/share/scout_mini_control/hook/cmake_prefix_path.sh'
[1.771s] Level 1:colcon.colcon_core.environment:checking '/home/takuto/scout_ws/install/scout_mini_control/bin'
[1.771s] Level 1:colcon.colcon_core.environment:checking '/home/takuto/scout_ws/install/scout_mini_control/lib/pkgconfig/scout_mini_control.pc'
[1.772s] Level 1:colcon.colcon_core.environment:checking '/home/takuto/scout_ws/install/scout_mini_control/lib/python3.10/site-packages'
[1.772s] Level 1:colcon.colcon_core.environment:checking '/home/takuto/scout_ws/install/scout_mini_control/bin'
[1.772s] INFO:colcon.colcon_core.shell:Creating package script '/home/takuto/scout_ws/install/scout_mini_control/share/scout_mini_control/package.ps1'
[1.773s] INFO:colcon.colcon_core.shell:Creating package descriptor '/home/takuto/scout_ws/install/scout_mini_control/share/scout_mini_control/package.dsv'
[1.774s] INFO:colcon.colcon_core.shell:Creating package script '/home/takuto/scout_ws/install/scout_mini_control/share/scout_mini_control/package.sh'
[1.774s] INFO:colcon.colcon_core.shell:Creating package script '/home/takuto/scout_ws/install/scout_mini_control/share/scout_mini_control/package.bash'
[1.775s] INFO:colcon.colcon_core.shell:Creating package script '/home/takuto/scout_ws/install/scout_mini_control/share/scout_mini_control/package.zsh'
[1.776s] Level 1:colcon.colcon_core.environment:create_file_with_runtime_dependencies(/home/takuto/scout_ws/install/scout_mini_control/share/colcon-core/packages/scout_mini_control)
[1.797s] DEBUG:colcon.colcon_core.event_handler.log_command:Invoked command in '/home/takuto/scout_ws/build/scout_gazebo' returned '0': CMAKE_PREFIX_PATH=/home/takuto/scout_ws/install/scout_mini_gazebo_sim:/home/takuto/scout_ws/src/install/scout_mini_gazebo_sim:/home/takuto/scout_ws/src/install/scout_mini_description:/home/takuto/scout_ws/src/install/scout_mini_control:/home/takuto/scout_ws/src/install/hesai_description:/home/takuto/scout_ws/install/scout_mini_control:/home/takuto/scout_ws/install/scout_mini_description:/home/takuto/scout_ws/install/scout_gazebo:/home/takuto/scout_ws/install/scout_description:/home/takuto/scout_ws/install/hesai_ros_driver:/home/takuto/scout_ws/install/hesai_description:/home/takuto/mecanumrover_ws/install/vs_rover_options_description:/home/takuto/mecanumrover_ws/install/mecanumrover_gazebo:/home/takuto/mecanumrover_ws/install/mecanumrover3:/home/takuto/mecanumrover_ws/install/mecanumrover_description:/home/takuto/mecanumrover_ws/install/mecanumrover3_bringup:/home/takuto/uros_ws/install/micro_ros_setup:/home/takuto/uros_ws/install/micro_ros_agent:/home/takuto/uros_ws/install/micro_ros_msgs:/home/takuto/scout_ws/src/install/scout_gazebo:/home/takuto/scout_ws/src/install/hesai_ros_driver:/home/takuto/turtlebot3_ws/install/turtlebot3:/home/takuto/turtlebot3_ws/install/turtlebot3_simulations:/home/takuto/turtlebot3_ws/install/turtlebot3_bringup:/home/takuto/turtlebot3_ws/install/turtlebot3_node:/home/takuto/turtlebot3_ws/install/turtlebot3_navigation2:/home/takuto/turtlebot3_ws/install/turtlebot3_gazebo:/home/takuto/turtlebot3_ws/install/turtlebot3_fake_node:/home/takuto/turtlebot3_ws/install/turtlebot3_description:/home/takuto/turtlebot3_ws/install/turtlebot3_cartographer:/home/takuto/scout_ws/src/install/cost_cul:/home/takuto/scout_ws/install/cost_cul:/home/takuto/scout_ws/install/cmd_vel_joy:/home/takuto/scout_ws/src/install/cmd_vel_joy:/home/takuto/turtlebot3_ws/install/turtlebot3_teleop:/home/takuto/turtlebot3_ws/install/turtlebot3_example:/home/takuto/turtlebot3_ws/install/cmd_vel_joy:/opt/ros/humble:/home/takuto/turtlebot3_ws/install/realsense_gazebo_plugin:/home/takuto/turtlebot3_ws/install/realsense2_description:/home/takuto/turtlebot3_ws/install/realsense2_camera:/home/takuto/turtlebot3_ws/install/realsense2_camera_msgs:/home/takuto/turtlebot3_ws/install/dynamixel_sdk_examples:/home/takuto/turtlebot3_ws/install/dynamixel_sdk_custom_interfaces:/home/takuto/turtlebot3_ws/install/dynamixel_sdk /usr/bin/cmake --build /home/takuto/scout_ws/build/scout_gazebo -- -j16 -l16
[1.800s] DEBUG:colcon.colcon_core.event_handler.log_command:Invoking command in '/home/takuto/scout_ws/build/scout_gazebo': CMAKE_PREFIX_PATH=/home/takuto/scout_ws/install/scout_mini_gazebo_sim:/home/takuto/scout_ws/src/install/scout_mini_gazebo_sim:/home/takuto/scout_ws/src/install/scout_mini_description:/home/takuto/scout_ws/src/install/scout_mini_control:/home/takuto/scout_ws/src/install/hesai_description:/home/takuto/scout_ws/install/scout_mini_control:/home/takuto/scout_ws/install/scout_mini_description:/home/takuto/scout_ws/install/scout_gazebo:/home/takuto/scout_ws/install/scout_description:/home/takuto/scout_ws/install/hesai_ros_driver:/home/takuto/scout_ws/install/hesai_description:/home/takuto/mecanumrover_ws/install/vs_rover_options_description:/home/takuto/mecanumrover_ws/install/mecanumrover_gazebo:/home/takuto/mecanumrover_ws/install/mecanumrover3:/home/takuto/mecanumrover_ws/install/mecanumrover_description:/home/takuto/mecanumrover_ws/install/mecanumrover3_bringup:/home/takuto/uros_ws/install/micro_ros_setup:/home/takuto/uros_ws/install/micro_ros_agent:/home/takuto/uros_ws/install/micro_ros_msgs:/home/takuto/scout_ws/src/install/scout_gazebo:/home/takuto/scout_ws/src/install/hesai_ros_driver:/home/takuto/turtlebot3_ws/install/turtlebot3:/home/takuto/turtlebot3_ws/install/turtlebot3_simulations:/home/takuto/turtlebot3_ws/install/turtlebot3_bringup:/home/takuto/turtlebot3_ws/install/turtlebot3_node:/home/takuto/turtlebot3_ws/install/turtlebot3_navigation2:/home/takuto/turtlebot3_ws/install/turtlebot3_gazebo:/home/takuto/turtlebot3_ws/install/turtlebot3_fake_node:/home/takuto/turtlebot3_ws/install/turtlebot3_description:/home/takuto/turtlebot3_ws/install/turtlebot3_cartographer:/home/takuto/scout_ws/src/install/cost_cul:/home/takuto/scout_ws/install/cost_cul:/home/takuto/scout_ws/install/cmd_vel_joy:/home/takuto/scout_ws/src/install/cmd_vel_joy:/home/takuto/turtlebot3_ws/install/turtlebot3_teleop:/home/takuto/turtlebot3_ws/install/turtlebot3_example:/home/takuto/turtlebot3_ws/install/cmd_vel_joy:/opt/ros/humble:/home/takuto/turtlebot3_ws/install/realsense_gazebo_plugin:/home/takuto/turtlebot3_ws/install/realsense2_description:/home/takuto/turtlebot3_ws/install/realsense2_camera:/home/takuto/turtlebot3_ws/install/realsense2_camera_msgs:/home/takuto/turtlebot3_ws/install/dynamixel_sdk_examples:/home/takuto/turtlebot3_ws/install/dynamixel_sdk_custom_interfaces:/home/takuto/turtlebot3_ws/install/dynamixel_sdk /usr/bin/cmake --install /home/takuto/scout_ws/build/scout_gazebo
[1.839s] DEBUG:colcon.colcon_core.event_handler.log_command:Invoked command in '/home/takuto/scout_ws/build/scout_mini_gazebo_sim' returned '0': CMAKE_PREFIX_PATH=/home/takuto/scout_ws/install/scout_mini_description:/home/takuto/scout_ws/install/scout_mini_gazebo_sim:/home/takuto/scout_ws/src/install/scout_mini_gazebo_sim:/home/takuto/scout_ws/src/install/scout_mini_description:/home/takuto/scout_ws/src/install/scout_mini_control:/home/takuto/scout_ws/src/install/hesai_description:/home/takuto/scout_ws/install/scout_mini_control:/home/takuto/scout_ws/install/scout_gazebo:/home/takuto/scout_ws/install/scout_description:/home/takuto/scout_ws/install/hesai_ros_driver:/home/takuto/scout_ws/install/hesai_description:/home/takuto/mecanumrover_ws/install/vs_rover_options_description:/home/takuto/mecanumrover_ws/install/mecanumrover_gazebo:/home/takuto/mecanumrover_ws/install/mecanumrover3:/home/takuto/mecanumrover_ws/install/mecanumrover_description:/home/takuto/mecanumrover_ws/install/mecanumrover3_bringup:/home/takuto/uros_ws/install/micro_ros_setup:/home/takuto/uros_ws/install/micro_ros_agent:/home/takuto/uros_ws/install/micro_ros_msgs:/home/takuto/scout_ws/src/install/scout_gazebo:/home/takuto/scout_ws/src/install/hesai_ros_driver:/home/takuto/turtlebot3_ws/install/turtlebot3:/home/takuto/turtlebot3_ws/install/turtlebot3_simulations:/home/takuto/turtlebot3_ws/install/turtlebot3_bringup:/home/takuto/turtlebot3_ws/install/turtlebot3_node:/home/takuto/turtlebot3_ws/install/turtlebot3_navigation2:/home/takuto/turtlebot3_ws/install/turtlebot3_gazebo:/home/takuto/turtlebot3_ws/install/turtlebot3_fake_node:/home/takuto/turtlebot3_ws/install/turtlebot3_description:/home/takuto/turtlebot3_ws/install/turtlebot3_cartographer:/home/takuto/scout_ws/src/install/cost_cul:/home/takuto/scout_ws/install/cost_cul:/home/takuto/scout_ws/install/cmd_vel_joy:/home/takuto/scout_ws/src/install/cmd_vel_joy:/home/takuto/turtlebot3_ws/install/turtlebot3_teleop:/home/takuto/turtlebot3_ws/install/turtlebot3_example:/home/takuto/turtlebot3_ws/install/cmd_vel_joy:/opt/ros/humble:/home/takuto/turtlebot3_ws/install/realsense_gazebo_plugin:/home/takuto/turtlebot3_ws/install/realsense2_description:/home/takuto/turtlebot3_ws/install/realsense2_camera:/home/takuto/turtlebot3_ws/install/realsense2_camera_msgs:/home/takuto/turtlebot3_ws/install/dynamixel_sdk_examples:/home/takuto/turtlebot3_ws/install/dynamixel_sdk_custom_interfaces:/home/takuto/turtlebot3_ws/install/dynamixel_sdk /usr/bin/cmake /home/takuto/scout_ws/src/scout_mini_gazebo_sim -DCMAKE_INSTALL_PREFIX=/home/takuto/scout_ws/install/scout_mini_gazebo_sim
[1.842s] DEBUG:colcon.colcon_core.event_handler.log_command:Invoking command in '/home/takuto/scout_ws/build/scout_mini_gazebo_sim': CMAKE_PREFIX_PATH=/home/takuto/scout_ws/install/scout_mini_description:/home/takuto/scout_ws/install/scout_mini_gazebo_sim:/home/takuto/scout_ws/src/install/scout_mini_gazebo_sim:/home/takuto/scout_ws/src/install/scout_mini_description:/home/takuto/scout_ws/src/install/scout_mini_control:/home/takuto/scout_ws/src/install/hesai_description:/home/takuto/scout_ws/install/scout_mini_control:/home/takuto/scout_ws/install/scout_gazebo:/home/takuto/scout_ws/install/scout_description:/home/takuto/scout_ws/install/hesai_ros_driver:/home/takuto/scout_ws/install/hesai_description:/home/takuto/mecanumrover_ws/install/vs_rover_options_description:/home/takuto/mecanumrover_ws/install/mecanumrover_gazebo:/home/takuto/mecanumrover_ws/install/mecanumrover3:/home/takuto/mecanumrover_ws/install/mecanumrover_description:/home/takuto/mecanumrover_ws/install/mecanumrover3_bringup:/home/takuto/uros_ws/install/micro_ros_setup:/home/takuto/uros_ws/install/micro_ros_agent:/home/takuto/uros_ws/install/micro_ros_msgs:/home/takuto/scout_ws/src/install/scout_gazebo:/home/takuto/scout_ws/src/install/hesai_ros_driver:/home/takuto/turtlebot3_ws/install/turtlebot3:/home/takuto/turtlebot3_ws/install/turtlebot3_simulations:/home/takuto/turtlebot3_ws/install/turtlebot3_bringup:/home/takuto/turtlebot3_ws/install/turtlebot3_node:/home/takuto/turtlebot3_ws/install/turtlebot3_navigation2:/home/takuto/turtlebot3_ws/install/turtlebot3_gazebo:/home/takuto/turtlebot3_ws/install/turtlebot3_fake_node:/home/takuto/turtlebot3_ws/install/turtlebot3_description:/home/takuto/turtlebot3_ws/install/turtlebot3_cartographer:/home/takuto/scout_ws/src/install/cost_cul:/home/takuto/scout_ws/install/cost_cul:/home/takuto/scout_ws/install/cmd_vel_joy:/home/takuto/scout_ws/src/install/cmd_vel_joy:/home/takuto/turtlebot3_ws/install/turtlebot3_teleop:/home/takuto/turtlebot3_ws/install/turtlebot3_example:/home/takuto/turtlebot3_ws/install/cmd_vel_joy:/opt/ros/humble:/home/takuto/turtlebot3_ws/install/realsense_gazebo_plugin:/home/takuto/turtlebot3_ws/install/realsense2_description:/home/takuto/turtlebot3_ws/install/realsense2_camera:/home/takuto/turtlebot3_ws/install/realsense2_camera_msgs:/home/takuto/turtlebot3_ws/install/dynamixel_sdk_examples:/home/takuto/turtlebot3_ws/install/dynamixel_sdk_custom_interfaces:/home/takuto/turtlebot3_ws/install/dynamixel_sdk /usr/bin/cmake --build /home/takuto/scout_ws/build/scout_mini_gazebo_sim -- -j16 -l16
[1.849s] Level 1:colcon.colcon_core.environment:create_environment_scripts_only(scout_gazebo)
[1.850s] Level 1:colcon.colcon_core.environment:checking '/home/takuto/scout_ws/install/scout_gazebo' for CMake module files
[1.851s] DEBUG:colcon.colcon_core.event_handler.log_command:Invoked command in '/home/takuto/scout_ws/build/scout_gazebo' returned '0': CMAKE_PREFIX_PATH=/home/takuto/scout_ws/install/scout_mini_gazebo_sim:/home/takuto/scout_ws/src/install/scout_mini_gazebo_sim:/home/takuto/scout_ws/src/install/scout_mini_description:/home/takuto/scout_ws/src/install/scout_mini_control:/home/takuto/scout_ws/src/install/hesai_description:/home/takuto/scout_ws/install/scout_mini_control:/home/takuto/scout_ws/install/scout_mini_description:/home/takuto/scout_ws/install/scout_gazebo:/home/takuto/scout_ws/install/scout_description:/home/takuto/scout_ws/install/hesai_ros_driver:/home/takuto/scout_ws/install/hesai_description:/home/takuto/mecanumrover_ws/install/vs_rover_options_description:/home/takuto/mecanumrover_ws/install/mecanumrover_gazebo:/home/takuto/mecanumrover_ws/install/mecanumrover3:/home/takuto/mecanumrover_ws/install/mecanumrover_description:/home/takuto/mecanumrover_ws/install/mecanumrover3_bringup:/home/takuto/uros_ws/install/micro_ros_setup:/home/takuto/uros_ws/install/micro_ros_agent:/home/takuto/uros_ws/install/micro_ros_msgs:/home/takuto/scout_ws/src/install/scout_gazebo:/home/takuto/scout_ws/src/install/hesai_ros_driver:/home/takuto/turtlebot3_ws/install/turtlebot3:/home/takuto/turtlebot3_ws/install/turtlebot3_simulations:/home/takuto/turtlebot3_ws/install/turtlebot3_bringup:/home/takuto/turtlebot3_ws/install/turtlebot3_node:/home/takuto/turtlebot3_ws/install/turtlebot3_navigation2:/home/takuto/turtlebot3_ws/install/turtlebot3_gazebo:/home/takuto/turtlebot3_ws/install/turtlebot3_fake_node:/home/takuto/turtlebot3_ws/install/turtlebot3_description:/home/takuto/turtlebot3_ws/install/turtlebot3_cartographer:/home/takuto/scout_ws/src/install/cost_cul:/home/takuto/scout_ws/install/cost_cul:/home/takuto/scout_ws/install/cmd_vel_joy:/home/takuto/scout_ws/src/install/cmd_vel_joy:/home/takuto/turtlebot3_ws/install/turtlebot3_teleop:/home/takuto/turtlebot3_ws/install/turtlebot3_example:/home/takuto/turtlebot3_ws/install/cmd_vel_joy:/opt/ros/humble:/home/takuto/turtlebot3_ws/install/realsense_gazebo_plugin:/home/takuto/turtlebot3_ws/install/realsense2_description:/home/takuto/turtlebot3_ws/install/realsense2_camera:/home/takuto/turtlebot3_ws/install/realsense2_camera_msgs:/home/takuto/turtlebot3_ws/install/dynamixel_sdk_examples:/home/takuto/turtlebot3_ws/install/dynamixel_sdk_custom_interfaces:/home/takuto/turtlebot3_ws/install/dynamixel_sdk /usr/bin/cmake --install /home/takuto/scout_ws/build/scout_gazebo
[1.852s] Level 1:colcon.colcon_core.environment:checking '/home/takuto/scout_ws/install/scout_gazebo' for CMake config files
[1.852s] Level 1:colcon.colcon_core.shell:create_environment_hook('scout_gazebo', 'cmake_prefix_path')
[1.853s] INFO:colcon.colcon_core.shell:Creating environment hook '/home/takuto/scout_ws/install/scout_gazebo/share/scout_gazebo/hook/cmake_prefix_path.ps1'
[1.857s] INFO:colcon.colcon_core.shell:Creating environment descriptor '/home/takuto/scout_ws/install/scout_gazebo/share/scout_gazebo/hook/cmake_prefix_path.dsv'
[1.858s] INFO:colcon.colcon_core.shell:Creating environment hook '/home/takuto/scout_ws/install/scout_gazebo/share/scout_gazebo/hook/cmake_prefix_path.sh'
[1.860s] Level 1:colcon.colcon_core.environment:checking '/home/takuto/scout_ws/install/scout_gazebo/bin'
[1.860s] Level 1:colcon.colcon_core.environment:checking '/home/takuto/scout_ws/install/scout_gazebo/lib/pkgconfig/scout_gazebo.pc'
[1.860s] Level 1:colcon.colcon_core.environment:checking '/home/takuto/scout_ws/install/scout_gazebo/lib/python3.10/site-packages'
[1.860s] Level 1:colcon.colcon_core.environment:checking '/home/takuto/scout_ws/install/scout_gazebo/bin'
[1.861s] INFO:colcon.colcon_core.shell:Creating package script '/home/takuto/scout_ws/install/scout_gazebo/share/scout_gazebo/package.ps1'
[1.861s] INFO:colcon.colcon_core.shell:Creating package descriptor '/home/takuto/scout_ws/install/scout_gazebo/share/scout_gazebo/package.dsv'
[1.862s] INFO:colcon.colcon_core.shell:Creating package script '/home/takuto/scout_ws/install/scout_gazebo/share/scout_gazebo/package.sh'
[1.862s] INFO:colcon.colcon_core.shell:Creating package script '/home/takuto/scout_ws/install/scout_gazebo/share/scout_gazebo/package.bash'
[1.863s] INFO:colcon.colcon_core.shell:Creating package script '/home/takuto/scout_ws/install/scout_gazebo/share/scout_gazebo/package.zsh'
[1.863s] Level 1:colcon.colcon_core.environment:create_file_with_runtime_dependencies(/home/takuto/scout_ws/install/scout_gazebo/share/colcon-core/packages/scout_gazebo)
[1.864s] Level 1:colcon.colcon_core.environment:create_environment_scripts_only(scout_gazebo)
[1.864s] Level 1:colcon.colcon_core.environment:checking '/home/takuto/scout_ws/install/scout_gazebo' for CMake module files
[1.865s] Level 1:colcon.colcon_core.environment:checking '/home/takuto/scout_ws/install/scout_gazebo' for CMake config files
[1.865s] Level 1:colcon.colcon_core.shell:create_environment_hook('scout_gazebo', 'cmake_prefix_path')
[1.866s] INFO:colcon.colcon_core.shell:Creating environment hook '/home/takuto/scout_ws/install/scout_gazebo/share/scout_gazebo/hook/cmake_prefix_path.ps1'
[1.866s] INFO:colcon.colcon_core.shell:Creating environment descriptor '/home/takuto/scout_ws/install/scout_gazebo/share/scout_gazebo/hook/cmake_prefix_path.dsv'
[1.867s] INFO:colcon.colcon_core.shell:Creating environment hook '/home/takuto/scout_ws/install/scout_gazebo/share/scout_gazebo/hook/cmake_prefix_path.sh'
[1.867s] Level 1:colcon.colcon_core.environment:checking '/home/takuto/scout_ws/install/scout_gazebo/bin'
[1.868s] Level 1:colcon.colcon_core.environment:checking '/home/takuto/scout_ws/install/scout_gazebo/lib/pkgconfig/scout_gazebo.pc'
[1.868s] Level 1:colcon.colcon_core.environment:checking '/home/takuto/scout_ws/install/scout_gazebo/lib/python3.10/site-packages'
[1.868s] Level 1:colcon.colcon_core.environment:checking '/home/takuto/scout_ws/install/scout_gazebo/bin'
[1.869s] INFO:colcon.colcon_core.shell:Creating package script '/home/takuto/scout_ws/install/scout_gazebo/share/scout_gazebo/package.ps1'
[1.869s] INFO:colcon.colcon_core.shell:Creating package descriptor '/home/takuto/scout_ws/install/scout_gazebo/share/scout_gazebo/package.dsv'
[1.870s] INFO:colcon.colcon_core.shell:Creating package script '/home/takuto/scout_ws/install/scout_gazebo/share/scout_gazebo/package.sh'
[1.871s] INFO:colcon.colcon_core.shell:Creating package script '/home/takuto/scout_ws/install/scout_gazebo/share/scout_gazebo/package.bash'
[1.871s] INFO:colcon.colcon_core.shell:Creating package script '/home/takuto/scout_ws/install/scout_gazebo/share/scout_gazebo/package.zsh'
[1.872s] Level 1:colcon.colcon_core.environment:create_file_with_runtime_dependencies(/home/takuto/scout_ws/install/scout_gazebo/share/colcon-core/packages/scout_gazebo)
[1.884s] DEBUG:colcon.colcon_core.event_handler.log_command:Invoking command in '/home/takuto/scout_ws/build/cmd_vel_joy': PYTHONPATH=/home/takuto/scout_ws/build/cmd_vel_joy/prefix_override:/usr/lib/python3/dist-packages/colcon_core/task/python/colcon_distutils_commands:/home/takuto/scout_ws/install/cmd_vel_joy/lib/python3.10/site-packages:${PYTHONPATH} /usr/bin/python3 -W ignore:setup.py install is deprecated -W ignore:easy_install command is deprecated setup.py develop --uninstall --editable --build-directory /home/takuto/scout_ws/build/cmd_vel_joy/build
[1.885s] DEBUG:colcon.colcon_core.event_handler.log_command:Invoking command in '/home/takuto/scout_ws/build/cost_cul': PYTHONPATH=/home/takuto/scout_ws/build/cost_cul/prefix_override:/usr/lib/python3/dist-packages/colcon_core/task/python/colcon_distutils_commands:/home/takuto/scout_ws/install/cost_cul/lib/python3.10/site-packages:${PYTHONPATH} /usr/bin/python3 -W ignore:setup.py install is deprecated -W ignore:easy_install command is deprecated setup.py develop --uninstall --editable --build-directory /home/takuto/scout_ws/build/cost_cul/build
[1.916s] DEBUG:colcon.colcon_core.event_handler.log_command:Invoked command in '/home/takuto/scout_ws/build/scout_mini_gazebo_sim' returned '0': CMAKE_PREFIX_PATH=/home/takuto/scout_ws/install/scout_mini_description:/home/takuto/scout_ws/install/scout_mini_gazebo_sim:/home/takuto/scout_ws/src/install/scout_mini_gazebo_sim:/home/takuto/scout_ws/src/install/scout_mini_description:/home/takuto/scout_ws/src/install/scout_mini_control:/home/takuto/scout_ws/src/install/hesai_description:/home/takuto/scout_ws/install/scout_mini_control:/home/takuto/scout_ws/install/scout_gazebo:/home/takuto/scout_ws/install/scout_description:/home/takuto/scout_ws/install/hesai_ros_driver:/home/takuto/scout_ws/install/hesai_description:/home/takuto/mecanumrover_ws/install/vs_rover_options_description:/home/takuto/mecanumrover_ws/install/mecanumrover_gazebo:/home/takuto/mecanumrover_ws/install/mecanumrover3:/home/takuto/mecanumrover_ws/install/mecanumrover_description:/home/takuto/mecanumrover_ws/install/mecanumrover3_bringup:/home/takuto/uros_ws/install/micro_ros_setup:/home/takuto/uros_ws/install/micro_ros_agent:/home/takuto/uros_ws/install/micro_ros_msgs:/home/takuto/scout_ws/src/install/scout_gazebo:/home/takuto/scout_ws/src/install/hesai_ros_driver:/home/takuto/turtlebot3_ws/install/turtlebot3:/home/takuto/turtlebot3_ws/install/turtlebot3_simulations:/home/takuto/turtlebot3_ws/install/turtlebot3_bringup:/home/takuto/turtlebot3_ws/install/turtlebot3_node:/home/takuto/turtlebot3_ws/install/turtlebot3_navigation2:/home/takuto/turtlebot3_ws/install/turtlebot3_gazebo:/home/takuto/turtlebot3_ws/install/turtlebot3_fake_node:/home/takuto/turtlebot3_ws/install/turtlebot3_description:/home/takuto/turtlebot3_ws/install/turtlebot3_cartographer:/home/takuto/scout_ws/src/install/cost_cul:/home/takuto/scout_ws/install/cost_cul:/home/takuto/scout_ws/install/cmd_vel_joy:/home/takuto/scout_ws/src/install/cmd_vel_joy:/home/takuto/turtlebot3_ws/install/turtlebot3_teleop:/home/takuto/turtlebot3_ws/install/turtlebot3_example:/home/takuto/turtlebot3_ws/install/cmd_vel_joy:/opt/ros/humble:/home/takuto/turtlebot3_ws/install/realsense_gazebo_plugin:/home/takuto/turtlebot3_ws/install/realsense2_description:/home/takuto/turtlebot3_ws/install/realsense2_camera:/home/takuto/turtlebot3_ws/install/realsense2_camera_msgs:/home/takuto/turtlebot3_ws/install/dynamixel_sdk_examples:/home/takuto/turtlebot3_ws/install/dynamixel_sdk_custom_interfaces:/home/takuto/turtlebot3_ws/install/dynamixel_sdk /usr/bin/cmake --build /home/takuto/scout_ws/build/scout_mini_gazebo_sim -- -j16 -l16
[1.919s] DEBUG:colcon.colcon_core.event_handler.log_command:Invoking command in '/home/takuto/scout_ws/build/scout_mini_gazebo_sim': CMAKE_PREFIX_PATH=/home/takuto/scout_ws/install/scout_mini_description:/home/takuto/scout_ws/install/scout_mini_gazebo_sim:/home/takuto/scout_ws/src/install/scout_mini_gazebo_sim:/home/takuto/scout_ws/src/install/scout_mini_description:/home/takuto/scout_ws/src/install/scout_mini_control:/home/takuto/scout_ws/src/install/hesai_description:/home/takuto/scout_ws/install/scout_mini_control:/home/takuto/scout_ws/install/scout_gazebo:/home/takuto/scout_ws/install/scout_description:/home/takuto/scout_ws/install/hesai_ros_driver:/home/takuto/scout_ws/install/hesai_description:/home/takuto/mecanumrover_ws/install/vs_rover_options_description:/home/takuto/mecanumrover_ws/install/mecanumrover_gazebo:/home/takuto/mecanumrover_ws/install/mecanumrover3:/home/takuto/mecanumrover_ws/install/mecanumrover_description:/home/takuto/mecanumrover_ws/install/mecanumrover3_bringup:/home/takuto/uros_ws/install/micro_ros_setup:/home/takuto/uros_ws/install/micro_ros_agent:/home/takuto/uros_ws/install/micro_ros_msgs:/home/takuto/scout_ws/src/install/scout_gazebo:/home/takuto/scout_ws/src/install/hesai_ros_driver:/home/takuto/turtlebot3_ws/install/turtlebot3:/home/takuto/turtlebot3_ws/install/turtlebot3_simulations:/home/takuto/turtlebot3_ws/install/turtlebot3_bringup:/home/takuto/turtlebot3_ws/install/turtlebot3_node:/home/takuto/turtlebot3_ws/install/turtlebot3_navigation2:/home/takuto/turtlebot3_ws/install/turtlebot3_gazebo:/home/takuto/turtlebot3_ws/install/turtlebot3_fake_node:/home/takuto/turtlebot3_ws/install/turtlebot3_description:/home/takuto/turtlebot3_ws/install/turtlebot3_cartographer:/home/takuto/scout_ws/src/install/cost_cul:/home/takuto/scout_ws/install/cost_cul:/home/takuto/scout_ws/install/cmd_vel_joy:/home/takuto/scout_ws/src/install/cmd_vel_joy:/home/takuto/turtlebot3_ws/install/turtlebot3_teleop:/home/takuto/turtlebot3_ws/install/turtlebot3_example:/home/takuto/turtlebot3_ws/install/cmd_vel_joy:/opt/ros/humble:/home/takuto/turtlebot3_ws/install/realsense_gazebo_plugin:/home/takuto/turtlebot3_ws/install/realsense2_description:/home/takuto/turtlebot3_ws/install/realsense2_camera:/home/takuto/turtlebot3_ws/install/realsense2_camera_msgs:/home/takuto/turtlebot3_ws/install/dynamixel_sdk_examples:/home/takuto/turtlebot3_ws/install/dynamixel_sdk_custom_interfaces:/home/takuto/turtlebot3_ws/install/dynamixel_sdk /usr/bin/cmake --install /home/takuto/scout_ws/build/scout_mini_gazebo_sim
[1.957s] Level 1:colcon.colcon_core.environment:create_environment_scripts_only(scout_mini_gazebo_sim)
[1.957s] Level 1:colcon.colcon_core.environment:checking '/home/takuto/scout_ws/install/scout_mini_gazebo_sim' for CMake module files
[1.958s] DEBUG:colcon.colcon_core.event_handler.log_command:Invoked command in '/home/takuto/scout_ws/build/scout_mini_gazebo_sim' returned '0': CMAKE_PREFIX_PATH=/home/takuto/scout_ws/install/scout_mini_description:/home/takuto/scout_ws/install/scout_mini_gazebo_sim:/home/takuto/scout_ws/src/install/scout_mini_gazebo_sim:/home/takuto/scout_ws/src/install/scout_mini_description:/home/takuto/scout_ws/src/install/scout_mini_control:/home/takuto/scout_ws/src/install/hesai_description:/home/takuto/scout_ws/install/scout_mini_control:/home/takuto/scout_ws/install/scout_gazebo:/home/takuto/scout_ws/install/scout_description:/home/takuto/scout_ws/install/hesai_ros_driver:/home/takuto/scout_ws/install/hesai_description:/home/takuto/mecanumrover_ws/install/vs_rover_options_description:/home/takuto/mecanumrover_ws/install/mecanumrover_gazebo:/home/takuto/mecanumrover_ws/install/mecanumrover3:/home/takuto/mecanumrover_ws/install/mecanumrover_description:/home/takuto/mecanumrover_ws/install/mecanumrover3_bringup:/home/takuto/uros_ws/install/micro_ros_setup:/home/takuto/uros_ws/install/micro_ros_agent:/home/takuto/uros_ws/install/micro_ros_msgs:/home/takuto/scout_ws/src/install/scout_gazebo:/home/takuto/scout_ws/src/install/hesai_ros_driver:/home/takuto/turtlebot3_ws/install/turtlebot3:/home/takuto/turtlebot3_ws/install/turtlebot3_simulations:/home/takuto/turtlebot3_ws/install/turtlebot3_bringup:/home/takuto/turtlebot3_ws/install/turtlebot3_node:/home/takuto/turtlebot3_ws/install/turtlebot3_navigation2:/home/takuto/turtlebot3_ws/install/turtlebot3_gazebo:/home/takuto/turtlebot3_ws/install/turtlebot3_fake_node:/home/takuto/turtlebot3_ws/install/turtlebot3_description:/home/takuto/turtlebot3_ws/install/turtlebot3_cartographer:/home/takuto/scout_ws/src/install/cost_cul:/home/takuto/scout_ws/install/cost_cul:/home/takuto/scout_ws/install/cmd_vel_joy:/home/takuto/scout_ws/src/install/cmd_vel_joy:/home/takuto/turtlebot3_ws/install/turtlebot3_teleop:/home/takuto/turtlebot3_ws/install/turtlebot3_example:/home/takuto/turtlebot3_ws/install/cmd_vel_joy:/opt/ros/humble:/home/takuto/turtlebot3_ws/install/realsense_gazebo_plugin:/home/takuto/turtlebot3_ws/install/realsense2_description:/home/takuto/turtlebot3_ws/install/realsense2_camera:/home/takuto/turtlebot3_ws/install/realsense2_camera_msgs:/home/takuto/turtlebot3_ws/install/dynamixel_sdk_examples:/home/takuto/turtlebot3_ws/install/dynamixel_sdk_custom_interfaces:/home/takuto/turtlebot3_ws/install/dynamixel_sdk /usr/bin/cmake --install /home/takuto/scout_ws/build/scout_mini_gazebo_sim
[1.958s] Level 1:colcon.colcon_core.environment:checking '/home/takuto/scout_ws/install/scout_mini_gazebo_sim' for CMake config files
[1.959s] Level 1:colcon.colcon_core.shell:create_environment_hook('scout_mini_gazebo_sim', 'cmake_prefix_path')
[1.959s] INFO:colcon.colcon_core.shell:Creating environment hook '/home/takuto/scout_ws/install/scout_mini_gazebo_sim/share/scout_mini_gazebo_sim/hook/cmake_prefix_path.ps1'
[1.960s] INFO:colcon.colcon_core.shell:Creating environment descriptor '/home/takuto/scout_ws/install/scout_mini_gazebo_sim/share/scout_mini_gazebo_sim/hook/cmake_prefix_path.dsv'
[1.960s] INFO:colcon.colcon_core.shell:Creating environment hook '/home/takuto/scout_ws/install/scout_mini_gazebo_sim/share/scout_mini_gazebo_sim/hook/cmake_prefix_path.sh'
[1.961s] Level 1:colcon.colcon_core.environment:checking '/home/takuto/scout_ws/install/scout_mini_gazebo_sim/bin'
[1.961s] Level 1:colcon.colcon_core.environment:checking '/home/takuto/scout_ws/install/scout_mini_gazebo_sim/lib/pkgconfig/scout_mini_gazebo_sim.pc'
[1.961s] Level 1:colcon.colcon_core.environment:checking '/home/takuto/scout_ws/install/scout_mini_gazebo_sim/lib/python3.10/site-packages'
[1.962s] Level 1:colcon.colcon_core.environment:checking '/home/takuto/scout_ws/install/scout_mini_gazebo_sim/bin'
[1.962s] INFO:colcon.colcon_core.shell:Creating package script '/home/takuto/scout_ws/install/scout_mini_gazebo_sim/share/scout_mini_gazebo_sim/package.ps1'
[1.963s] INFO:colcon.colcon_core.shell:Creating package descriptor '/home/takuto/scout_ws/install/scout_mini_gazebo_sim/share/scout_mini_gazebo_sim/package.dsv'
[1.963s] INFO:colcon.colcon_core.shell:Creating package script '/home/takuto/scout_ws/install/scout_mini_gazebo_sim/share/scout_mini_gazebo_sim/package.sh'
[1.964s] INFO:colcon.colcon_core.shell:Creating package script '/home/takuto/scout_ws/install/scout_mini_gazebo_sim/share/scout_mini_gazebo_sim/package.bash'
[1.964s] INFO:colcon.colcon_core.shell:Creating package script '/home/takuto/scout_ws/install/scout_mini_gazebo_sim/share/scout_mini_gazebo_sim/package.zsh'
[1.965s] Level 1:colcon.colcon_core.environment:create_file_with_runtime_dependencies(/home/takuto/scout_ws/install/scout_mini_gazebo_sim/share/colcon-core/packages/scout_mini_gazebo_sim)
[1.965s] Level 1:colcon.colcon_core.environment:create_environment_scripts_only(scout_mini_gazebo_sim)
[1.966s] Level 1:colcon.colcon_core.environment:checking '/home/takuto/scout_ws/install/scout_mini_gazebo_sim' for CMake module files
[1.966s] Level 1:colcon.colcon_core.environment:checking '/home/takuto/scout_ws/install/scout_mini_gazebo_sim' for CMake config files
[1.967s] Level 1:colcon.colcon_core.shell:create_environment_hook('scout_mini_gazebo_sim', 'cmake_prefix_path')
[1.967s] INFO:colcon.colcon_core.shell:Creating environment hook '/home/takuto/scout_ws/install/scout_mini_gazebo_sim/share/scout_mini_gazebo_sim/hook/cmake_prefix_path.ps1'
[1.967s] INFO:colcon.colcon_core.shell:Creating environment descriptor '/home/takuto/scout_ws/install/scout_mini_gazebo_sim/share/scout_mini_gazebo_sim/hook/cmake_prefix_path.dsv'
[1.968s] INFO:colcon.colcon_core.shell:Creating environment hook '/home/takuto/scout_ws/install/scout_mini_gazebo_sim/share/scout_mini_gazebo_sim/hook/cmake_prefix_path.sh'
[1.968s] Level 1:colcon.colcon_core.environment:checking '/home/takuto/scout_ws/install/scout_mini_gazebo_sim/bin'
[1.968s] Level 1:colcon.colcon_core.environment:checking '/home/takuto/scout_ws/install/scout_mini_gazebo_sim/lib/pkgconfig/scout_mini_gazebo_sim.pc'
[1.969s] Level 1:colcon.colcon_core.environment:checking '/home/takuto/scout_ws/install/scout_mini_gazebo_sim/lib/python3.10/site-packages'
[1.969s] Level 1:colcon.colcon_core.environment:checking '/home/takuto/scout_ws/install/scout_mini_gazebo_sim/bin'
[1.970s] INFO:colcon.colcon_core.shell:Creating package script '/home/takuto/scout_ws/install/scout_mini_gazebo_sim/share/scout_mini_gazebo_sim/package.ps1'
[1.970s] INFO:colcon.colcon_core.shell:Creating package descriptor '/home/takuto/scout_ws/install/scout_mini_gazebo_sim/share/scout_mini_gazebo_sim/package.dsv'
[1.971s] INFO:colcon.colcon_core.shell:Creating package script '/home/takuto/scout_ws/install/scout_mini_gazebo_sim/share/scout_mini_gazebo_sim/package.sh'
[1.971s] INFO:colcon.colcon_core.shell:Creating package script '/home/takuto/scout_ws/install/scout_mini_gazebo_sim/share/scout_mini_gazebo_sim/package.bash'
[1.972s] INFO:colcon.colcon_core.shell:Creating package script '/home/takuto/scout_ws/install/scout_mini_gazebo_sim/share/scout_mini_gazebo_sim/package.zsh'
[1.973s] Level 1:colcon.colcon_core.environment:create_file_with_runtime_dependencies(/home/takuto/scout_ws/install/scout_mini_gazebo_sim/share/colcon-core/packages/scout_mini_gazebo_sim)
[2.582s] DEBUG:colcon.colcon_core.event_handler.log_command:Invoked command in '/home/takuto/scout_ws/build/cmd_vel_joy' returned '0': PYTHONPATH=/home/takuto/scout_ws/build/cmd_vel_joy/prefix_override:/usr/lib/python3/dist-packages/colcon_core/task/python/colcon_distutils_commands:/home/takuto/scout_ws/install/cmd_vel_joy/lib/python3.10/site-packages:${PYTHONPATH} /usr/bin/python3 -W ignore:setup.py install is deprecated -W ignore:easy_install command is deprecated setup.py develop --uninstall --editable --build-directory /home/takuto/scout_ws/build/cmd_vel_joy/build
[2.584s] DEBUG:colcon.colcon_core.event_handler.log_command:Invoking command in '/home/takuto/scout_ws/src/cmd_vel_joy': PYTHONPATH=/home/takuto/scout_ws/build/cmd_vel_joy/prefix_override:/usr/lib/python3/dist-packages/colcon_core/task/python/colcon_distutils_commands:/home/takuto/scout_ws/install/cmd_vel_joy/lib/python3.10/site-packages:${PYTHONPATH} /usr/bin/python3 -W ignore:setup.py install is deprecated -W ignore:easy_install command is deprecated setup.py egg_info --egg-base ../../build/cmd_vel_joy build --build-base /home/takuto/scout_ws/build/cmd_vel_joy/build install --record /home/takuto/scout_ws/build/cmd_vel_joy/install.log --single-version-externally-managed install_data --force
[2.596s] DEBUG:colcon.colcon_core.event_handler.log_command:Invoked command in '/home/takuto/scout_ws/build/cost_cul' returned '0': PYTHONPATH=/home/takuto/scout_ws/build/cost_cul/prefix_override:/usr/lib/python3/dist-packages/colcon_core/task/python/colcon_distutils_commands:/home/takuto/scout_ws/install/cost_cul/lib/python3.10/site-packages:${PYTHONPATH} /usr/bin/python3 -W ignore:setup.py install is deprecated -W ignore:easy_install command is deprecated setup.py develop --uninstall --editable --build-directory /home/takuto/scout_ws/build/cost_cul/build
[2.598s] DEBUG:colcon.colcon_core.event_handler.log_command:Invoking command in '/home/takuto/scout_ws/src/cost_cul': PYTHONPATH=/home/takuto/scout_ws/build/cost_cul/prefix_override:/usr/lib/python3/dist-packages/colcon_core/task/python/colcon_distutils_commands:/home/takuto/scout_ws/install/cost_cul/lib/python3.10/site-packages:${PYTHONPATH} /usr/bin/python3 -W ignore:setup.py install is deprecated -W ignore:easy_install command is deprecated setup.py egg_info --egg-base ../../build/cost_cul build --build-base /home/takuto/scout_ws/build/cost_cul/build install --record /home/takuto/scout_ws/build/cost_cul/install.log --single-version-externally-managed install_data --force
[2.996s] Level 1:colcon.colcon_core.environment:checking '/home/takuto/scout_ws/install/cmd_vel_joy' for CMake module files
[2.997s] DEBUG:colcon.colcon_core.event_handler.log_command:Invoked command in '/home/takuto/scout_ws/src/cmd_vel_joy' returned '0': PYTHONPATH=/home/takuto/scout_ws/build/cmd_vel_joy/prefix_override:/usr/lib/python3/dist-packages/colcon_core/task/python/colcon_distutils_commands:/home/takuto/scout_ws/install/cmd_vel_joy/lib/python3.10/site-packages:${PYTHONPATH} /usr/bin/python3 -W ignore:setup.py install is deprecated -W ignore:easy_install command is deprecated setup.py egg_info --egg-base ../../build/cmd_vel_joy build --build-base /home/takuto/scout_ws/build/cmd_vel_joy/build install --record /home/takuto/scout_ws/build/cmd_vel_joy/install.log --single-version-externally-managed install_data --force
[2.997s] Level 1:colcon.colcon_core.environment:checking '/home/takuto/scout_ws/install/cmd_vel_joy' for CMake config files
[2.998s] Level 1:colcon.colcon_core.environment:checking '/home/takuto/scout_ws/install/cmd_vel_joy/lib'
[2.998s] Level 1:colcon.colcon_core.environment:checking '/home/takuto/scout_ws/install/cmd_vel_joy/bin'
[2.999s] Level 1:colcon.colcon_core.environment:checking '/home/takuto/scout_ws/install/cmd_vel_joy/lib/pkgconfig/cmd_vel_joy.pc'
[2.999s] Level 1:colcon.colcon_core.environment:checking '/home/takuto/scout_ws/install/cmd_vel_joy/lib/python3.10/site-packages'
[2.999s] Level 1:colcon.colcon_core.shell:create_environment_hook('cmd_vel_joy', 'pythonpath')
[2.999s] INFO:colcon.colcon_core.shell:Creating environment hook '/home/takuto/scout_ws/install/cmd_vel_joy/share/cmd_vel_joy/hook/pythonpath.ps1'
[3.000s] INFO:colcon.colcon_core.shell:Creating environment descriptor '/home/takuto/scout_ws/install/cmd_vel_joy/share/cmd_vel_joy/hook/pythonpath.dsv'
[3.000s] INFO:colcon.colcon_core.shell:Creating environment hook '/home/takuto/scout_ws/install/cmd_vel_joy/share/cmd_vel_joy/hook/pythonpath.sh'
[3.001s] Level 1:colcon.colcon_core.environment:checking '/home/takuto/scout_ws/install/cmd_vel_joy/bin'
[3.001s] Level 1:colcon.colcon_core.environment:create_environment_scripts_only(cmd_vel_joy)
[3.001s] INFO:colcon.colcon_core.shell:Creating package script '/home/takuto/scout_ws/install/cmd_vel_joy/share/cmd_vel_joy/package.ps1'
[3.002s] INFO:colcon.colcon_core.shell:Creating package descriptor '/home/takuto/scout_ws/install/cmd_vel_joy/share/cmd_vel_joy/package.dsv'
[3.003s] INFO:colcon.colcon_core.shell:Creating package script '/home/takuto/scout_ws/install/cmd_vel_joy/share/cmd_vel_joy/package.sh'
[3.003s] INFO:colcon.colcon_core.shell:Creating package script '/home/takuto/scout_ws/install/cmd_vel_joy/share/cmd_vel_joy/package.bash'
[3.004s] INFO:colcon.colcon_core.shell:Creating package script '/home/takuto/scout_ws/install/cmd_vel_joy/share/cmd_vel_joy/package.zsh'
[3.004s] Level 1:colcon.colcon_core.environment:create_file_with_runtime_dependencies(/home/takuto/scout_ws/install/cmd_vel_joy/share/colcon-core/packages/cmd_vel_joy)
[3.020s] Level 1:colcon.colcon_core.environment:checking '/home/takuto/scout_ws/install/cost_cul' for CMake module files
[3.020s] DEBUG:colcon.colcon_core.event_handler.log_command:Invoked command in '/home/takuto/scout_ws/src/cost_cul' returned '0': PYTHONPATH=/home/takuto/scout_ws/build/cost_cul/prefix_override:/usr/lib/python3/dist-packages/colcon_core/task/python/colcon_distutils_commands:/home/takuto/scout_ws/install/cost_cul/lib/python3.10/site-packages:${PYTHONPATH} /usr/bin/python3 -W ignore:setup.py install is deprecated -W ignore:easy_install command is deprecated setup.py egg_info --egg-base ../../build/cost_cul build --build-base /home/takuto/scout_ws/build/cost_cul/build install --record /home/takuto/scout_ws/build/cost_cul/install.log --single-version-externally-managed install_data --force
[3.021s] Level 1:colcon.colcon_core.environment:checking '/home/takuto/scout_ws/install/cost_cul' for CMake config files
[3.022s] Level 1:colcon.colcon_core.environment:checking '/home/takuto/scout_ws/install/cost_cul/lib'
[3.022s] Level 1:colcon.colcon_core.environment:checking '/home/takuto/scout_ws/install/cost_cul/bin'
[3.022s] Level 1:colcon.colcon_core.environment:checking '/home/takuto/scout_ws/install/cost_cul/lib/pkgconfig/cost_cul.pc'
[3.022s] Level 1:colcon.colcon_core.environment:checking '/home/takuto/scout_ws/install/cost_cul/lib/python3.10/site-packages'
[3.022s] Level 1:colcon.colcon_core.shell:create_environment_hook('cost_cul', 'pythonpath')
[3.023s] INFO:colcon.colcon_core.shell:Creating environment hook '/home/takuto/scout_ws/install/cost_cul/share/cost_cul/hook/pythonpath.ps1'
[3.024s] INFO:colcon.colcon_core.shell:Creating environment descriptor '/home/takuto/scout_ws/install/cost_cul/share/cost_cul/hook/pythonpath.dsv'
[3.024s] INFO:colcon.colcon_core.shell:Creating environment hook '/home/takuto/scout_ws/install/cost_cul/share/cost_cul/hook/pythonpath.sh'
[3.025s] Level 1:colcon.colcon_core.environment:checking '/home/takuto/scout_ws/install/cost_cul/bin'
[3.025s] Level 1:colcon.colcon_core.environment:create_environment_scripts_only(cost_cul)
[3.025s] INFO:colcon.colcon_core.shell:Creating package script '/home/takuto/scout_ws/install/cost_cul/share/cost_cul/package.ps1'
[3.026s] INFO:colcon.colcon_core.shell:Creating package descriptor '/home/takuto/scout_ws/install/cost_cul/share/cost_cul/package.dsv'
[3.026s] INFO:colcon.colcon_core.shell:Creating package script '/home/takuto/scout_ws/install/cost_cul/share/cost_cul/package.sh'
[3.027s] INFO:colcon.colcon_core.shell:Creating package script '/home/takuto/scout_ws/install/cost_cul/share/cost_cul/package.bash'
[3.027s] INFO:colcon.colcon_core.shell:Creating package script '/home/takuto/scout_ws/install/cost_cul/share/cost_cul/package.zsh'
[3.027s] Level 1:colcon.colcon_core.environment:create_file_with_runtime_dependencies(/home/takuto/scout_ws/install/cost_cul/share/colcon-core/packages/cost_cul)
[3.455s] DEBUG:colcon.colcon_core.event_handler.log_command:Invoked command in '/home/takuto/scout_ws/build/hesai_ros_driver' returned '0': CMAKE_PREFIX_PATH=/home/takuto/scout_ws/install/scout_mini_gazebo_sim:/home/takuto/scout_ws/src/install/scout_mini_gazebo_sim:/home/takuto/scout_ws/src/install/scout_mini_description:/home/takuto/scout_ws/src/install/scout_mini_control:/home/takuto/scout_ws/src/install/hesai_description:/home/takuto/scout_ws/install/scout_mini_control:/home/takuto/scout_ws/install/scout_mini_description:/home/takuto/scout_ws/install/scout_gazebo:/home/takuto/scout_ws/install/scout_description:/home/takuto/scout_ws/install/hesai_ros_driver:/home/takuto/scout_ws/install/hesai_description:/home/takuto/mecanumrover_ws/install/vs_rover_options_description:/home/takuto/mecanumrover_ws/install/mecanumrover_gazebo:/home/takuto/mecanumrover_ws/install/mecanumrover3:/home/takuto/mecanumrover_ws/install/mecanumrover_description:/home/takuto/mecanumrover_ws/install/mecanumrover3_bringup:/home/takuto/uros_ws/install/micro_ros_setup:/home/takuto/uros_ws/install/micro_ros_agent:/home/takuto/uros_ws/install/micro_ros_msgs:/home/takuto/scout_ws/src/install/scout_gazebo:/home/takuto/scout_ws/src/install/hesai_ros_driver:/home/takuto/turtlebot3_ws/install/turtlebot3:/home/takuto/turtlebot3_ws/install/turtlebot3_simulations:/home/takuto/turtlebot3_ws/install/turtlebot3_bringup:/home/takuto/turtlebot3_ws/install/turtlebot3_node:/home/takuto/turtlebot3_ws/install/turtlebot3_navigation2:/home/takuto/turtlebot3_ws/install/turtlebot3_gazebo:/home/takuto/turtlebot3_ws/install/turtlebot3_fake_node:/home/takuto/turtlebot3_ws/install/turtlebot3_description:/home/takuto/turtlebot3_ws/install/turtlebot3_cartographer:/home/takuto/scout_ws/src/install/cost_cul:/home/takuto/scout_ws/install/cost_cul:/home/takuto/scout_ws/install/cmd_vel_joy:/home/takuto/scout_ws/src/install/cmd_vel_joy:/home/takuto/turtlebot3_ws/install/turtlebot3_teleop:/home/takuto/turtlebot3_ws/install/turtlebot3_example:/home/takuto/turtlebot3_ws/install/cmd_vel_joy:/opt/ros/humble:/home/takuto/turtlebot3_ws/install/realsense_gazebo_plugin:/home/takuto/turtlebot3_ws/install/realsense2_description:/home/takuto/turtlebot3_ws/install/realsense2_camera:/home/takuto/turtlebot3_ws/install/realsense2_camera_msgs:/home/takuto/turtlebot3_ws/install/dynamixel_sdk_examples:/home/takuto/turtlebot3_ws/install/dynamixel_sdk_custom_interfaces:/home/takuto/turtlebot3_ws/install/dynamixel_sdk /usr/bin/cmake /home/takuto/scout_ws/src/HesaiLidar_ROS_2.0 -DCMAKE_INSTALL_PREFIX=/home/takuto/scout_ws/install/hesai_ros_driver
[3.457s] DEBUG:colcon.colcon_core.event_handler.log_command:Invoking command in '/home/takuto/scout_ws/build/hesai_ros_driver': CMAKE_PREFIX_PATH=/home/takuto/scout_ws/install/scout_mini_gazebo_sim:/home/takuto/scout_ws/src/install/scout_mini_gazebo_sim:/home/takuto/scout_ws/src/install/scout_mini_description:/home/takuto/scout_ws/src/install/scout_mini_control:/home/takuto/scout_ws/src/install/hesai_description:/home/takuto/scout_ws/install/scout_mini_control:/home/takuto/scout_ws/install/scout_mini_description:/home/takuto/scout_ws/install/scout_gazebo:/home/takuto/scout_ws/install/scout_description:/home/takuto/scout_ws/install/hesai_ros_driver:/home/takuto/scout_ws/install/hesai_description:/home/takuto/mecanumrover_ws/install/vs_rover_options_description:/home/takuto/mecanumrover_ws/install/mecanumrover_gazebo:/home/takuto/mecanumrover_ws/install/mecanumrover3:/home/takuto/mecanumrover_ws/install/mecanumrover_description:/home/takuto/mecanumrover_ws/install/mecanumrover3_bringup:/home/takuto/uros_ws/install/micro_ros_setup:/home/takuto/uros_ws/install/micro_ros_agent:/home/takuto/uros_ws/install/micro_ros_msgs:/home/takuto/scout_ws/src/install/scout_gazebo:/home/takuto/scout_ws/src/install/hesai_ros_driver:/home/takuto/turtlebot3_ws/install/turtlebot3:/home/takuto/turtlebot3_ws/install/turtlebot3_simulations:/home/takuto/turtlebot3_ws/install/turtlebot3_bringup:/home/takuto/turtlebot3_ws/install/turtlebot3_node:/home/takuto/turtlebot3_ws/install/turtlebot3_navigation2:/home/takuto/turtlebot3_ws/install/turtlebot3_gazebo:/home/takuto/turtlebot3_ws/install/turtlebot3_fake_node:/home/takuto/turtlebot3_ws/install/turtlebot3_description:/home/takuto/turtlebot3_ws/install/turtlebot3_cartographer:/home/takuto/scout_ws/src/install/cost_cul:/home/takuto/scout_ws/install/cost_cul:/home/takuto/scout_ws/install/cmd_vel_joy:/home/takuto/scout_ws/src/install/cmd_vel_joy:/home/takuto/turtlebot3_ws/install/turtlebot3_teleop:/home/takuto/turtlebot3_ws/install/turtlebot3_example:/home/takuto/turtlebot3_ws/install/cmd_vel_joy:/opt/ros/humble:/home/takuto/turtlebot3_ws/install/realsense_gazebo_plugin:/home/takuto/turtlebot3_ws/install/realsense2_description:/home/takuto/turtlebot3_ws/install/realsense2_camera:/home/takuto/turtlebot3_ws/install/realsense2_camera_msgs:/home/takuto/turtlebot3_ws/install/dynamixel_sdk_examples:/home/takuto/turtlebot3_ws/install/dynamixel_sdk_custom_interfaces:/home/takuto/turtlebot3_ws/install/dynamixel_sdk /usr/bin/cmake --build /home/takuto/scout_ws/build/hesai_ros_driver -- -j16 -l16
[4.099s] DEBUG:colcon.colcon_core.event_handler.log_command:Invoked command in '/home/takuto/scout_ws/build/hesai_ros_driver' returned '0': CMAKE_PREFIX_PATH=/home/takuto/scout_ws/install/scout_mini_gazebo_sim:/home/takuto/scout_ws/src/install/scout_mini_gazebo_sim:/home/takuto/scout_ws/src/install/scout_mini_description:/home/takuto/scout_ws/src/install/scout_mini_control:/home/takuto/scout_ws/src/install/hesai_description:/home/takuto/scout_ws/install/scout_mini_control:/home/takuto/scout_ws/install/scout_mini_description:/home/takuto/scout_ws/install/scout_gazebo:/home/takuto/scout_ws/install/scout_description:/home/takuto/scout_ws/install/hesai_ros_driver:/home/takuto/scout_ws/install/hesai_description:/home/takuto/mecanumrover_ws/install/vs_rover_options_description:/home/takuto/mecanumrover_ws/install/mecanumrover_gazebo:/home/takuto/mecanumrover_ws/install/mecanumrover3:/home/takuto/mecanumrover_ws/install/mecanumrover_description:/home/takuto/mecanumrover_ws/install/mecanumrover3_bringup:/home/takuto/uros_ws/install/micro_ros_setup:/home/takuto/uros_ws/install/micro_ros_agent:/home/takuto/uros_ws/install/micro_ros_msgs:/home/takuto/scout_ws/src/install/scout_gazebo:/home/takuto/scout_ws/src/install/hesai_ros_driver:/home/takuto/turtlebot3_ws/install/turtlebot3:/home/takuto/turtlebot3_ws/install/turtlebot3_simulations:/home/takuto/turtlebot3_ws/install/turtlebot3_bringup:/home/takuto/turtlebot3_ws/install/turtlebot3_node:/home/takuto/turtlebot3_ws/install/turtlebot3_navigation2:/home/takuto/turtlebot3_ws/install/turtlebot3_gazebo:/home/takuto/turtlebot3_ws/install/turtlebot3_fake_node:/home/takuto/turtlebot3_ws/install/turtlebot3_description:/home/takuto/turtlebot3_ws/install/turtlebot3_cartographer:/home/takuto/scout_ws/src/install/cost_cul:/home/takuto/scout_ws/install/cost_cul:/home/takuto/scout_ws/install/cmd_vel_joy:/home/takuto/scout_ws/src/install/cmd_vel_joy:/home/takuto/turtlebot3_ws/install/turtlebot3_teleop:/home/takuto/turtlebot3_ws/install/turtlebot3_example:/home/takuto/turtlebot3_ws/install/cmd_vel_joy:/opt/ros/humble:/home/takuto/turtlebot3_ws/install/realsense_gazebo_plugin:/home/takuto/turtlebot3_ws/install/realsense2_description:/home/takuto/turtlebot3_ws/install/realsense2_camera:/home/takuto/turtlebot3_ws/install/realsense2_camera_msgs:/home/takuto/turtlebot3_ws/install/dynamixel_sdk_examples:/home/takuto/turtlebot3_ws/install/dynamixel_sdk_custom_interfaces:/home/takuto/turtlebot3_ws/install/dynamixel_sdk /usr/bin/cmake --build /home/takuto/scout_ws/build/hesai_ros_driver -- -j16 -l16
[4.102s] DEBUG:colcon.colcon_core.event_handler.log_command:Invoking command in '/home/takuto/scout_ws/build/hesai_ros_driver': CMAKE_PREFIX_PATH=/home/takuto/scout_ws/install/scout_mini_gazebo_sim:/home/takuto/scout_ws/src/install/scout_mini_gazebo_sim:/home/takuto/scout_ws/src/install/scout_mini_description:/home/takuto/scout_ws/src/install/scout_mini_control:/home/takuto/scout_ws/src/install/hesai_description:/home/takuto/scout_ws/install/scout_mini_control:/home/takuto/scout_ws/install/scout_mini_description:/home/takuto/scout_ws/install/scout_gazebo:/home/takuto/scout_ws/install/scout_description:/home/takuto/scout_ws/install/hesai_ros_driver:/home/takuto/scout_ws/install/hesai_description:/home/takuto/mecanumrover_ws/install/vs_rover_options_description:/home/takuto/mecanumrover_ws/install/mecanumrover_gazebo:/home/takuto/mecanumrover_ws/install/mecanumrover3:/home/takuto/mecanumrover_ws/install/mecanumrover_description:/home/takuto/mecanumrover_ws/install/mecanumrover3_bringup:/home/takuto/uros_ws/install/micro_ros_setup:/home/takuto/uros_ws/install/micro_ros_agent:/home/takuto/uros_ws/install/micro_ros_msgs:/home/takuto/scout_ws/src/install/scout_gazebo:/home/takuto/scout_ws/src/install/hesai_ros_driver:/home/takuto/turtlebot3_ws/install/turtlebot3:/home/takuto/turtlebot3_ws/install/turtlebot3_simulations:/home/takuto/turtlebot3_ws/install/turtlebot3_bringup:/home/takuto/turtlebot3_ws/install/turtlebot3_node:/home/takuto/turtlebot3_ws/install/turtlebot3_navigation2:/home/takuto/turtlebot3_ws/install/turtlebot3_gazebo:/home/takuto/turtlebot3_ws/install/turtlebot3_fake_node:/home/takuto/turtlebot3_ws/install/turtlebot3_description:/home/takuto/turtlebot3_ws/install/turtlebot3_cartographer:/home/takuto/scout_ws/src/install/cost_cul:/home/takuto/scout_ws/install/cost_cul:/home/takuto/scout_ws/install/cmd_vel_joy:/home/takuto/scout_ws/src/install/cmd_vel_joy:/home/takuto/turtlebot3_ws/install/turtlebot3_teleop:/home/takuto/turtlebot3_ws/install/turtlebot3_example:/home/takuto/turtlebot3_ws/install/cmd_vel_joy:/opt/ros/humble:/home/takuto/turtlebot3_ws/install/realsense_gazebo_plugin:/home/takuto/turtlebot3_ws/install/realsense2_description:/home/takuto/turtlebot3_ws/install/realsense2_camera:/home/takuto/turtlebot3_ws/install/realsense2_camera_msgs:/home/takuto/turtlebot3_ws/install/dynamixel_sdk_examples:/home/takuto/turtlebot3_ws/install/dynamixel_sdk_custom_interfaces:/home/takuto/turtlebot3_ws/install/dynamixel_sdk /usr/bin/cmake --install /home/takuto/scout_ws/build/hesai_ros_driver
[4.244s] Level 1:colcon.colcon_core.environment:create_environment_scripts_only(hesai_ros_driver)
[4.245s] Level 1:colcon.colcon_core.environment:checking '/home/takuto/scout_ws/install/hesai_ros_driver' for CMake module files
[4.246s] DEBUG:colcon.colcon_core.event_handler.log_command:Invoked command in '/home/takuto/scout_ws/build/hesai_ros_driver' returned '0': CMAKE_PREFIX_PATH=/home/takuto/scout_ws/install/scout_mini_gazebo_sim:/home/takuto/scout_ws/src/install/scout_mini_gazebo_sim:/home/takuto/scout_ws/src/install/scout_mini_description:/home/takuto/scout_ws/src/install/scout_mini_control:/home/takuto/scout_ws/src/install/hesai_description:/home/takuto/scout_ws/install/scout_mini_control:/home/takuto/scout_ws/install/scout_mini_description:/home/takuto/scout_ws/install/scout_gazebo:/home/takuto/scout_ws/install/scout_description:/home/takuto/scout_ws/install/hesai_ros_driver:/home/takuto/scout_ws/install/hesai_description:/home/takuto/mecanumrover_ws/install/vs_rover_options_description:/home/takuto/mecanumrover_ws/install/mecanumrover_gazebo:/home/takuto/mecanumrover_ws/install/mecanumrover3:/home/takuto/mecanumrover_ws/install/mecanumrover_description:/home/takuto/mecanumrover_ws/install/mecanumrover3_bringup:/home/takuto/uros_ws/install/micro_ros_setup:/home/takuto/uros_ws/install/micro_ros_agent:/home/takuto/uros_ws/install/micro_ros_msgs:/home/takuto/scout_ws/src/install/scout_gazebo:/home/takuto/scout_ws/src/install/hesai_ros_driver:/home/takuto/turtlebot3_ws/install/turtlebot3:/home/takuto/turtlebot3_ws/install/turtlebot3_simulations:/home/takuto/turtlebot3_ws/install/turtlebot3_bringup:/home/takuto/turtlebot3_ws/install/turtlebot3_node:/home/takuto/turtlebot3_ws/install/turtlebot3_navigation2:/home/takuto/turtlebot3_ws/install/turtlebot3_gazebo:/home/takuto/turtlebot3_ws/install/turtlebot3_fake_node:/home/takuto/turtlebot3_ws/install/turtlebot3_description:/home/takuto/turtlebot3_ws/install/turtlebot3_cartographer:/home/takuto/scout_ws/src/install/cost_cul:/home/takuto/scout_ws/install/cost_cul:/home/takuto/scout_ws/install/cmd_vel_joy:/home/takuto/scout_ws/src/install/cmd_vel_joy:/home/takuto/turtlebot3_ws/install/turtlebot3_teleop:/home/takuto/turtlebot3_ws/install/turtlebot3_example:/home/takuto/turtlebot3_ws/install/cmd_vel_joy:/opt/ros/humble:/home/takuto/turtlebot3_ws/install/realsense_gazebo_plugin:/home/takuto/turtlebot3_ws/install/realsense2_description:/home/takuto/turtlebot3_ws/install/realsense2_camera:/home/takuto/turtlebot3_ws/install/realsense2_camera_msgs:/home/takuto/turtlebot3_ws/install/dynamixel_sdk_examples:/home/takuto/turtlebot3_ws/install/dynamixel_sdk_custom_interfaces:/home/takuto/turtlebot3_ws/install/dynamixel_sdk /usr/bin/cmake --install /home/takuto/scout_ws/build/hesai_ros_driver
[4.247s] Level 1:colcon.colcon_core.environment:checking '/home/takuto/scout_ws/install/hesai_ros_driver' for CMake config files
[4.248s] Level 1:colcon.colcon_core.shell:create_environment_hook('hesai_ros_driver', 'cmake_prefix_path')
[4.249s] INFO:colcon.colcon_core.shell:Creating environment hook '/home/takuto/scout_ws/install/hesai_ros_driver/share/hesai_ros_driver/hook/cmake_prefix_path.ps1'
[4.250s] INFO:colcon.colcon_core.shell:Creating environment descriptor '/home/takuto/scout_ws/install/hesai_ros_driver/share/hesai_ros_driver/hook/cmake_prefix_path.dsv'
[4.250s] INFO:colcon.colcon_core.shell:Creating environment hook '/home/takuto/scout_ws/install/hesai_ros_driver/share/hesai_ros_driver/hook/cmake_prefix_path.sh'
[4.251s] Level 1:colcon.colcon_core.environment:checking '/home/takuto/scout_ws/install/hesai_ros_driver/lib'
[4.251s] Level 1:colcon.colcon_core.shell:create_environment_hook('hesai_ros_driver', 'ld_library_path_lib')
[4.252s] INFO:colcon.colcon_core.shell:Creating environment hook '/home/takuto/scout_ws/install/hesai_ros_driver/share/hesai_ros_driver/hook/ld_library_path_lib.ps1'
[4.252s] INFO:colcon.colcon_core.shell:Creating environment descriptor '/home/takuto/scout_ws/install/hesai_ros_driver/share/hesai_ros_driver/hook/ld_library_path_lib.dsv'
[4.253s] INFO:colcon.colcon_core.shell:Creating environment hook '/home/takuto/scout_ws/install/hesai_ros_driver/share/hesai_ros_driver/hook/ld_library_path_lib.sh'
[4.253s] Level 1:colcon.colcon_core.environment:checking '/home/takuto/scout_ws/install/hesai_ros_driver/bin'
[4.253s] Level 1:colcon.colcon_core.environment:checking '/home/takuto/scout_ws/install/hesai_ros_driver/lib/pkgconfig/hesai_ros_driver.pc'
[4.254s] Level 1:colcon.colcon_core.environment:checking '/home/takuto/scout_ws/install/hesai_ros_driver/lib/python3.10/site-packages'
[4.254s] Level 1:colcon.colcon_core.environment:checking '/home/takuto/scout_ws/install/hesai_ros_driver/bin'
[4.255s] INFO:colcon.colcon_core.shell:Creating package script '/home/takuto/scout_ws/install/hesai_ros_driver/share/hesai_ros_driver/package.ps1'
[4.255s] INFO:colcon.colcon_core.shell:Creating package descriptor '/home/takuto/scout_ws/install/hesai_ros_driver/share/hesai_ros_driver/package.dsv'
[4.256s] INFO:colcon.colcon_core.shell:Creating package script '/home/takuto/scout_ws/install/hesai_ros_driver/share/hesai_ros_driver/package.sh'
[4.257s] INFO:colcon.colcon_core.shell:Creating package script '/home/takuto/scout_ws/install/hesai_ros_driver/share/hesai_ros_driver/package.bash'
[4.257s] INFO:colcon.colcon_core.shell:Creating package script '/home/takuto/scout_ws/install/hesai_ros_driver/share/hesai_ros_driver/package.zsh'
[4.258s] Level 1:colcon.colcon_core.environment:create_file_with_runtime_dependencies(/home/takuto/scout_ws/install/hesai_ros_driver/share/colcon-core/packages/hesai_ros_driver)
[4.259s] Level 1:colcon.colcon_core.environment:create_environment_scripts_only(hesai_ros_driver)
[4.259s] Level 1:colcon.colcon_core.environment:checking '/home/takuto/scout_ws/install/hesai_ros_driver' for CMake module files
[4.260s] Level 1:colcon.colcon_core.environment:checking '/home/takuto/scout_ws/install/hesai_ros_driver' for CMake config files
[4.262s] Level 1:colcon.colcon_core.shell:create_environment_hook('hesai_ros_driver', 'cmake_prefix_path')
[4.262s] INFO:colcon.colcon_core.shell:Creating environment hook '/home/takuto/scout_ws/install/hesai_ros_driver/share/hesai_ros_driver/hook/cmake_prefix_path.ps1'
[4.263s] INFO:colcon.colcon_core.shell:Creating environment descriptor '/home/takuto/scout_ws/install/hesai_ros_driver/share/hesai_ros_driver/hook/cmake_prefix_path.dsv'
[4.264s] INFO:colcon.colcon_core.shell:Creating environment hook '/home/takuto/scout_ws/install/hesai_ros_driver/share/hesai_ros_driver/hook/cmake_prefix_path.sh'
[4.265s] Level 1:colcon.colcon_core.environment:checking '/home/takuto/scout_ws/install/hesai_ros_driver/lib'
[4.265s] Level 1:colcon.colcon_core.shell:create_environment_hook('hesai_ros_driver', 'ld_library_path_lib')
[4.265s] INFO:colcon.colcon_core.shell:Creating environment hook '/home/takuto/scout_ws/install/hesai_ros_driver/share/hesai_ros_driver/hook/ld_library_path_lib.ps1'
[4.266s] INFO:colcon.colcon_core.shell:Creating environment descriptor '/home/takuto/scout_ws/install/hesai_ros_driver/share/hesai_ros_driver/hook/ld_library_path_lib.dsv'
[4.266s] INFO:colcon.colcon_core.shell:Creating environment hook '/home/takuto/scout_ws/install/hesai_ros_driver/share/hesai_ros_driver/hook/ld_library_path_lib.sh'
[4.267s] Level 1:colcon.colcon_core.environment:checking '/home/takuto/scout_ws/install/hesai_ros_driver/bin'
[4.267s] Level 1:colcon.colcon_core.environment:checking '/home/takuto/scout_ws/install/hesai_ros_driver/lib/pkgconfig/hesai_ros_driver.pc'
[4.267s] Level 1:colcon.colcon_core.environment:checking '/home/takuto/scout_ws/install/hesai_ros_driver/lib/python3.10/site-packages'
[4.267s] Level 1:colcon.colcon_core.environment:checking '/home/takuto/scout_ws/install/hesai_ros_driver/bin'
[4.268s] INFO:colcon.colcon_core.shell:Creating package script '/home/takuto/scout_ws/install/hesai_ros_driver/share/hesai_ros_driver/package.ps1'
[4.268s] INFO:colcon.colcon_core.shell:Creating package descriptor '/home/takuto/scout_ws/install/hesai_ros_driver/share/hesai_ros_driver/package.dsv'
[4.269s] INFO:colcon.colcon_core.shell:Creating package script '/home/takuto/scout_ws/install/hesai_ros_driver/share/hesai_ros_driver/package.sh'
[4.269s] INFO:colcon.colcon_core.shell:Creating package script '/home/takuto/scout_ws/install/hesai_ros_driver/share/hesai_ros_driver/package.bash'
[4.270s] INFO:colcon.colcon_core.shell:Creating package script '/home/takuto/scout_ws/install/hesai_ros_driver/share/hesai_ros_driver/package.zsh'
[4.271s] Level 1:colcon.colcon_core.environment:create_file_with_runtime_dependencies(/home/takuto/scout_ws/install/hesai_ros_driver/share/colcon-core/packages/hesai_ros_driver)
[4.271s] DEBUG:colcon.colcon_parallel_executor.executor.parallel:closing loop
[4.271s] DEBUG:colcon.colcon_parallel_executor.executor.parallel:loop closed
[4.271s] DEBUG:colcon.colcon_parallel_executor.executor.parallel:run_until_complete finished with '0'
[4.271s] DEBUG:colcon.colcon_core.event_reactor:joining thread
[4.281s] INFO:colcon.colcon_core.plugin_system:Skipping extension 'colcon_notification.desktop_notification.terminal_notifier': Not used on non-Darwin systems
[4.281s] INFO:colcon.colcon_core.plugin_system:Skipping extension 'colcon_notification.desktop_notification.win32': Not used on non-Windows systems
[4.281s] INFO:colcon.colcon_notification.desktop_notification:Sending desktop notification using 'notify2'
[4.296s] DEBUG:colcon.colcon_core.event_reactor:joined thread
[4.296s] INFO:colcon.colcon_core.shell:Creating prefix script '/home/takuto/scout_ws/install/local_setup.ps1'
[4.298s] INFO:colcon.colcon_core.shell:Creating prefix util module '/home/takuto/scout_ws/install/_local_setup_util_ps1.py'
[4.301s] INFO:colcon.colcon_core.shell:Creating prefix chain script '/home/takuto/scout_ws/install/setup.ps1'
[4.305s] INFO:colcon.colcon_core.shell:Creating prefix script '/home/takuto/scout_ws/install/local_setup.sh'
[4.306s] INFO:colcon.colcon_core.shell:Creating prefix util module '/home/takuto/scout_ws/install/_local_setup_util_sh.py'
[4.307s] INFO:colcon.colcon_core.shell:Creating prefix chain script '/home/takuto/scout_ws/install/setup.sh'
[4.311s] INFO:colcon.colcon_core.shell:Creating prefix script '/home/takuto/scout_ws/install/local_setup.bash'
[4.312s] INFO:colcon.colcon_core.shell:Creating prefix chain script '/home/takuto/scout_ws/install/setup.bash'
[4.316s] INFO:colcon.colcon_core.shell:Creating prefix script '/home/takuto/scout_ws/install/local_setup.zsh'
[4.317s] INFO:colcon.colcon_core.shell:Creating prefix chain script '/home/takuto/scout_ws/install/setup.zsh'
