[7.997s] DEBUG:colcon:Command line arguments: ['/usr/bin/colcon', 'build']
[7.997s] DEBUG:colcon:Parsed command line arguments: Namespace(log_base=None, log_level=None, verb_name='build', build_base='build', install_base='install', merge_install=False, symlink_install=False, test_result_base=None, continue_on_error=False, executor='parallel', parallel_workers=16, event_handlers=None, ignore_user_meta=False, metas=['./colcon.meta'], base_paths=['.'], packages_ignore=None, packages_ignore_regex=None, paths=None, packages_up_to=None, packages_up_to_regex=None, packages_above=None, packages_above_and_dependencies=None, packages_above_depth=None, packages_select_by_dep=None, packages_skip_by_dep=None, packages_skip_up_to=None, packages_select_build_failed=False, packages_skip_build_finished=False, packages_select_test_failures=False, packages_skip_test_passed=False, packages_select=None, packages_skip=None, packages_select_regex=None, packages_skip_regex=None, packages_start=None, packages_end=None, allow_overriding=[], ament_gradle_args=None, ament_gradle_task=None, cmake_args=None, cmake_target=None, cmake_target_skip_unavailable=False, cmake_clean_cache=False, cmake_clean_first=False, cmake_force_configure=False, gradle_args=None, gradle_task=None, ament_cmake_args=None, catkin_cmake_args=None, catkin_skip_building_tests=False, verb_parser=<colcon_defaults.argument_parser.defaults.DefaultArgumentsDecorator object at 0x712452298a30>, verb_extension=<colcon_core.verb.build.BuildVerb object at 0x71245239df00>, main=<bound method BuildVerb.main of <colcon_core.verb.build.BuildVerb object at 0x71245239df00>>)
[8.177s] Level 1:colcon.colcon_core.package_discovery:discover_packages(colcon_meta) check parameters
[8.177s] Level 1:colcon.colcon_core.package_discovery:discover_packages(recursive) check parameters
[8.177s] Level 1:colcon.colcon_core.package_discovery:discover_packages(ignore) check parameters
[8.177s] Level 1:colcon.colcon_core.package_discovery:discover_packages(path) check parameters
[8.177s] Level 1:colcon.colcon_core.package_discovery:discover_packages(colcon_meta) discover
[8.178s] Level 1:colcon.colcon_core.package_discovery:discover_packages(recursive) discover
[8.178s] INFO:colcon.colcon_core.package_discovery:Crawling recursively for packages in '/home/takuto/scout_ws'
[8.178s] Level 1:colcon.colcon_core.package_identification:_identify(.) by extensions ['ignore', 'ignore_ament_install']
[8.178s] Level 1:colcon.colcon_core.package_identification:_identify(.) by extension 'ignore'
[8.178s] Level 1:colcon.colcon_core.package_identification:_identify(.) by extension 'ignore_ament_install'
[8.178s] Level 1:colcon.colcon_core.package_identification:_identify(.) by extensions ['colcon_pkg']
[8.178s] Level 1:colcon.colcon_core.package_identification:_identify(.) by extension 'colcon_pkg'
[8.178s] Level 1:colcon.colcon_core.package_identification:_identify(.) by extensions ['colcon_meta']
[8.178s] Level 1:colcon.colcon_core.package_identification:_identify(.) by extension 'colcon_meta'
[8.178s] Level 1:colcon.colcon_core.package_identification:_identify(.) by extensions ['ament_gradle']
[8.178s] Level 1:colcon.colcon_core.package_identification:_identify(.) by extension 'ament_gradle'
[8.178s] Level 1:colcon.colcon_core.package_identification:_identify(.) by extensions ['ros']
[8.178s] Level 1:colcon.colcon_core.package_identification:_identify(.) by extension 'ros'
[8.188s] Level 1:colcon.colcon_core.package_identification:_identify(.) by extensions ['cmake', 'gradle', 'python']
[8.188s] Level 1:colcon.colcon_core.package_identification:_identify(.) by extension 'cmake'
[8.188s] Level 1:colcon.colcon_core.package_identification:_identify(.) by extension 'gradle'
[8.188s] Level 1:colcon.colcon_core.package_identification:_identify(.) by extension 'python'
[8.188s] Level 1:colcon.colcon_core.package_identification:_identify(.) by extensions ['python_setup_py']
[8.188s] Level 1:colcon.colcon_core.package_identification:_identify(.) by extension 'python_setup_py'
[8.188s] Level 1:colcon.colcon_core.package_identification:_identify(build) by extensions ['ignore', 'ignore_ament_install']
[8.189s] Level 1:colcon.colcon_core.package_identification:_identify(build) by extension 'ignore'
[8.189s] Level 1:colcon.colcon_core.package_identification:_identify(build) ignored
[8.189s] Level 1:colcon.colcon_core.package_identification:_identify(install) by extensions ['ignore', 'ignore_ament_install']
[8.189s] Level 1:colcon.colcon_core.package_identification:_identify(install) by extension 'ignore'
[8.189s] Level 1:colcon.colcon_core.package_identification:_identify(install) ignored
[8.189s] Level 1:colcon.colcon_core.package_identification:_identify(log) by extensions ['ignore', 'ignore_ament_install']
[8.189s] Level 1:colcon.colcon_core.package_identification:_identify(log) by extension 'ignore'
[8.189s] Level 1:colcon.colcon_core.package_identification:_identify(log) ignored
[8.189s] Level 1:colcon.colcon_core.package_identification:_identify(models) by extensions ['ignore', 'ignore_ament_install']
[8.189s] Level 1:colcon.colcon_core.package_identification:_identify(models) by extension 'ignore'
[8.189s] Level 1:colcon.colcon_core.package_identification:_identify(models) by extension 'ignore_ament_install'
[8.189s] Level 1:colcon.colcon_core.package_identification:_identify(models) by extensions ['colcon_pkg']
[8.189s] Level 1:colcon.colcon_core.package_identification:_identify(models) by extension 'colcon_pkg'
[8.190s] Level 1:colcon.colcon_core.package_identification:_identify(models) by extensions ['colcon_meta']
[8.190s] Level 1:colcon.colcon_core.package_identification:_identify(models) by extension 'colcon_meta'
[8.190s] Level 1:colcon.colcon_core.package_identification:_identify(models) by extensions ['ament_gradle']
[8.190s] Level 1:colcon.colcon_core.package_identification:_identify(models) by extension 'ament_gradle'
[8.190s] Level 1:colcon.colcon_core.package_identification:_identify(models) by extensions ['ros']
[8.190s] Level 1:colcon.colcon_core.package_identification:_identify(models) by extension 'ros'
[8.190s] Level 1:colcon.colcon_core.package_identification:_identify(models) by extensions ['cmake', 'gradle', 'python']
[8.190s] Level 1:colcon.colcon_core.package_identification:_identify(models) by extension 'cmake'
[8.190s] Level 1:colcon.colcon_core.package_identification:_identify(models) by extension 'gradle'
[8.190s] Level 1:colcon.colcon_core.package_identification:_identify(models) by extension 'python'
[8.190s] Level 1:colcon.colcon_core.package_identification:_identify(models) by extensions ['python_setup_py']
[8.190s] Level 1:colcon.colcon_core.package_identification:_identify(models) by extension 'python_setup_py'
[8.190s] Level 1:colcon.colcon_core.package_identification:_identify(models/nhk2026) by extensions ['ignore', 'ignore_ament_install']
[8.190s] Level 1:colcon.colcon_core.package_identification:_identify(models/nhk2026) by extension 'ignore'
[8.190s] Level 1:colcon.colcon_core.package_identification:_identify(models/nhk2026) by extension 'ignore_ament_install'
[8.190s] Level 1:colcon.colcon_core.package_identification:_identify(models/nhk2026) by extensions ['colcon_pkg']
[8.190s] Level 1:colcon.colcon_core.package_identification:_identify(models/nhk2026) by extension 'colcon_pkg'
[8.190s] Level 1:colcon.colcon_core.package_identification:_identify(models/nhk2026) by extensions ['colcon_meta']
[8.190s] Level 1:colcon.colcon_core.package_identification:_identify(models/nhk2026) by extension 'colcon_meta'
[8.190s] Level 1:colcon.colcon_core.package_identification:_identify(models/nhk2026) by extensions ['ament_gradle']
[8.190s] Level 1:colcon.colcon_core.package_identification:_identify(models/nhk2026) by extension 'ament_gradle'
[8.190s] Level 1:colcon.colcon_core.package_identification:_identify(models/nhk2026) by extensions ['ros']
[8.190s] Level 1:colcon.colcon_core.package_identification:_identify(models/nhk2026) by extension 'ros'
[8.191s] Level 1:colcon.colcon_core.package_identification:_identify(models/nhk2026) by extensions ['cmake', 'gradle', 'python']
[8.191s] Level 1:colcon.colcon_core.package_identification:_identify(models/nhk2026) by extension 'cmake'
[8.191s] Level 1:colcon.colcon_core.package_identification:_identify(models/nhk2026) by extension 'gradle'
[8.191s] Level 1:colcon.colcon_core.package_identification:_identify(models/nhk2026) by extension 'python'
[8.191s] Level 1:colcon.colcon_core.package_identification:_identify(models/nhk2026) by extensions ['python_setup_py']
[8.191s] Level 1:colcon.colcon_core.package_identification:_identify(models/nhk2026) by extension 'python_setup_py'
[8.191s] Level 1:colcon.colcon_core.package_identification:_identify(models/nhk2026/meshes) by extensions ['ignore', 'ignore_ament_install']
[8.191s] Level 1:colcon.colcon_core.package_identification:_identify(models/nhk2026/meshes) by extension 'ignore'
[8.191s] Level 1:colcon.colcon_core.package_identification:_identify(models/nhk2026/meshes) by extension 'ignore_ament_install'
[8.191s] Level 1:colcon.colcon_core.package_identification:_identify(models/nhk2026/meshes) by extensions ['colcon_pkg']
[8.191s] Level 1:colcon.colcon_core.package_identification:_identify(models/nhk2026/meshes) by extension 'colcon_pkg'
[8.191s] Level 1:colcon.colcon_core.package_identification:_identify(models/nhk2026/meshes) by extensions ['colcon_meta']
[8.191s] Level 1:colcon.colcon_core.package_identification:_identify(models/nhk2026/meshes) by extension 'colcon_meta'
[8.191s] Level 1:colcon.colcon_core.package_identification:_identify(models/nhk2026/meshes) by extensions ['ament_gradle']
[8.191s] Level 1:colcon.colcon_core.package_identification:_identify(models/nhk2026/meshes) by extension 'ament_gradle'
[8.191s] Level 1:colcon.colcon_core.package_identification:_identify(models/nhk2026/meshes) by extensions ['ros']
[8.191s] Level 1:colcon.colcon_core.package_identification:_identify(models/nhk2026/meshes) by extension 'ros'
[8.191s] Level 1:colcon.colcon_core.package_identification:_identify(models/nhk2026/meshes) by extensions ['cmake', 'gradle', 'python']
[8.191s] Level 1:colcon.colcon_core.package_identification:_identify(models/nhk2026/meshes) by extension 'cmake'
[8.191s] Level 1:colcon.colcon_core.package_identification:_identify(models/nhk2026/meshes) by extension 'gradle'
[8.191s] Level 1:colcon.colcon_core.package_identification:_identify(models/nhk2026/meshes) by extension 'python'
[8.191s] Level 1:colcon.colcon_core.package_identification:_identify(models/nhk2026/meshes) by extensions ['python_setup_py']
[8.191s] Level 1:colcon.colcon_core.package_identification:_identify(models/nhk2026/meshes) by extension 'python_setup_py'
[8.192s] Level 1:colcon.colcon_core.package_identification:_identify(models/slope) by extensions ['ignore', 'ignore_ament_install']
[8.192s] Level 1:colcon.colcon_core.package_identification:_identify(models/slope) by extension 'ignore'
[8.192s] Level 1:colcon.colcon_core.package_identification:_identify(models/slope) by extension 'ignore_ament_install'
[8.192s] Level 1:colcon.colcon_core.package_identification:_identify(models/slope) by extensions ['colcon_pkg']
[8.192s] Level 1:colcon.colcon_core.package_identification:_identify(models/slope) by extension 'colcon_pkg'
[8.192s] Level 1:colcon.colcon_core.package_identification:_identify(models/slope) by extensions ['colcon_meta']
[8.192s] Level 1:colcon.colcon_core.package_identification:_identify(models/slope) by extension 'colcon_meta'
[8.192s] Level 1:colcon.colcon_core.package_identification:_identify(models/slope) by extensions ['ament_gradle']
[8.192s] Level 1:colcon.colcon_core.package_identification:_identify(models/slope) by extension 'ament_gradle'
[8.192s] Level 1:colcon.colcon_core.package_identification:_identify(models/slope) by extensions ['ros']
[8.192s] Level 1:colcon.colcon_core.package_identification:_identify(models/slope) by extension 'ros'
[8.192s] Level 1:colcon.colcon_core.package_identification:_identify(models/slope) by extensions ['cmake', 'gradle', 'python']
[8.192s] Level 1:colcon.colcon_core.package_identification:_identify(models/slope) by extension 'cmake'
[8.192s] Level 1:colcon.colcon_core.package_identification:_identify(models/slope) by extension 'gradle'
[8.192s] Level 1:colcon.colcon_core.package_identification:_identify(models/slope) by extension 'python'
[8.192s] Level 1:colcon.colcon_core.package_identification:_identify(models/slope) by extensions ['python_setup_py']
[8.192s] Level 1:colcon.colcon_core.package_identification:_identify(models/slope) by extension 'python_setup_py'
[8.192s] Level 1:colcon.colcon_core.package_identification:_identify(models/slope/meshes) by extensions ['ignore', 'ignore_ament_install']
[8.192s] Level 1:colcon.colcon_core.package_identification:_identify(models/slope/meshes) by extension 'ignore'
[8.192s] Level 1:colcon.colcon_core.package_identification:_identify(models/slope/meshes) by extension 'ignore_ament_install'
[8.192s] Level 1:colcon.colcon_core.package_identification:_identify(models/slope/meshes) by extensions ['colcon_pkg']
[8.193s] Level 1:colcon.colcon_core.package_identification:_identify(models/slope/meshes) by extension 'colcon_pkg'
[8.193s] Level 1:colcon.colcon_core.package_identification:_identify(models/slope/meshes) by extensions ['colcon_meta']
[8.193s] Level 1:colcon.colcon_core.package_identification:_identify(models/slope/meshes) by extension 'colcon_meta'
[8.193s] Level 1:colcon.colcon_core.package_identification:_identify(models/slope/meshes) by extensions ['ament_gradle']
[8.193s] Level 1:colcon.colcon_core.package_identification:_identify(models/slope/meshes) by extension 'ament_gradle'
[8.193s] Level 1:colcon.colcon_core.package_identification:_identify(models/slope/meshes) by extensions ['ros']
[8.193s] Level 1:colcon.colcon_core.package_identification:_identify(models/slope/meshes) by extension 'ros'
[8.193s] Level 1:colcon.colcon_core.package_identification:_identify(models/slope/meshes) by extensions ['cmake', 'gradle', 'python']
[8.193s] Level 1:colcon.colcon_core.package_identification:_identify(models/slope/meshes) by extension 'cmake'
[8.193s] Level 1:colcon.colcon_core.package_identification:_identify(models/slope/meshes) by extension 'gradle'
[8.193s] Level 1:colcon.colcon_core.package_identification:_identify(models/slope/meshes) by extension 'python'
[8.193s] Level 1:colcon.colcon_core.package_identification:_identify(models/slope/meshes) by extensions ['python_setup_py']
[8.193s] Level 1:colcon.colcon_core.package_identification:_identify(models/slope/meshes) by extension 'python_setup_py'
[8.193s] Level 1:colcon.colcon_core.package_identification:_identify(src) by extensions ['ignore', 'ignore_ament_install']
[8.193s] Level 1:colcon.colcon_core.package_identification:_identify(src) by extension 'ignore'
[8.193s] Level 1:colcon.colcon_core.package_identification:_identify(src) by extension 'ignore_ament_install'
[8.193s] Level 1:colcon.colcon_core.package_identification:_identify(src) by extensions ['colcon_pkg']
[8.193s] Level 1:colcon.colcon_core.package_identification:_identify(src) by extension 'colcon_pkg'
[8.193s] Level 1:colcon.colcon_core.package_identification:_identify(src) by extensions ['colcon_meta']
[8.193s] Level 1:colcon.colcon_core.package_identification:_identify(src) by extension 'colcon_meta'
[8.193s] Level 1:colcon.colcon_core.package_identification:_identify(src) by extensions ['ament_gradle']
[8.193s] Level 1:colcon.colcon_core.package_identification:_identify(src) by extension 'ament_gradle'
[8.193s] Level 1:colcon.colcon_core.package_identification:_identify(src) by extensions ['ros']
[8.193s] Level 1:colcon.colcon_core.package_identification:_identify(src) by extension 'ros'
[8.194s] Level 1:colcon.colcon_core.package_identification:_identify(src) by extensions ['cmake', 'gradle', 'python']
[8.194s] Level 1:colcon.colcon_core.package_identification:_identify(src) by extension 'cmake'
[8.194s] Level 1:colcon.colcon_core.package_identification:_identify(src) by extension 'gradle'
[8.194s] Level 1:colcon.colcon_core.package_identification:_identify(src) by extension 'python'
[8.194s] Level 1:colcon.colcon_core.package_identification:_identify(src) by extensions ['python_setup_py']
[8.194s] Level 1:colcon.colcon_core.package_identification:_identify(src) by extension 'python_setup_py'
[8.194s] Level 1:colcon.colcon_core.package_identification:_identify(src/HesaiLidar_ROS_2.0) by extensions ['ignore', 'ignore_ament_install']
[8.194s] Level 1:colcon.colcon_core.package_identification:_identify(src/HesaiLidar_ROS_2.0) by extension 'ignore'
[8.194s] Level 1:colcon.colcon_core.package_identification:_identify(src/HesaiLidar_ROS_2.0) by extension 'ignore_ament_install'
[8.194s] Level 1:colcon.colcon_core.package_identification:_identify(src/HesaiLidar_ROS_2.0) by extensions ['colcon_pkg']
[8.194s] Level 1:colcon.colcon_core.package_identification:_identify(src/HesaiLidar_ROS_2.0) by extension 'colcon_pkg'
[8.194s] Level 1:colcon.colcon_core.package_identification:_identify(src/HesaiLidar_ROS_2.0) by extensions ['colcon_meta']
[8.194s] Level 1:colcon.colcon_core.package_identification:_identify(src/HesaiLidar_ROS_2.0) by extension 'colcon_meta'
[8.194s] Level 1:colcon.colcon_core.package_identification:_identify(src/HesaiLidar_ROS_2.0) by extensions ['ament_gradle']
[8.194s] Level 1:colcon.colcon_core.package_identification:_identify(src/HesaiLidar_ROS_2.0) by extension 'ament_gradle'
[8.194s] Level 1:colcon.colcon_core.package_identification:_identify(src/HesaiLidar_ROS_2.0) by extensions ['ros']
[8.194s] Level 1:colcon.colcon_core.package_identification:_identify(src/HesaiLidar_ROS_2.0) by extension 'ros'
[8.212s] DEBUG:colcon.colcon_core.package_identification:Package 'src/HesaiLidar_ROS_2.0' with type 'ros.ament_cmake' and name 'hesai_ros_driver'
[8.212s] Level 1:colcon.colcon_core.package_identification:_identify(src/build) by extensions ['ignore', 'ignore_ament_install']
[8.212s] Level 1:colcon.colcon_core.package_identification:_identify(src/build) by extension 'ignore'
[8.212s] Level 1:colcon.colcon_core.package_identification:_identify(src/build) ignored
[8.213s] Level 1:colcon.colcon_core.package_identification:_identify(src/cmd_vel_joy) by extensions ['ignore', 'ignore_ament_install']
[8.213s] Level 1:colcon.colcon_core.package_identification:_identify(src/cmd_vel_joy) by extension 'ignore'
[8.213s] Level 1:colcon.colcon_core.package_identification:_identify(src/cmd_vel_joy) by extension 'ignore_ament_install'
[8.213s] Level 1:colcon.colcon_core.package_identification:_identify(src/cmd_vel_joy) by extensions ['colcon_pkg']
[8.213s] Level 1:colcon.colcon_core.package_identification:_identify(src/cmd_vel_joy) by extension 'colcon_pkg'
[8.213s] Level 1:colcon.colcon_core.package_identification:_identify(src/cmd_vel_joy) by extensions ['colcon_meta']
[8.213s] Level 1:colcon.colcon_core.package_identification:_identify(src/cmd_vel_joy) by extension 'colcon_meta'
[8.213s] Level 1:colcon.colcon_core.package_identification:_identify(src/cmd_vel_joy) by extensions ['ament_gradle']
[8.213s] Level 1:colcon.colcon_core.package_identification:_identify(src/cmd_vel_joy) by extension 'ament_gradle'
[8.213s] Level 1:colcon.colcon_core.package_identification:_identify(src/cmd_vel_joy) by extensions ['ros']
[8.213s] Level 1:colcon.colcon_core.package_identification:_identify(src/cmd_vel_joy) by extension 'ros'
[8.214s] DEBUG:colcon.colcon_core.package_identification:Package 'src/cmd_vel_joy' with type 'ros.ament_python' and name 'cmd_vel_joy'
[8.214s] Level 1:colcon.colcon_core.package_identification:_identify(src/cost_cul) by extensions ['ignore', 'ignore_ament_install']
[8.214s] Level 1:colcon.colcon_core.package_identification:_identify(src/cost_cul) by extension 'ignore'
[8.214s] Level 1:colcon.colcon_core.package_identification:_identify(src/cost_cul) by extension 'ignore_ament_install'
[8.214s] Level 1:colcon.colcon_core.package_identification:_identify(src/cost_cul) by extensions ['colcon_pkg']
[8.214s] Level 1:colcon.colcon_core.package_identification:_identify(src/cost_cul) by extension 'colcon_pkg'
[8.214s] Level 1:colcon.colcon_core.package_identification:_identify(src/cost_cul) by extensions ['colcon_meta']
[8.214s] Level 1:colcon.colcon_core.package_identification:_identify(src/cost_cul) by extension 'colcon_meta'
[8.214s] Level 1:colcon.colcon_core.package_identification:_identify(src/cost_cul) by extensions ['ament_gradle']
[8.214s] Level 1:colcon.colcon_core.package_identification:_identify(src/cost_cul) by extension 'ament_gradle'
[8.214s] Level 1:colcon.colcon_core.package_identification:_identify(src/cost_cul) by extensions ['ros']
[8.214s] Level 1:colcon.colcon_core.package_identification:_identify(src/cost_cul) by extension 'ros'
[8.215s] DEBUG:colcon.colcon_core.package_identification:Package 'src/cost_cul' with type 'ros.ament_python' and name 'cost_cul'
[8.215s] Level 1:colcon.colcon_core.package_identification:_identify(src/hesai_description) by extensions ['ignore', 'ignore_ament_install']
[8.215s] Level 1:colcon.colcon_core.package_identification:_identify(src/hesai_description) by extension 'ignore'
[8.215s] Level 1:colcon.colcon_core.package_identification:_identify(src/hesai_description) by extension 'ignore_ament_install'
[8.215s] Level 1:colcon.colcon_core.package_identification:_identify(src/hesai_description) by extensions ['colcon_pkg']
[8.215s] Level 1:colcon.colcon_core.package_identification:_identify(src/hesai_description) by extension 'colcon_pkg'
[8.215s] Level 1:colcon.colcon_core.package_identification:_identify(src/hesai_description) by extensions ['colcon_meta']
[8.215s] Level 1:colcon.colcon_core.package_identification:_identify(src/hesai_description) by extension 'colcon_meta'
[8.215s] Level 1:colcon.colcon_core.package_identification:_identify(src/hesai_description) by extensions ['ament_gradle']
[8.215s] Level 1:colcon.colcon_core.package_identification:_identify(src/hesai_description) by extension 'ament_gradle'
[8.215s] Level 1:colcon.colcon_core.package_identification:_identify(src/hesai_description) by extensions ['ros']
[8.215s] Level 1:colcon.colcon_core.package_identification:_identify(src/hesai_description) by extension 'ros'
[8.216s] DEBUG:colcon.colcon_core.package_identification:Package 'src/hesai_description' with type 'ros.ament_cmake' and name 'hesai_description'
[8.216s] Level 1:colcon.colcon_core.package_identification:_identify(src/install) by extensions ['ignore', 'ignore_ament_install']
[8.216s] Level 1:colcon.colcon_core.package_identification:_identify(src/install) by extension 'ignore'
[8.216s] Level 1:colcon.colcon_core.package_identification:_identify(src/install) ignored
[8.216s] Level 1:colcon.colcon_core.package_identification:_identify(src/log) by extensions ['ignore', 'ignore_ament_install']
[8.216s] Level 1:colcon.colcon_core.package_identification:_identify(src/log) by extension 'ignore'
[8.216s] Level 1:colcon.colcon_core.package_identification:_identify(src/log) ignored
[8.216s] Level 1:colcon.colcon_core.package_identification:_identify(src/scout_gazebo) by extensions ['ignore', 'ignore_ament_install']
[8.216s] Level 1:colcon.colcon_core.package_identification:_identify(src/scout_gazebo) by extension 'ignore'
[8.216s] Level 1:colcon.colcon_core.package_identification:_identify(src/scout_gazebo) by extension 'ignore_ament_install'
[8.216s] Level 1:colcon.colcon_core.package_identification:_identify(src/scout_gazebo) by extensions ['colcon_pkg']
[8.216s] Level 1:colcon.colcon_core.package_identification:_identify(src/scout_gazebo) by extension 'colcon_pkg'
[8.216s] Level 1:colcon.colcon_core.package_identification:_identify(src/scout_gazebo) by extensions ['colcon_meta']
[8.216s] Level 1:colcon.colcon_core.package_identification:_identify(src/scout_gazebo) by extension 'colcon_meta'
[8.217s] Level 1:colcon.colcon_core.package_identification:_identify(src/scout_gazebo) by extensions ['ament_gradle']
[8.217s] Level 1:colcon.colcon_core.package_identification:_identify(src/scout_gazebo) by extension 'ament_gradle'
[8.217s] Level 1:colcon.colcon_core.package_identification:_identify(src/scout_gazebo) by extensions ['ros']
[8.217s] Level 1:colcon.colcon_core.package_identification:_identify(src/scout_gazebo) by extension 'ros'
[8.217s] DEBUG:colcon.colcon_core.package_identification:Package 'src/scout_gazebo' with type 'ros.ament_cmake' and name 'scout_gazebo'
[8.217s] Level 1:colcon.colcon_core.package_identification:_identify(src/scout_mini_control) by extensions ['ignore', 'ignore_ament_install']
[8.217s] Level 1:colcon.colcon_core.package_identification:_identify(src/scout_mini_control) by extension 'ignore'
[8.217s] Level 1:colcon.colcon_core.package_identification:_identify(src/scout_mini_control) by extension 'ignore_ament_install'
[8.217s] Level 1:colcon.colcon_core.package_identification:_identify(src/scout_mini_control) by extensions ['colcon_pkg']
[8.217s] Level 1:colcon.colcon_core.package_identification:_identify(src/scout_mini_control) by extension 'colcon_pkg'
[8.217s] Level 1:colcon.colcon_core.package_identification:_identify(src/scout_mini_control) by extensions ['colcon_meta']
[8.217s] Level 1:colcon.colcon_core.package_identification:_identify(src/scout_mini_control) by extension 'colcon_meta'
[8.217s] Level 1:colcon.colcon_core.package_identification:_identify(src/scout_mini_control) by extensions ['ament_gradle']
[8.217s] Level 1:colcon.colcon_core.package_identification:_identify(src/scout_mini_control) by extension 'ament_gradle'
[8.218s] Level 1:colcon.colcon_core.package_identification:_identify(src/scout_mini_control) by extensions ['ros']
[8.218s] Level 1:colcon.colcon_core.package_identification:_identify(src/scout_mini_control) by extension 'ros'
[8.218s] DEBUG:colcon.colcon_core.package_identification:Package 'src/scout_mini_control' with type 'ros.ament_cmake' and name 'scout_mini_control'
[8.218s] Level 1:colcon.colcon_core.package_identification:_identify(src/scout_mini_description) by extensions ['ignore', 'ignore_ament_install']
[8.218s] Level 1:colcon.colcon_core.package_identification:_identify(src/scout_mini_description) by extension 'ignore'
[8.218s] Level 1:colcon.colcon_core.package_identification:_identify(src/scout_mini_description) by extension 'ignore_ament_install'
[8.218s] Level 1:colcon.colcon_core.package_identification:_identify(src/scout_mini_description) by extensions ['colcon_pkg']
[8.218s] Level 1:colcon.colcon_core.package_identification:_identify(src/scout_mini_description) by extension 'colcon_pkg'
[8.218s] Level 1:colcon.colcon_core.package_identification:_identify(src/scout_mini_description) by extensions ['colcon_meta']
[8.218s] Level 1:colcon.colcon_core.package_identification:_identify(src/scout_mini_description) by extension 'colcon_meta'
[8.218s] Level 1:colcon.colcon_core.package_identification:_identify(src/scout_mini_description) by extensions ['ament_gradle']
[8.218s] Level 1:colcon.colcon_core.package_identification:_identify(src/scout_mini_description) by extension 'ament_gradle'
[8.218s] Level 1:colcon.colcon_core.package_identification:_identify(src/scout_mini_description) by extensions ['ros']
[8.219s] Level 1:colcon.colcon_core.package_identification:_identify(src/scout_mini_description) by extension 'ros'
[8.219s] DEBUG:colcon.colcon_core.package_identification:Package 'src/scout_mini_description' with type 'ros.ament_cmake' and name 'scout_mini_description'
[8.219s] Level 1:colcon.colcon_core.package_identification:_identify(src/scout_mini_gazebo_sim) by extensions ['ignore', 'ignore_ament_install']
[8.219s] Level 1:colcon.colcon_core.package_identification:_identify(src/scout_mini_gazebo_sim) by extension 'ignore'
[8.219s] Level 1:colcon.colcon_core.package_identification:_identify(src/scout_mini_gazebo_sim) by extension 'ignore_ament_install'
[8.219s] Level 1:colcon.colcon_core.package_identification:_identify(src/scout_mini_gazebo_sim) by extensions ['colcon_pkg']
[8.219s] Level 1:colcon.colcon_core.package_identification:_identify(src/scout_mini_gazebo_sim) by extension 'colcon_pkg'
[8.219s] Level 1:colcon.colcon_core.package_identification:_identify(src/scout_mini_gazebo_sim) by extensions ['colcon_meta']
[8.219s] Level 1:colcon.colcon_core.package_identification:_identify(src/scout_mini_gazebo_sim) by extension 'colcon_meta'
[8.219s] Level 1:colcon.colcon_core.package_identification:_identify(src/scout_mini_gazebo_sim) by extensions ['ament_gradle']
[8.219s] Level 1:colcon.colcon_core.package_identification:_identify(src/scout_mini_gazebo_sim) by extension 'ament_gradle'
[8.220s] Level 1:colcon.colcon_core.package_identification:_identify(src/scout_mini_gazebo_sim) by extensions ['ros']
[8.220s] Level 1:colcon.colcon_core.package_identification:_identify(src/scout_mini_gazebo_sim) by extension 'ros'
[8.220s] DEBUG:colcon.colcon_core.package_identification:Package 'src/scout_mini_gazebo_sim' with type 'ros.ament_cmake' and name 'scout_mini_gazebo_sim'
[8.220s] Level 1:colcon.colcon_core.package_discovery:discover_packages(recursive) using defaults
[8.220s] Level 1:colcon.colcon_core.package_discovery:discover_packages(ignore) discover
[8.220s] Level 1:colcon.colcon_core.package_discovery:discover_packages(ignore) using defaults
[8.220s] Level 1:colcon.colcon_core.package_discovery:discover_packages(path) discover
[8.220s] Level 1:colcon.colcon_core.package_discovery:discover_packages(path) using defaults
[8.240s] Level 1:colcon.colcon_core.package_discovery:discover_packages(prefix_path) check parameters
[8.240s] Level 1:colcon.colcon_core.package_discovery:discover_packages(prefix_path) discover
[8.243s] DEBUG:colcon.colcon_installed_package_information.package_discovery:Found 9 installed packages in /home/takuto/scout_ws/install
[8.244s] DEBUG:colcon.colcon_installed_package_information.package_discovery:Found 8 installed packages in /home/takuto/scout_ws/src/install
[8.244s] DEBUG:colcon.colcon_installed_package_information.package_discovery:Found 5 installed packages in /home/takuto/mecanumrover_ws/install
[8.245s] DEBUG:colcon.colcon_installed_package_information.package_discovery:Found 3 installed packages in /home/takuto/uros_ws/install
[8.246s] DEBUG:colcon.colcon_installed_package_information.package_discovery:Found 19 installed packages in /home/takuto/turtlebot3_ws/install
[8.248s] DEBUG:colcon.colcon_installed_package_information.package_discovery:Found 426 installed packages in /opt/ros/humble
[8.250s] Level 1:colcon.colcon_core.package_discovery:discover_packages(prefix_path) using defaults
[8.299s] Level 5:colcon.colcon_core.verb:set package 'cmd_vel_joy' build argument 'ament_gradle_args' from command line to 'None'
[8.299s] Level 5:colcon.colcon_core.verb:set package 'cmd_vel_joy' build argument 'ament_gradle_task' from command line to 'None'
[8.299s] Level 5:colcon.colcon_core.verb:set package 'cmd_vel_joy' build argument 'cmake_args' from command line to 'None'
[8.299s] Level 5:colcon.colcon_core.verb:set package 'cmd_vel_joy' build argument 'cmake_target' from command line to 'None'
[8.299s] Level 5:colcon.colcon_core.verb:set package 'cmd_vel_joy' build argument 'cmake_target_skip_unavailable' from command line to 'False'
[8.299s] Level 5:colcon.colcon_core.verb:set package 'cmd_vel_joy' build argument 'cmake_clean_cache' from command line to 'False'
[8.300s] Level 5:colcon.colcon_core.verb:set package 'cmd_vel_joy' build argument 'cmake_clean_first' from command line to 'False'
[8.300s] Level 5:colcon.colcon_core.verb:set package 'cmd_vel_joy' build argument 'cmake_force_configure' from command line to 'False'
[8.300s] Level 5:colcon.colcon_core.verb:set package 'cmd_vel_joy' build argument 'gradle_args' from command line to 'None'
[8.300s] Level 5:colcon.colcon_core.verb:set package 'cmd_vel_joy' build argument 'gradle_task' from command line to 'None'
[8.300s] Level 5:colcon.colcon_core.verb:set package 'cmd_vel_joy' build argument 'ament_cmake_args' from command line to 'None'
[8.300s] Level 5:colcon.colcon_core.verb:set package 'cmd_vel_joy' build argument 'catkin_cmake_args' from command line to 'None'
[8.300s] Level 5:colcon.colcon_core.verb:set package 'cmd_vel_joy' build argument 'catkin_skip_building_tests' from command line to 'False'
[8.300s] DEBUG:colcon.colcon_core.verb:Building package 'cmd_vel_joy' with the following arguments: {'ament_cmake_args': None, 'ament_gradle_args': None, 'ament_gradle_task': None, 'build_base': '/home/takuto/scout_ws/build/cmd_vel_joy', 'catkin_cmake_args': None, 'catkin_skip_building_tests': False, 'cmake_args': None, 'cmake_clean_cache': False, 'cmake_clean_first': False, 'cmake_force_configure': False, 'cmake_target': None, 'cmake_target_skip_unavailable': False, 'gradle_args': None, 'gradle_task': None, 'install_base': '/home/takuto/scout_ws/install/cmd_vel_joy', 'merge_install': False, 'path': '/home/takuto/scout_ws/src/cmd_vel_joy', 'symlink_install': False, 'test_result_base': None}
[8.300s] Level 5:colcon.colcon_core.verb:set package 'cost_cul' build argument 'ament_gradle_args' from command line to 'None'
[8.300s] Level 5:colcon.colcon_core.verb:set package 'cost_cul' build argument 'ament_gradle_task' from command line to 'None'
[8.300s] Level 5:colcon.colcon_core.verb:set package 'cost_cul' build argument 'cmake_args' from command line to 'None'
[8.300s] Level 5:colcon.colcon_core.verb:set package 'cost_cul' build argument 'cmake_target' from command line to 'None'
[8.300s] Level 5:colcon.colcon_core.verb:set package 'cost_cul' build argument 'cmake_target_skip_unavailable' from command line to 'False'
[8.300s] Level 5:colcon.colcon_core.verb:set package 'cost_cul' build argument 'cmake_clean_cache' from command line to 'False'
[8.300s] Level 5:colcon.colcon_core.verb:set package 'cost_cul' build argument 'cmake_clean_first' from command line to 'False'
[8.300s] Level 5:colcon.colcon_core.verb:set package 'cost_cul' build argument 'cmake_force_configure' from command line to 'False'
[8.300s] Level 5:colcon.colcon_core.verb:set package 'cost_cul' build argument 'gradle_args' from command line to 'None'
[8.300s] Level 5:colcon.colcon_core.verb:set package 'cost_cul' build argument 'gradle_task' from command line to 'None'
[8.300s] Level 5:colcon.colcon_core.verb:set package 'cost_cul' build argument 'ament_cmake_args' from command line to 'None'
[8.300s] Level 5:colcon.colcon_core.verb:set package 'cost_cul' build argument 'catkin_cmake_args' from command line to 'None'
[8.300s] Level 5:colcon.colcon_core.verb:set package 'cost_cul' build argument 'catkin_skip_building_tests' from command line to 'False'
[8.300s] DEBUG:colcon.colcon_core.verb:Building package 'cost_cul' with the following arguments: {'ament_cmake_args': None, 'ament_gradle_args': None, 'ament_gradle_task': None, 'build_base': '/home/takuto/scout_ws/build/cost_cul', 'catkin_cmake_args': None, 'catkin_skip_building_tests': False, 'cmake_args': None, 'cmake_clean_cache': False, 'cmake_clean_first': False, 'cmake_force_configure': False, 'cmake_target': None, 'cmake_target_skip_unavailable': False, 'gradle_args': None, 'gradle_task': None, 'install_base': '/home/takuto/scout_ws/install/cost_cul', 'merge_install': False, 'path': '/home/takuto/scout_ws/src/cost_cul', 'symlink_install': False, 'test_result_base': None}
[8.301s] Level 5:colcon.colcon_core.verb:set package 'hesai_description' build argument 'ament_gradle_args' from command line to 'None'
[8.301s] Level 5:colcon.colcon_core.verb:set package 'hesai_description' build argument 'ament_gradle_task' from command line to 'None'
[8.301s] Level 5:colcon.colcon_core.verb:set package 'hesai_description' build argument 'cmake_args' from command line to 'None'
[8.301s] Level 5:colcon.colcon_core.verb:set package 'hesai_description' build argument 'cmake_target' from command line to 'None'
[8.301s] Level 5:colcon.colcon_core.verb:set package 'hesai_description' build argument 'cmake_target_skip_unavailable' from command line to 'False'
[8.301s] Level 5:colcon.colcon_core.verb:set package 'hesai_description' build argument 'cmake_clean_cache' from command line to 'False'
[8.301s] Level 5:colcon.colcon_core.verb:set package 'hesai_description' build argument 'cmake_clean_first' from command line to 'False'
[8.301s] Level 5:colcon.colcon_core.verb:set package 'hesai_description' build argument 'cmake_force_configure' from command line to 'False'
[8.301s] Level 5:colcon.colcon_core.verb:set package 'hesai_description' build argument 'gradle_args' from command line to 'None'
[8.301s] Level 5:colcon.colcon_core.verb:set package 'hesai_description' build argument 'gradle_task' from command line to 'None'
[8.301s] Level 5:colcon.colcon_core.verb:set package 'hesai_description' build argument 'ament_cmake_args' from command line to 'None'
[8.301s] Level 5:colcon.colcon_core.verb:set package 'hesai_description' build argument 'catkin_cmake_args' from command line to 'None'
[8.301s] Level 5:colcon.colcon_core.verb:set package 'hesai_description' build argument 'catkin_skip_building_tests' from command line to 'False'
[8.301s] DEBUG:colcon.colcon_core.verb:Building package 'hesai_description' with the following arguments: {'ament_cmake_args': None, 'ament_gradle_args': None, 'ament_gradle_task': None, 'build_base': '/home/takuto/scout_ws/build/hesai_description', 'catkin_cmake_args': None, 'catkin_skip_building_tests': False, 'cmake_args': None, 'cmake_clean_cache': False, 'cmake_clean_first': False, 'cmake_force_configure': False, 'cmake_target': None, 'cmake_target_skip_unavailable': False, 'gradle_args': None, 'gradle_task': None, 'install_base': '/home/takuto/scout_ws/install/hesai_description', 'merge_install': False, 'path': '/home/takuto/scout_ws/src/hesai_description', 'symlink_install': False, 'test_result_base': None}
[8.301s] Level 5:colcon.colcon_core.verb:set package 'hesai_ros_driver' build argument 'ament_gradle_args' from command line to 'None'
[8.301s] Level 5:colcon.colcon_core.verb:set package 'hesai_ros_driver' build argument 'ament_gradle_task' from command line to 'None'
[8.301s] Level 5:colcon.colcon_core.verb:set package 'hesai_ros_driver' build argument 'cmake_args' from command line to 'None'
[8.301s] Level 5:colcon.colcon_core.verb:set package 'hesai_ros_driver' build argument 'cmake_target' from command line to 'None'
[8.301s] Level 5:colcon.colcon_core.verb:set package 'hesai_ros_driver' build argument 'cmake_target_skip_unavailable' from command line to 'False'
[8.302s] Level 5:colcon.colcon_core.verb:set package 'hesai_ros_driver' build argument 'cmake_clean_cache' from command line to 'False'
[8.302s] Level 5:colcon.colcon_core.verb:set package 'hesai_ros_driver' build argument 'cmake_clean_first' from command line to 'False'
[8.302s] Level 5:colcon.colcon_core.verb:set package 'hesai_ros_driver' build argument 'cmake_force_configure' from command line to 'False'
[8.302s] Level 5:colcon.colcon_core.verb:set package 'hesai_ros_driver' build argument 'gradle_args' from command line to 'None'
[8.302s] Level 5:colcon.colcon_core.verb:set package 'hesai_ros_driver' build argument 'gradle_task' from command line to 'None'
[8.302s] Level 5:colcon.colcon_core.verb:set package 'hesai_ros_driver' build argument 'ament_cmake_args' from command line to 'None'
[8.302s] Level 5:colcon.colcon_core.verb:set package 'hesai_ros_driver' build argument 'catkin_cmake_args' from command line to 'None'
[8.302s] Level 5:colcon.colcon_core.verb:set package 'hesai_ros_driver' build argument 'catkin_skip_building_tests' from command line to 'False'
[8.302s] DEBUG:colcon.colcon_core.verb:Building package 'hesai_ros_driver' with the following arguments: {'ament_cmake_args': None, 'ament_gradle_args': None, 'ament_gradle_task': None, 'build_base': '/home/takuto/scout_ws/build/hesai_ros_driver', 'catkin_cmake_args': None, 'catkin_skip_building_tests': False, 'cmake_args': None, 'cmake_clean_cache': False, 'cmake_clean_first': False, 'cmake_force_configure': False, 'cmake_target': None, 'cmake_target_skip_unavailable': False, 'gradle_args': None, 'gradle_task': None, 'install_base': '/home/takuto/scout_ws/install/hesai_ros_driver', 'merge_install': False, 'path': '/home/takuto/scout_ws/src/HesaiLidar_ROS_2.0', 'symlink_install': False, 'test_result_base': None}
[8.302s] Level 5:colcon.colcon_core.verb:set package 'scout_gazebo' build argument 'ament_gradle_args' from command line to 'None'
[8.302s] Level 5:colcon.colcon_core.verb:set package 'scout_gazebo' build argument 'ament_gradle_task' from command line to 'None'
[8.302s] Level 5:colcon.colcon_core.verb:set package 'scout_gazebo' build argument 'cmake_args' from command line to 'None'
[8.302s] Level 5:colcon.colcon_core.verb:set package 'scout_gazebo' build argument 'cmake_target' from command line to 'None'
[8.302s] Level 5:colcon.colcon_core.verb:set package 'scout_gazebo' build argument 'cmake_target_skip_unavailable' from command line to 'False'
[8.302s] Level 5:colcon.colcon_core.verb:set package 'scout_gazebo' build argument 'cmake_clean_cache' from command line to 'False'
[8.302s] Level 5:colcon.colcon_core.verb:set package 'scout_gazebo' build argument 'cmake_clean_first' from command line to 'False'
[8.302s] Level 5:colcon.colcon_core.verb:set package 'scout_gazebo' build argument 'cmake_force_configure' from command line to 'False'
[8.302s] Level 5:colcon.colcon_core.verb:set package 'scout_gazebo' build argument 'gradle_args' from command line to 'None'
[8.302s] Level 5:colcon.colcon_core.verb:set package 'scout_gazebo' build argument 'gradle_task' from command line to 'None'
[8.302s] Level 5:colcon.colcon_core.verb:set package 'scout_gazebo' build argument 'ament_cmake_args' from command line to 'None'
[8.302s] Level 5:colcon.colcon_core.verb:set package 'scout_gazebo' build argument 'catkin_cmake_args' from command line to 'None'
[8.302s] Level 5:colcon.colcon_core.verb:set package 'scout_gazebo' build argument 'catkin_skip_building_tests' from command line to 'False'
[8.302s] DEBUG:colcon.colcon_core.verb:Building package 'scout_gazebo' with the following arguments: {'ament_cmake_args': None, 'ament_gradle_args': None, 'ament_gradle_task': None, 'build_base': '/home/takuto/scout_ws/build/scout_gazebo', 'catkin_cmake_args': None, 'catkin_skip_building_tests': False, 'cmake_args': None, 'cmake_clean_cache': False, 'cmake_clean_first': False, 'cmake_force_configure': False, 'cmake_target': None, 'cmake_target_skip_unavailable': False, 'gradle_args': None, 'gradle_task': None, 'install_base': '/home/takuto/scout_ws/install/scout_gazebo', 'merge_install': False, 'path': '/home/takuto/scout_ws/src/scout_gazebo', 'symlink_install': False, 'test_result_base': None}
[8.303s] Level 5:colcon.colcon_core.verb:set package 'scout_mini_control' build argument 'ament_gradle_args' from command line to 'None'
[8.303s] Level 5:colcon.colcon_core.verb:set package 'scout_mini_control' build argument 'ament_gradle_task' from command line to 'None'
[8.303s] Level 5:colcon.colcon_core.verb:set package 'scout_mini_control' build argument 'cmake_args' from command line to 'None'
[8.303s] Level 5:colcon.colcon_core.verb:set package 'scout_mini_control' build argument 'cmake_target' from command line to 'None'
[8.303s] Level 5:colcon.colcon_core.verb:set package 'scout_mini_control' build argument 'cmake_target_skip_unavailable' from command line to 'False'
[8.303s] Level 5:colcon.colcon_core.verb:set package 'scout_mini_control' build argument 'cmake_clean_cache' from command line to 'False'
[8.303s] Level 5:colcon.colcon_core.verb:set package 'scout_mini_control' build argument 'cmake_clean_first' from command line to 'False'
[8.303s] Level 5:colcon.colcon_core.verb:set package 'scout_mini_control' build argument 'cmake_force_configure' from command line to 'False'
[8.303s] Level 5:colcon.colcon_core.verb:set package 'scout_mini_control' build argument 'gradle_args' from command line to 'None'
[8.303s] Level 5:colcon.colcon_core.verb:set package 'scout_mini_control' build argument 'gradle_task' from command line to 'None'
[8.303s] Level 5:colcon.colcon_core.verb:set package 'scout_mini_control' build argument 'ament_cmake_args' from command line to 'None'
[8.303s] Level 5:colcon.colcon_core.verb:set package 'scout_mini_control' build argument 'catkin_cmake_args' from command line to 'None'
[8.303s] Level 5:colcon.colcon_core.verb:set package 'scout_mini_control' build argument 'catkin_skip_building_tests' from command line to 'False'
[8.303s] DEBUG:colcon.colcon_core.verb:Building package 'scout_mini_control' with the following arguments: {'ament_cmake_args': None, 'ament_gradle_args': None, 'ament_gradle_task': None, 'build_base': '/home/takuto/scout_ws/build/scout_mini_control', 'catkin_cmake_args': None, 'catkin_skip_building_tests': False, 'cmake_args': None, 'cmake_clean_cache': False, 'cmake_clean_first': False, 'cmake_force_configure': False, 'cmake_target': None, 'cmake_target_skip_unavailable': False, 'gradle_args': None, 'gradle_task': None, 'install_base': '/home/takuto/scout_ws/install/scout_mini_control', 'merge_install': False, 'path': '/home/takuto/scout_ws/src/scout_mini_control', 'symlink_install': False, 'test_result_base': None}
[8.303s] Level 5:colcon.colcon_core.verb:set package 'scout_mini_description' build argument 'ament_gradle_args' from command line to 'None'
[8.303s] Level 5:colcon.colcon_core.verb:set package 'scout_mini_description' build argument 'ament_gradle_task' from command line to 'None'
[8.303s] Level 5:colcon.colcon_core.verb:set package 'scout_mini_description' build argument 'cmake_args' from command line to 'None'
[8.303s] Level 5:colcon.colcon_core.verb:set package 'scout_mini_description' build argument 'cmake_target' from command line to 'None'
[8.303s] Level 5:colcon.colcon_core.verb:set package 'scout_mini_description' build argument 'cmake_target_skip_unavailable' from command line to 'False'
[8.303s] Level 5:colcon.colcon_core.verb:set package 'scout_mini_description' build argument 'cmake_clean_cache' from command line to 'False'
[8.303s] Level 5:colcon.colcon_core.verb:set package 'scout_mini_description' build argument 'cmake_clean_first' from command line to 'False'
[8.304s] Level 5:colcon.colcon_core.verb:set package 'scout_mini_description' build argument 'cmake_force_configure' from command line to 'False'
[8.304s] Level 5:colcon.colcon_core.verb:set package 'scout_mini_description' build argument 'gradle_args' from command line to 'None'
[8.304s] Level 5:colcon.colcon_core.verb:set package 'scout_mini_description' build argument 'gradle_task' from command line to 'None'
[8.304s] Level 5:colcon.colcon_core.verb:set package 'scout_mini_description' build argument 'ament_cmake_args' from command line to 'None'
[8.304s] Level 5:colcon.colcon_core.verb:set package 'scout_mini_description' build argument 'catkin_cmake_args' from command line to 'None'
[8.304s] Level 5:colcon.colcon_core.verb:set package 'scout_mini_description' build argument 'catkin_skip_building_tests' from command line to 'False'
[8.304s] DEBUG:colcon.colcon_core.verb:Building package 'scout_mini_description' with the following arguments: {'ament_cmake_args': None, 'ament_gradle_args': None, 'ament_gradle_task': None, 'build_base': '/home/takuto/scout_ws/build/scout_mini_description', 'catkin_cmake_args': None, 'catkin_skip_building_tests': False, 'cmake_args': None, 'cmake_clean_cache': False, 'cmake_clean_first': False, 'cmake_force_configure': False, 'cmake_target': None, 'cmake_target_skip_unavailable': False, 'gradle_args': None, 'gradle_task': None, 'install_base': '/home/takuto/scout_ws/install/scout_mini_description', 'merge_install': False, 'path': '/home/takuto/scout_ws/src/scout_mini_description', 'symlink_install': False, 'test_result_base': None}
[8.304s] Level 5:colcon.colcon_core.verb:set package 'scout_mini_gazebo_sim' build argument 'ament_gradle_args' from command line to 'None'
[8.304s] Level 5:colcon.colcon_core.verb:set package 'scout_mini_gazebo_sim' build argument 'ament_gradle_task' from command line to 'None'
[8.304s] Level 5:colcon.colcon_core.verb:set package 'scout_mini_gazebo_sim' build argument 'cmake_args' from command line to 'None'
[8.304s] Level 5:colcon.colcon_core.verb:set package 'scout_mini_gazebo_sim' build argument 'cmake_target' from command line to 'None'
[8.304s] Level 5:colcon.colcon_core.verb:set package 'scout_mini_gazebo_sim' build argument 'cmake_target_skip_unavailable' from command line to 'False'
[8.304s] Level 5:colcon.colcon_core.verb:set package 'scout_mini_gazebo_sim' build argument 'cmake_clean_cache' from command line to 'False'
[8.304s] Level 5:colcon.colcon_core.verb:set package 'scout_mini_gazebo_sim' build argument 'cmake_clean_first' from command line to 'False'
[8.304s] Level 5:colcon.colcon_core.verb:set package 'scout_mini_gazebo_sim' build argument 'cmake_force_configure' from command line to 'False'
[8.304s] Level 5:colcon.colcon_core.verb:set package 'scout_mini_gazebo_sim' build argument 'gradle_args' from command line to 'None'
[8.304s] Level 5:colcon.colcon_core.verb:set package 'scout_mini_gazebo_sim' build argument 'gradle_task' from command line to 'None'
[8.304s] Level 5:colcon.colcon_core.verb:set package 'scout_mini_gazebo_sim' build argument 'ament_cmake_args' from command line to 'None'
[8.304s] Level 5:colcon.colcon_core.verb:set package 'scout_mini_gazebo_sim' build argument 'catkin_cmake_args' from command line to 'None'
[8.304s] Level 5:colcon.colcon_core.verb:set package 'scout_mini_gazebo_sim' build argument 'catkin_skip_building_tests' from command line to 'False'
[8.304s] DEBUG:colcon.colcon_core.verb:Building package 'scout_mini_gazebo_sim' with the following arguments: {'ament_cmake_args': None, 'ament_gradle_args': None, 'ament_gradle_task': None, 'build_base': '/home/takuto/scout_ws/build/scout_mini_gazebo_sim', 'catkin_cmake_args': None, 'catkin_skip_building_tests': False, 'cmake_args': None, 'cmake_clean_cache': False, 'cmake_clean_first': False, 'cmake_force_configure': False, 'cmake_target': None, 'cmake_target_skip_unavailable': False, 'gradle_args': None, 'gradle_task': None, 'install_base': '/home/takuto/scout_ws/install/scout_mini_gazebo_sim', 'merge_install': False, 'path': '/home/takuto/scout_ws/src/scout_mini_gazebo_sim', 'symlink_install': False, 'test_result_base': None}
[8.304s] INFO:colcon.colcon_core.executor:Executing jobs using 'parallel' executor
[8.305s] DEBUG:colcon.colcon_parallel_executor.executor.parallel:run_until_complete
[8.306s] INFO:colcon.colcon_ros.task.ament_cmake.build:Building ROS package in '/home/takuto/scout_ws/src/scout_mini_description' with build type 'ament_cmake'
[8.306s] INFO:colcon.colcon_cmake.task.cmake.build:Building CMake package in '/home/takuto/scout_ws/src/scout_mini_description'
[8.308s] INFO:colcon.colcon_core.plugin_system:Skipping extension 'colcon_core.shell.bat': Not used on non-Windows systems
[8.308s] INFO:colcon.colcon_core.shell:Skip shell extension 'powershell' for command environment: Not usable outside of PowerShell
[8.308s] DEBUG:colcon.colcon_core.shell:Skip shell extension 'dsv' for command environment
[8.316s] INFO:colcon.colcon_ros.task.ament_python.build:Building ROS package in '/home/takuto/scout_ws/src/cmd_vel_joy' with build type 'ament_python'
[8.316s] Level 1:colcon.colcon_core.shell:create_environment_hook('cmd_vel_joy', 'ament_prefix_path')
[8.316s] INFO:colcon.colcon_core.shell:Creating environment hook '/home/takuto/scout_ws/install/cmd_vel_joy/share/cmd_vel_joy/hook/ament_prefix_path.ps1'
[8.316s] INFO:colcon.colcon_core.shell:Creating environment descriptor '/home/takuto/scout_ws/install/cmd_vel_joy/share/cmd_vel_joy/hook/ament_prefix_path.dsv'
[8.317s] INFO:colcon.colcon_core.shell:Creating environment hook '/home/takuto/scout_ws/install/cmd_vel_joy/share/cmd_vel_joy/hook/ament_prefix_path.sh'
[8.318s] INFO:colcon.colcon_core.shell:Skip shell extension 'powershell' for command environment: Not usable outside of PowerShell
[8.318s] DEBUG:colcon.colcon_core.shell:Skip shell extension 'dsv' for command environment
[8.325s] INFO:colcon.colcon_ros.task.ament_python.build:Building ROS package in '/home/takuto/scout_ws/src/cost_cul' with build type 'ament_python'
[8.325s] Level 1:colcon.colcon_core.shell:create_environment_hook('cost_cul', 'ament_prefix_path')
[8.325s] INFO:colcon.colcon_core.shell:Creating environment hook '/home/takuto/scout_ws/install/cost_cul/share/cost_cul/hook/ament_prefix_path.ps1'
[8.326s] INFO:colcon.colcon_core.shell:Creating environment descriptor '/home/takuto/scout_ws/install/cost_cul/share/cost_cul/hook/ament_prefix_path.dsv'
[8.326s] INFO:colcon.colcon_core.shell:Creating environment hook '/home/takuto/scout_ws/install/cost_cul/share/cost_cul/hook/ament_prefix_path.sh'
[8.327s] INFO:colcon.colcon_core.shell:Skip shell extension 'powershell' for command environment: Not usable outside of PowerShell
[8.327s] DEBUG:colcon.colcon_core.shell:Skip shell extension 'dsv' for command environment
[8.334s] INFO:colcon.colcon_ros.task.ament_cmake.build:Building ROS package in '/home/takuto/scout_ws/src/hesai_description' with build type 'ament_cmake'
[8.334s] INFO:colcon.colcon_cmake.task.cmake.build:Building CMake package in '/home/takuto/scout_ws/src/hesai_description'
[8.334s] INFO:colcon.colcon_core.shell:Skip shell extension 'powershell' for command environment: Not usable outside of PowerShell
[8.334s] DEBUG:colcon.colcon_core.shell:Skip shell extension 'dsv' for command environment
[8.342s] INFO:colcon.colcon_ros.task.ament_cmake.build:Building ROS package in '/home/takuto/scout_ws/src/HesaiLidar_ROS_2.0' with build type 'ament_cmake'
[8.342s] INFO:colcon.colcon_cmake.task.cmake.build:Building CMake package in '/home/takuto/scout_ws/src/HesaiLidar_ROS_2.0'
[8.342s] INFO:colcon.colcon_core.shell:Skip shell extension 'powershell' for command environment: Not usable outside of PowerShell
[8.342s] DEBUG:colcon.colcon_core.shell:Skip shell extension 'dsv' for command environment
[8.349s] INFO:colcon.colcon_ros.task.ament_cmake.build:Building ROS package in '/home/takuto/scout_ws/src/scout_gazebo' with build type 'ament_cmake'
[8.349s] INFO:colcon.colcon_cmake.task.cmake.build:Building CMake package in '/home/takuto/scout_ws/src/scout_gazebo'
[8.349s] INFO:colcon.colcon_core.shell:Skip shell extension 'powershell' for command environment: Not usable outside of PowerShell
[8.349s] DEBUG:colcon.colcon_core.shell:Skip shell extension 'dsv' for command environment
[8.357s] INFO:colcon.colcon_ros.task.ament_cmake.build:Building ROS package in '/home/takuto/scout_ws/src/scout_mini_control' with build type 'ament_cmake'
[8.357s] INFO:colcon.colcon_cmake.task.cmake.build:Building CMake package in '/home/takuto/scout_ws/src/scout_mini_control'
[8.357s] INFO:colcon.colcon_core.shell:Skip shell extension 'powershell' for command environment: Not usable outside of PowerShell
[8.357s] DEBUG:colcon.colcon_core.shell:Skip shell extension 'dsv' for command environment
[8.370s] DEBUG:colcon.colcon_core.event_handler.log_command:Invoking command in '/home/takuto/scout_ws/build/scout_mini_description': CMAKE_PREFIX_PATH=/home/takuto/scout_ws/install/scout_mini_gazebo_sim:/home/takuto/scout_ws/src/install/scout_mini_gazebo_sim:/home/takuto/scout_ws/src/install/scout_mini_description:/home/takuto/scout_ws/src/install/scout_mini_control:/home/takuto/scout_ws/src/install/hesai_description:/home/takuto/scout_ws/install/scout_mini_control:/home/takuto/scout_ws/install/scout_mini_description:/home/takuto/scout_ws/install/scout_gazebo:/home/takuto/scout_ws/install/scout_description:/home/takuto/scout_ws/install/hesai_ros_driver:/home/takuto/scout_ws/install/hesai_description:/home/takuto/mecanumrover_ws/install/vs_rover_options_description:/home/takuto/mecanumrover_ws/install/mecanumrover_gazebo:/home/takuto/mecanumrover_ws/install/mecanumrover3:/home/takuto/mecanumrover_ws/install/mecanumrover_description:/home/takuto/mecanumrover_ws/install/mecanumrover3_bringup:/home/takuto/uros_ws/install/micro_ros_setup:/home/takuto/uros_ws/install/micro_ros_agent:/home/takuto/uros_ws/install/micro_ros_msgs:/home/takuto/scout_ws/src/install/scout_gazebo:/home/takuto/scout_ws/src/install/hesai_ros_driver:/home/takuto/turtlebot3_ws/install/turtlebot3:/home/takuto/turtlebot3_ws/install/turtlebot3_simulations:/home/takuto/turtlebot3_ws/install/turtlebot3_bringup:/home/takuto/turtlebot3_ws/install/turtlebot3_node:/home/takuto/turtlebot3_ws/install/turtlebot3_navigation2:/home/takuto/turtlebot3_ws/install/turtlebot3_gazebo:/home/takuto/turtlebot3_ws/install/turtlebot3_fake_node:/home/takuto/turtlebot3_ws/install/turtlebot3_description:/home/takuto/turtlebot3_ws/install/turtlebot3_cartographer:/home/takuto/scout_ws/src/install/cost_cul:/home/takuto/scout_ws/install/cost_cul:/home/takuto/scout_ws/install/cmd_vel_joy:/home/takuto/scout_ws/src/install/cmd_vel_joy:/home/takuto/turtlebot3_ws/install/turtlebot3_teleop:/home/takuto/turtlebot3_ws/install/turtlebot3_example:/home/takuto/turtlebot3_ws/install/cmd_vel_joy:/opt/ros/humble:/home/takuto/turtlebot3_ws/install/realsense_gazebo_plugin:/home/takuto/turtlebot3_ws/install/realsense2_description:/home/takuto/turtlebot3_ws/install/realsense2_camera:/home/takuto/turtlebot3_ws/install/realsense2_camera_msgs:/home/takuto/turtlebot3_ws/install/dynamixel_sdk_examples:/home/takuto/turtlebot3_ws/install/dynamixel_sdk_custom_interfaces:/home/takuto/turtlebot3_ws/install/dynamixel_sdk /usr/bin/cmake --build /home/takuto/scout_ws/build/scout_mini_description -- -j16 -l16
[8.649s] INFO:colcon.colcon_core.task.python.build:Building Python package in '/home/takuto/scout_ws/src/cmd_vel_joy'
[8.650s] INFO:colcon.colcon_core.shell:Skip shell extension 'powershell' for command environment: Not usable outside of PowerShell
[8.650s] DEBUG:colcon.colcon_core.shell:Skip shell extension 'dsv' for command environment
[8.925s] INFO:colcon.colcon_core.task.python.build:Building Python package in '/home/takuto/scout_ws/src/cost_cul'
[8.925s] INFO:colcon.colcon_core.shell:Skip shell extension 'powershell' for command environment: Not usable outside of PowerShell
[8.926s] DEBUG:colcon.colcon_core.shell:Skip shell extension 'dsv' for command environment
[8.935s] DEBUG:colcon.colcon_core.event_handler.log_command:Invoking command in '/home/takuto/scout_ws/build/hesai_description': CMAKE_PREFIX_PATH=/home/takuto/scout_ws/install/scout_mini_gazebo_sim:/home/takuto/scout_ws/src/install/scout_mini_gazebo_sim:/home/takuto/scout_ws/src/install/scout_mini_description:/home/takuto/scout_ws/src/install/scout_mini_control:/home/takuto/scout_ws/src/install/hesai_description:/home/takuto/scout_ws/install/scout_mini_control:/home/takuto/scout_ws/install/scout_mini_description:/home/takuto/scout_ws/install/scout_gazebo:/home/takuto/scout_ws/install/scout_description:/home/takuto/scout_ws/install/hesai_ros_driver:/home/takuto/scout_ws/install/hesai_description:/home/takuto/mecanumrover_ws/install/vs_rover_options_description:/home/takuto/mecanumrover_ws/install/mecanumrover_gazebo:/home/takuto/mecanumrover_ws/install/mecanumrover3:/home/takuto/mecanumrover_ws/install/mecanumrover_description:/home/takuto/mecanumrover_ws/install/mecanumrover3_bringup:/home/takuto/uros_ws/install/micro_ros_setup:/home/takuto/uros_ws/install/micro_ros_agent:/home/takuto/uros_ws/install/micro_ros_msgs:/home/takuto/scout_ws/src/install/scout_gazebo:/home/takuto/scout_ws/src/install/hesai_ros_driver:/home/takuto/turtlebot3_ws/install/turtlebot3:/home/takuto/turtlebot3_ws/install/turtlebot3_simulations:/home/takuto/turtlebot3_ws/install/turtlebot3_bringup:/home/takuto/turtlebot3_ws/install/turtlebot3_node:/home/takuto/turtlebot3_ws/install/turtlebot3_navigation2:/home/takuto/turtlebot3_ws/install/turtlebot3_gazebo:/home/takuto/turtlebot3_ws/install/turtlebot3_fake_node:/home/takuto/turtlebot3_ws/install/turtlebot3_description:/home/takuto/turtlebot3_ws/install/turtlebot3_cartographer:/home/takuto/scout_ws/src/install/cost_cul:/home/takuto/scout_ws/install/cost_cul:/home/takuto/scout_ws/install/cmd_vel_joy:/home/takuto/scout_ws/src/install/cmd_vel_joy:/home/takuto/turtlebot3_ws/install/turtlebot3_teleop:/home/takuto/turtlebot3_ws/install/turtlebot3_example:/home/takuto/turtlebot3_ws/install/cmd_vel_joy:/opt/ros/humble:/home/takuto/turtlebot3_ws/install/realsense_gazebo_plugin:/home/takuto/turtlebot3_ws/install/realsense2_description:/home/takuto/turtlebot3_ws/install/realsense2_camera:/home/takuto/turtlebot3_ws/install/realsense2_camera_msgs:/home/takuto/turtlebot3_ws/install/dynamixel_sdk_examples:/home/takuto/turtlebot3_ws/install/dynamixel_sdk_custom_interfaces:/home/takuto/turtlebot3_ws/install/dynamixel_sdk /usr/bin/cmake --build /home/takuto/scout_ws/build/hesai_description -- -j16 -l16
[8.938s] DEBUG:colcon.colcon_core.event_handler.log_command:Invoking command in '/home/takuto/scout_ws/build/hesai_ros_driver': CMAKE_PREFIX_PATH=/home/takuto/scout_ws/install/scout_mini_gazebo_sim:/home/takuto/scout_ws/src/install/scout_mini_gazebo_sim:/home/takuto/scout_ws/src/install/scout_mini_description:/home/takuto/scout_ws/src/install/scout_mini_control:/home/takuto/scout_ws/src/install/hesai_description:/home/takuto/scout_ws/install/scout_mini_control:/home/takuto/scout_ws/install/scout_mini_description:/home/takuto/scout_ws/install/scout_gazebo:/home/takuto/scout_ws/install/scout_description:/home/takuto/scout_ws/install/hesai_ros_driver:/home/takuto/scout_ws/install/hesai_description:/home/takuto/mecanumrover_ws/install/vs_rover_options_description:/home/takuto/mecanumrover_ws/install/mecanumrover_gazebo:/home/takuto/mecanumrover_ws/install/mecanumrover3:/home/takuto/mecanumrover_ws/install/mecanumrover_description:/home/takuto/mecanumrover_ws/install/mecanumrover3_bringup:/home/takuto/uros_ws/install/micro_ros_setup:/home/takuto/uros_ws/install/micro_ros_agent:/home/takuto/uros_ws/install/micro_ros_msgs:/home/takuto/scout_ws/src/install/scout_gazebo:/home/takuto/scout_ws/src/install/hesai_ros_driver:/home/takuto/turtlebot3_ws/install/turtlebot3:/home/takuto/turtlebot3_ws/install/turtlebot3_simulations:/home/takuto/turtlebot3_ws/install/turtlebot3_bringup:/home/takuto/turtlebot3_ws/install/turtlebot3_node:/home/takuto/turtlebot3_ws/install/turtlebot3_navigation2:/home/takuto/turtlebot3_ws/install/turtlebot3_gazebo:/home/takuto/turtlebot3_ws/install/turtlebot3_fake_node:/home/takuto/turtlebot3_ws/install/turtlebot3_description:/home/takuto/turtlebot3_ws/install/turtlebot3_cartographer:/home/takuto/scout_ws/src/install/cost_cul:/home/takuto/scout_ws/install/cost_cul:/home/takuto/scout_ws/install/cmd_vel_joy:/home/takuto/scout_ws/src/install/cmd_vel_joy:/home/takuto/turtlebot3_ws/install/turtlebot3_teleop:/home/takuto/turtlebot3_ws/install/turtlebot3_example:/home/takuto/turtlebot3_ws/install/cmd_vel_joy:/opt/ros/humble:/home/takuto/turtlebot3_ws/install/realsense_gazebo_plugin:/home/takuto/turtlebot3_ws/install/realsense2_description:/home/takuto/turtlebot3_ws/install/realsense2_camera:/home/takuto/turtlebot3_ws/install/realsense2_camera_msgs:/home/takuto/turtlebot3_ws/install/dynamixel_sdk_examples:/home/takuto/turtlebot3_ws/install/dynamixel_sdk_custom_interfaces:/home/takuto/turtlebot3_ws/install/dynamixel_sdk /usr/bin/cmake --build /home/takuto/scout_ws/build/hesai_ros_driver -- -j16 -l16
[8.941s] DEBUG:colcon.colcon_core.event_handler.log_command:Invoking command in '/home/takuto/scout_ws/build/scout_gazebo': CMAKE_PREFIX_PATH=/home/takuto/scout_ws/install/scout_mini_gazebo_sim:/home/takuto/scout_ws/src/install/scout_mini_gazebo_sim:/home/takuto/scout_ws/src/install/scout_mini_description:/home/takuto/scout_ws/src/install/scout_mini_control:/home/takuto/scout_ws/src/install/hesai_description:/home/takuto/scout_ws/install/scout_mini_control:/home/takuto/scout_ws/install/scout_mini_description:/home/takuto/scout_ws/install/scout_gazebo:/home/takuto/scout_ws/install/scout_description:/home/takuto/scout_ws/install/hesai_ros_driver:/home/takuto/scout_ws/install/hesai_description:/home/takuto/mecanumrover_ws/install/vs_rover_options_description:/home/takuto/mecanumrover_ws/install/mecanumrover_gazebo:/home/takuto/mecanumrover_ws/install/mecanumrover3:/home/takuto/mecanumrover_ws/install/mecanumrover_description:/home/takuto/mecanumrover_ws/install/mecanumrover3_bringup:/home/takuto/uros_ws/install/micro_ros_setup:/home/takuto/uros_ws/install/micro_ros_agent:/home/takuto/uros_ws/install/micro_ros_msgs:/home/takuto/scout_ws/src/install/scout_gazebo:/home/takuto/scout_ws/src/install/hesai_ros_driver:/home/takuto/turtlebot3_ws/install/turtlebot3:/home/takuto/turtlebot3_ws/install/turtlebot3_simulations:/home/takuto/turtlebot3_ws/install/turtlebot3_bringup:/home/takuto/turtlebot3_ws/install/turtlebot3_node:/home/takuto/turtlebot3_ws/install/turtlebot3_navigation2:/home/takuto/turtlebot3_ws/install/turtlebot3_gazebo:/home/takuto/turtlebot3_ws/install/turtlebot3_fake_node:/home/takuto/turtlebot3_ws/install/turtlebot3_description:/home/takuto/turtlebot3_ws/install/turtlebot3_cartographer:/home/takuto/scout_ws/src/install/cost_cul:/home/takuto/scout_ws/install/cost_cul:/home/takuto/scout_ws/install/cmd_vel_joy:/home/takuto/scout_ws/src/install/cmd_vel_joy:/home/takuto/turtlebot3_ws/install/turtlebot3_teleop:/home/takuto/turtlebot3_ws/install/turtlebot3_example:/home/takuto/turtlebot3_ws/install/cmd_vel_joy:/opt/ros/humble:/home/takuto/turtlebot3_ws/install/realsense_gazebo_plugin:/home/takuto/turtlebot3_ws/install/realsense2_description:/home/takuto/turtlebot3_ws/install/realsense2_camera:/home/takuto/turtlebot3_ws/install/realsense2_camera_msgs:/home/takuto/turtlebot3_ws/install/dynamixel_sdk_examples:/home/takuto/turtlebot3_ws/install/dynamixel_sdk_custom_interfaces:/home/takuto/turtlebot3_ws/install/dynamixel_sdk /usr/bin/cmake --build /home/takuto/scout_ws/build/scout_gazebo -- -j16 -l16
[8.946s] DEBUG:colcon.colcon_core.event_handler.log_command:Invoking command in '/home/takuto/scout_ws/build/scout_mini_control': CMAKE_PREFIX_PATH=/home/takuto/scout_ws/install/scout_mini_gazebo_sim:/home/takuto/scout_ws/src/install/scout_mini_gazebo_sim:/home/takuto/scout_ws/src/install/scout_mini_description:/home/takuto/scout_ws/src/install/scout_mini_control:/home/takuto/scout_ws/src/install/hesai_description:/home/takuto/scout_ws/install/scout_mini_control:/home/takuto/scout_ws/install/scout_mini_description:/home/takuto/scout_ws/install/scout_gazebo:/home/takuto/scout_ws/install/scout_description:/home/takuto/scout_ws/install/hesai_ros_driver:/home/takuto/scout_ws/install/hesai_description:/home/takuto/mecanumrover_ws/install/vs_rover_options_description:/home/takuto/mecanumrover_ws/install/mecanumrover_gazebo:/home/takuto/mecanumrover_ws/install/mecanumrover3:/home/takuto/mecanumrover_ws/install/mecanumrover_description:/home/takuto/mecanumrover_ws/install/mecanumrover3_bringup:/home/takuto/uros_ws/install/micro_ros_setup:/home/takuto/uros_ws/install/micro_ros_agent:/home/takuto/uros_ws/install/micro_ros_msgs:/home/takuto/scout_ws/src/install/scout_gazebo:/home/takuto/scout_ws/src/install/hesai_ros_driver:/home/takuto/turtlebot3_ws/install/turtlebot3:/home/takuto/turtlebot3_ws/install/turtlebot3_simulations:/home/takuto/turtlebot3_ws/install/turtlebot3_bringup:/home/takuto/turtlebot3_ws/install/turtlebot3_node:/home/takuto/turtlebot3_ws/install/turtlebot3_navigation2:/home/takuto/turtlebot3_ws/install/turtlebot3_gazebo:/home/takuto/turtlebot3_ws/install/turtlebot3_fake_node:/home/takuto/turtlebot3_ws/install/turtlebot3_description:/home/takuto/turtlebot3_ws/install/turtlebot3_cartographer:/home/takuto/scout_ws/src/install/cost_cul:/home/takuto/scout_ws/install/cost_cul:/home/takuto/scout_ws/install/cmd_vel_joy:/home/takuto/scout_ws/src/install/cmd_vel_joy:/home/takuto/turtlebot3_ws/install/turtlebot3_teleop:/home/takuto/turtlebot3_ws/install/turtlebot3_example:/home/takuto/turtlebot3_ws/install/cmd_vel_joy:/opt/ros/humble:/home/takuto/turtlebot3_ws/install/realsense_gazebo_plugin:/home/takuto/turtlebot3_ws/install/realsense2_description:/home/takuto/turtlebot3_ws/install/realsense2_camera:/home/takuto/turtlebot3_ws/install/realsense2_camera_msgs:/home/takuto/turtlebot3_ws/install/dynamixel_sdk_examples:/home/takuto/turtlebot3_ws/install/dynamixel_sdk_custom_interfaces:/home/takuto/turtlebot3_ws/install/dynamixel_sdk /usr/bin/cmake --build /home/takuto/scout_ws/build/scout_mini_control -- -j16 -l16
[8.947s] DEBUG:colcon.colcon_core.event_handler.log_command:Invoked command in '/home/takuto/scout_ws/build/scout_mini_description' returned '0': CMAKE_PREFIX_PATH=/home/takuto/scout_ws/install/scout_mini_gazebo_sim:/home/takuto/scout_ws/src/install/scout_mini_gazebo_sim:/home/takuto/scout_ws/src/install/scout_mini_description:/home/takuto/scout_ws/src/install/scout_mini_control:/home/takuto/scout_ws/src/install/hesai_description:/home/takuto/scout_ws/install/scout_mini_control:/home/takuto/scout_ws/install/scout_mini_description:/home/takuto/scout_ws/install/scout_gazebo:/home/takuto/scout_ws/install/scout_description:/home/takuto/scout_ws/install/hesai_ros_driver:/home/takuto/scout_ws/install/hesai_description:/home/takuto/mecanumrover_ws/install/vs_rover_options_description:/home/takuto/mecanumrover_ws/install/mecanumrover_gazebo:/home/takuto/mecanumrover_ws/install/mecanumrover3:/home/takuto/mecanumrover_ws/install/mecanumrover_description:/home/takuto/mecanumrover_ws/install/mecanumrover3_bringup:/home/takuto/uros_ws/install/micro_ros_setup:/home/takuto/uros_ws/install/micro_ros_agent:/home/takuto/uros_ws/install/micro_ros_msgs:/home/takuto/scout_ws/src/install/scout_gazebo:/home/takuto/scout_ws/src/install/hesai_ros_driver:/home/takuto/turtlebot3_ws/install/turtlebot3:/home/takuto/turtlebot3_ws/install/turtlebot3_simulations:/home/takuto/turtlebot3_ws/install/turtlebot3_bringup:/home/takuto/turtlebot3_ws/install/turtlebot3_node:/home/takuto/turtlebot3_ws/install/turtlebot3_navigation2:/home/takuto/turtlebot3_ws/install/turtlebot3_gazebo:/home/takuto/turtlebot3_ws/install/turtlebot3_fake_node:/home/takuto/turtlebot3_ws/install/turtlebot3_description:/home/takuto/turtlebot3_ws/install/turtlebot3_cartographer:/home/takuto/scout_ws/src/install/cost_cul:/home/takuto/scout_ws/install/cost_cul:/home/takuto/scout_ws/install/cmd_vel_joy:/home/takuto/scout_ws/src/install/cmd_vel_joy:/home/takuto/turtlebot3_ws/install/turtlebot3_teleop:/home/takuto/turtlebot3_ws/install/turtlebot3_example:/home/takuto/turtlebot3_ws/install/cmd_vel_joy:/opt/ros/humble:/home/takuto/turtlebot3_ws/install/realsense_gazebo_plugin:/home/takuto/turtlebot3_ws/install/realsense2_description:/home/takuto/turtlebot3_ws/install/realsense2_camera:/home/takuto/turtlebot3_ws/install/realsense2_camera_msgs:/home/takuto/turtlebot3_ws/install/dynamixel_sdk_examples:/home/takuto/turtlebot3_ws/install/dynamixel_sdk_custom_interfaces:/home/takuto/turtlebot3_ws/install/dynamixel_sdk /usr/bin/cmake --build /home/takuto/scout_ws/build/scout_mini_description -- -j16 -l16
[8.958s] DEBUG:colcon.colcon_core.event_handler.log_command:Invoking command in '/home/takuto/scout_ws/build/scout_mini_description': CMAKE_PREFIX_PATH=/home/takuto/scout_ws/install/scout_mini_gazebo_sim:/home/takuto/scout_ws/src/install/scout_mini_gazebo_sim:/home/takuto/scout_ws/src/install/scout_mini_description:/home/takuto/scout_ws/src/install/scout_mini_control:/home/takuto/scout_ws/src/install/hesai_description:/home/takuto/scout_ws/install/scout_mini_control:/home/takuto/scout_ws/install/scout_mini_description:/home/takuto/scout_ws/install/scout_gazebo:/home/takuto/scout_ws/install/scout_description:/home/takuto/scout_ws/install/hesai_ros_driver:/home/takuto/scout_ws/install/hesai_description:/home/takuto/mecanumrover_ws/install/vs_rover_options_description:/home/takuto/mecanumrover_ws/install/mecanumrover_gazebo:/home/takuto/mecanumrover_ws/install/mecanumrover3:/home/takuto/mecanumrover_ws/install/mecanumrover_description:/home/takuto/mecanumrover_ws/install/mecanumrover3_bringup:/home/takuto/uros_ws/install/micro_ros_setup:/home/takuto/uros_ws/install/micro_ros_agent:/home/takuto/uros_ws/install/micro_ros_msgs:/home/takuto/scout_ws/src/install/scout_gazebo:/home/takuto/scout_ws/src/install/hesai_ros_driver:/home/takuto/turtlebot3_ws/install/turtlebot3:/home/takuto/turtlebot3_ws/install/turtlebot3_simulations:/home/takuto/turtlebot3_ws/install/turtlebot3_bringup:/home/takuto/turtlebot3_ws/install/turtlebot3_node:/home/takuto/turtlebot3_ws/install/turtlebot3_navigation2:/home/takuto/turtlebot3_ws/install/turtlebot3_gazebo:/home/takuto/turtlebot3_ws/install/turtlebot3_fake_node:/home/takuto/turtlebot3_ws/install/turtlebot3_description:/home/takuto/turtlebot3_ws/install/turtlebot3_cartographer:/home/takuto/scout_ws/src/install/cost_cul:/home/takuto/scout_ws/install/cost_cul:/home/takuto/scout_ws/install/cmd_vel_joy:/home/takuto/scout_ws/src/install/cmd_vel_joy:/home/takuto/turtlebot3_ws/install/turtlebot3_teleop:/home/takuto/turtlebot3_ws/install/turtlebot3_example:/home/takuto/turtlebot3_ws/install/cmd_vel_joy:/opt/ros/humble:/home/takuto/turtlebot3_ws/install/realsense_gazebo_plugin:/home/takuto/turtlebot3_ws/install/realsense2_description:/home/takuto/turtlebot3_ws/install/realsense2_camera:/home/takuto/turtlebot3_ws/install/realsense2_camera_msgs:/home/takuto/turtlebot3_ws/install/dynamixel_sdk_examples:/home/takuto/turtlebot3_ws/install/dynamixel_sdk_custom_interfaces:/home/takuto/turtlebot3_ws/install/dynamixel_sdk /usr/bin/cmake --install /home/takuto/scout_ws/build/scout_mini_description
[8.987s] DEBUG:colcon.colcon_core.event_handler.log_command:Invoked command in '/home/takuto/scout_ws/build/hesai_description' returned '0': CMAKE_PREFIX_PATH=/home/takuto/scout_ws/install/scout_mini_gazebo_sim:/home/takuto/scout_ws/src/install/scout_mini_gazebo_sim:/home/takuto/scout_ws/src/install/scout_mini_description:/home/takuto/scout_ws/src/install/scout_mini_control:/home/takuto/scout_ws/src/install/hesai_description:/home/takuto/scout_ws/install/scout_mini_control:/home/takuto/scout_ws/install/scout_mini_description:/home/takuto/scout_ws/install/scout_gazebo:/home/takuto/scout_ws/install/scout_description:/home/takuto/scout_ws/install/hesai_ros_driver:/home/takuto/scout_ws/install/hesai_description:/home/takuto/mecanumrover_ws/install/vs_rover_options_description:/home/takuto/mecanumrover_ws/install/mecanumrover_gazebo:/home/takuto/mecanumrover_ws/install/mecanumrover3:/home/takuto/mecanumrover_ws/install/mecanumrover_description:/home/takuto/mecanumrover_ws/install/mecanumrover3_bringup:/home/takuto/uros_ws/install/micro_ros_setup:/home/takuto/uros_ws/install/micro_ros_agent:/home/takuto/uros_ws/install/micro_ros_msgs:/home/takuto/scout_ws/src/install/scout_gazebo:/home/takuto/scout_ws/src/install/hesai_ros_driver:/home/takuto/turtlebot3_ws/install/turtlebot3:/home/takuto/turtlebot3_ws/install/turtlebot3_simulations:/home/takuto/turtlebot3_ws/install/turtlebot3_bringup:/home/takuto/turtlebot3_ws/install/turtlebot3_node:/home/takuto/turtlebot3_ws/install/turtlebot3_navigation2:/home/takuto/turtlebot3_ws/install/turtlebot3_gazebo:/home/takuto/turtlebot3_ws/install/turtlebot3_fake_node:/home/takuto/turtlebot3_ws/install/turtlebot3_description:/home/takuto/turtlebot3_ws/install/turtlebot3_cartographer:/home/takuto/scout_ws/src/install/cost_cul:/home/takuto/scout_ws/install/cost_cul:/home/takuto/scout_ws/install/cmd_vel_joy:/home/takuto/scout_ws/src/install/cmd_vel_joy:/home/takuto/turtlebot3_ws/install/turtlebot3_teleop:/home/takuto/turtlebot3_ws/install/turtlebot3_example:/home/takuto/turtlebot3_ws/install/cmd_vel_joy:/opt/ros/humble:/home/takuto/turtlebot3_ws/install/realsense_gazebo_plugin:/home/takuto/turtlebot3_ws/install/realsense2_description:/home/takuto/turtlebot3_ws/install/realsense2_camera:/home/takuto/turtlebot3_ws/install/realsense2_camera_msgs:/home/takuto/turtlebot3_ws/install/dynamixel_sdk_examples:/home/takuto/turtlebot3_ws/install/dynamixel_sdk_custom_interfaces:/home/takuto/turtlebot3_ws/install/dynamixel_sdk /usr/bin/cmake --build /home/takuto/scout_ws/build/hesai_description -- -j16 -l16
[8.990s] DEBUG:colcon.colcon_core.event_handler.log_command:Invoking command in '/home/takuto/scout_ws/build/hesai_description': CMAKE_PREFIX_PATH=/home/takuto/scout_ws/install/scout_mini_gazebo_sim:/home/takuto/scout_ws/src/install/scout_mini_gazebo_sim:/home/takuto/scout_ws/src/install/scout_mini_description:/home/takuto/scout_ws/src/install/scout_mini_control:/home/takuto/scout_ws/src/install/hesai_description:/home/takuto/scout_ws/install/scout_mini_control:/home/takuto/scout_ws/install/scout_mini_description:/home/takuto/scout_ws/install/scout_gazebo:/home/takuto/scout_ws/install/scout_description:/home/takuto/scout_ws/install/hesai_ros_driver:/home/takuto/scout_ws/install/hesai_description:/home/takuto/mecanumrover_ws/install/vs_rover_options_description:/home/takuto/mecanumrover_ws/install/mecanumrover_gazebo:/home/takuto/mecanumrover_ws/install/mecanumrover3:/home/takuto/mecanumrover_ws/install/mecanumrover_description:/home/takuto/mecanumrover_ws/install/mecanumrover3_bringup:/home/takuto/uros_ws/install/micro_ros_setup:/home/takuto/uros_ws/install/micro_ros_agent:/home/takuto/uros_ws/install/micro_ros_msgs:/home/takuto/scout_ws/src/install/scout_gazebo:/home/takuto/scout_ws/src/install/hesai_ros_driver:/home/takuto/turtlebot3_ws/install/turtlebot3:/home/takuto/turtlebot3_ws/install/turtlebot3_simulations:/home/takuto/turtlebot3_ws/install/turtlebot3_bringup:/home/takuto/turtlebot3_ws/install/turtlebot3_node:/home/takuto/turtlebot3_ws/install/turtlebot3_navigation2:/home/takuto/turtlebot3_ws/install/turtlebot3_gazebo:/home/takuto/turtlebot3_ws/install/turtlebot3_fake_node:/home/takuto/turtlebot3_ws/install/turtlebot3_description:/home/takuto/turtlebot3_ws/install/turtlebot3_cartographer:/home/takuto/scout_ws/src/install/cost_cul:/home/takuto/scout_ws/install/cost_cul:/home/takuto/scout_ws/install/cmd_vel_joy:/home/takuto/scout_ws/src/install/cmd_vel_joy:/home/takuto/turtlebot3_ws/install/turtlebot3_teleop:/home/takuto/turtlebot3_ws/install/turtlebot3_example:/home/takuto/turtlebot3_ws/install/cmd_vel_joy:/opt/ros/humble:/home/takuto/turtlebot3_ws/install/realsense_gazebo_plugin:/home/takuto/turtlebot3_ws/install/realsense2_description:/home/takuto/turtlebot3_ws/install/realsense2_camera:/home/takuto/turtlebot3_ws/install/realsense2_camera_msgs:/home/takuto/turtlebot3_ws/install/dynamixel_sdk_examples:/home/takuto/turtlebot3_ws/install/dynamixel_sdk_custom_interfaces:/home/takuto/turtlebot3_ws/install/dynamixel_sdk /usr/bin/cmake --install /home/takuto/scout_ws/build/hesai_description
[8.995s] Level 1:colcon.colcon_core.environment:create_environment_scripts_only(scout_mini_description)
[8.996s] DEBUG:colcon.colcon_core.event_handler.log_command:Invoked command in '/home/takuto/scout_ws/build/scout_mini_description' returned '0': CMAKE_PREFIX_PATH=/home/takuto/scout_ws/install/scout_mini_gazebo_sim:/home/takuto/scout_ws/src/install/scout_mini_gazebo_sim:/home/takuto/scout_ws/src/install/scout_mini_description:/home/takuto/scout_ws/src/install/scout_mini_control:/home/takuto/scout_ws/src/install/hesai_description:/home/takuto/scout_ws/install/scout_mini_control:/home/takuto/scout_ws/install/scout_mini_description:/home/takuto/scout_ws/install/scout_gazebo:/home/takuto/scout_ws/install/scout_description:/home/takuto/scout_ws/install/hesai_ros_driver:/home/takuto/scout_ws/install/hesai_description:/home/takuto/mecanumrover_ws/install/vs_rover_options_description:/home/takuto/mecanumrover_ws/install/mecanumrover_gazebo:/home/takuto/mecanumrover_ws/install/mecanumrover3:/home/takuto/mecanumrover_ws/install/mecanumrover_description:/home/takuto/mecanumrover_ws/install/mecanumrover3_bringup:/home/takuto/uros_ws/install/micro_ros_setup:/home/takuto/uros_ws/install/micro_ros_agent:/home/takuto/uros_ws/install/micro_ros_msgs:/home/takuto/scout_ws/src/install/scout_gazebo:/home/takuto/scout_ws/src/install/hesai_ros_driver:/home/takuto/turtlebot3_ws/install/turtlebot3:/home/takuto/turtlebot3_ws/install/turtlebot3_simulations:/home/takuto/turtlebot3_ws/install/turtlebot3_bringup:/home/takuto/turtlebot3_ws/install/turtlebot3_node:/home/takuto/turtlebot3_ws/install/turtlebot3_navigation2:/home/takuto/turtlebot3_ws/install/turtlebot3_gazebo:/home/takuto/turtlebot3_ws/install/turtlebot3_fake_node:/home/takuto/turtlebot3_ws/install/turtlebot3_description:/home/takuto/turtlebot3_ws/install/turtlebot3_cartographer:/home/takuto/scout_ws/src/install/cost_cul:/home/takuto/scout_ws/install/cost_cul:/home/takuto/scout_ws/install/cmd_vel_joy:/home/takuto/scout_ws/src/install/cmd_vel_joy:/home/takuto/turtlebot3_ws/install/turtlebot3_teleop:/home/takuto/turtlebot3_ws/install/turtlebot3_example:/home/takuto/turtlebot3_ws/install/cmd_vel_joy:/opt/ros/humble:/home/takuto/turtlebot3_ws/install/realsense_gazebo_plugin:/home/takuto/turtlebot3_ws/install/realsense2_description:/home/takuto/turtlebot3_ws/install/realsense2_camera:/home/takuto/turtlebot3_ws/install/realsense2_camera_msgs:/home/takuto/turtlebot3_ws/install/dynamixel_sdk_examples:/home/takuto/turtlebot3_ws/install/dynamixel_sdk_custom_interfaces:/home/takuto/turtlebot3_ws/install/dynamixel_sdk /usr/bin/cmake --install /home/takuto/scout_ws/build/scout_mini_description
[9.000s] Level 1:colcon.colcon_core.environment:checking '/home/takuto/scout_ws/install/scout_mini_description' for CMake module files
[9.001s] Level 1:colcon.colcon_core.environment:checking '/home/takuto/scout_ws/install/scout_mini_description' for CMake config files
[9.002s] Level 1:colcon.colcon_core.shell:create_environment_hook('scout_mini_description', 'cmake_prefix_path')
[9.002s] INFO:colcon.colcon_core.shell:Creating environment hook '/home/takuto/scout_ws/install/scout_mini_description/share/scout_mini_description/hook/cmake_prefix_path.ps1'
[9.003s] INFO:colcon.colcon_core.shell:Creating environment descriptor '/home/takuto/scout_ws/install/scout_mini_description/share/scout_mini_description/hook/cmake_prefix_path.dsv'
[9.003s] INFO:colcon.colcon_core.shell:Creating environment hook '/home/takuto/scout_ws/install/scout_mini_description/share/scout_mini_description/hook/cmake_prefix_path.sh'
[9.005s] Level 1:colcon.colcon_core.environment:checking '/home/takuto/scout_ws/install/scout_mini_description/bin'
[9.005s] Level 1:colcon.colcon_core.environment:checking '/home/takuto/scout_ws/install/scout_mini_description/lib/pkgconfig/scout_mini_description.pc'
[9.005s] Level 1:colcon.colcon_core.environment:checking '/home/takuto/scout_ws/install/scout_mini_description/lib/python3.10/site-packages'
[9.006s] Level 1:colcon.colcon_core.environment:checking '/home/takuto/scout_ws/install/scout_mini_description/bin'
[9.006s] INFO:colcon.colcon_core.shell:Creating package script '/home/takuto/scout_ws/install/scout_mini_description/share/scout_mini_description/package.ps1'
[9.009s] INFO:colcon.colcon_core.shell:Creating package descriptor '/home/takuto/scout_ws/install/scout_mini_description/share/scout_mini_description/package.dsv'
[9.011s] INFO:colcon.colcon_core.shell:Creating package script '/home/takuto/scout_ws/install/scout_mini_description/share/scout_mini_description/package.sh'
[9.015s] INFO:colcon.colcon_core.shell:Creating package script '/home/takuto/scout_ws/install/scout_mini_description/share/scout_mini_description/package.bash'
[9.017s] INFO:colcon.colcon_core.shell:Creating package script '/home/takuto/scout_ws/install/scout_mini_description/share/scout_mini_description/package.zsh'
[9.018s] Level 1:colcon.colcon_core.environment:create_file_with_runtime_dependencies(/home/takuto/scout_ws/install/scout_mini_description/share/colcon-core/packages/scout_mini_description)
[9.019s] Level 1:colcon.colcon_core.environment:create_environment_scripts_only(scout_mini_description)
[9.020s] Level 1:colcon.colcon_core.environment:checking '/home/takuto/scout_ws/install/scout_mini_description' for CMake module files
[9.021s] Level 1:colcon.colcon_core.environment:checking '/home/takuto/scout_ws/install/scout_mini_description' for CMake config files
[9.021s] Level 1:colcon.colcon_core.shell:create_environment_hook('scout_mini_description', 'cmake_prefix_path')
[9.022s] INFO:colcon.colcon_core.shell:Creating environment hook '/home/takuto/scout_ws/install/scout_mini_description/share/scout_mini_description/hook/cmake_prefix_path.ps1'
[9.023s] INFO:colcon.colcon_core.shell:Creating environment descriptor '/home/takuto/scout_ws/install/scout_mini_description/share/scout_mini_description/hook/cmake_prefix_path.dsv'
[9.024s] INFO:colcon.colcon_core.shell:Creating environment hook '/home/takuto/scout_ws/install/scout_mini_description/share/scout_mini_description/hook/cmake_prefix_path.sh'
[9.025s] Level 1:colcon.colcon_core.environment:checking '/home/takuto/scout_ws/install/scout_mini_description/bin'
[9.025s] Level 1:colcon.colcon_core.environment:checking '/home/takuto/scout_ws/install/scout_mini_description/lib/pkgconfig/scout_mini_description.pc'
[9.025s] Level 1:colcon.colcon_core.environment:checking '/home/takuto/scout_ws/install/scout_mini_description/lib/python3.10/site-packages'
[9.026s] Level 1:colcon.colcon_core.environment:checking '/home/takuto/scout_ws/install/scout_mini_description/bin'
[9.026s] INFO:colcon.colcon_core.shell:Creating package script '/home/takuto/scout_ws/install/scout_mini_description/share/scout_mini_description/package.ps1'
[9.027s] INFO:colcon.colcon_core.shell:Creating package descriptor '/home/takuto/scout_ws/install/scout_mini_description/share/scout_mini_description/package.dsv'
[9.028s] INFO:colcon.colcon_core.shell:Creating package script '/home/takuto/scout_ws/install/scout_mini_description/share/scout_mini_description/package.sh'
[9.029s] INFO:colcon.colcon_core.shell:Creating package script '/home/takuto/scout_ws/install/scout_mini_description/share/scout_mini_description/package.bash'
[9.031s] INFO:colcon.colcon_core.shell:Creating package script '/home/takuto/scout_ws/install/scout_mini_description/share/scout_mini_description/package.zsh'
[9.032s] Level 1:colcon.colcon_core.environment:create_file_with_runtime_dependencies(/home/takuto/scout_ws/install/scout_mini_description/share/colcon-core/packages/scout_mini_description)
[9.033s] INFO:colcon.colcon_ros.task.ament_cmake.build:Building ROS package in '/home/takuto/scout_ws/src/scout_mini_gazebo_sim' with build type 'ament_cmake'
[9.033s] INFO:colcon.colcon_cmake.task.cmake.build:Building CMake package in '/home/takuto/scout_ws/src/scout_mini_gazebo_sim'
[9.033s] INFO:colcon.colcon_core.shell:Skip shell extension 'powershell' for command environment: Not usable outside of PowerShell
[9.034s] DEBUG:colcon.colcon_core.shell:Skip shell extension 'dsv' for command environment
[9.052s] DEBUG:colcon.colcon_core.event_handler.log_command:Invoked command in '/home/takuto/scout_ws/build/scout_gazebo' returned '0': CMAKE_PREFIX_PATH=/home/takuto/scout_ws/install/scout_mini_gazebo_sim:/home/takuto/scout_ws/src/install/scout_mini_gazebo_sim:/home/takuto/scout_ws/src/install/scout_mini_description:/home/takuto/scout_ws/src/install/scout_mini_control:/home/takuto/scout_ws/src/install/hesai_description:/home/takuto/scout_ws/install/scout_mini_control:/home/takuto/scout_ws/install/scout_mini_description:/home/takuto/scout_ws/install/scout_gazebo:/home/takuto/scout_ws/install/scout_description:/home/takuto/scout_ws/install/hesai_ros_driver:/home/takuto/scout_ws/install/hesai_description:/home/takuto/mecanumrover_ws/install/vs_rover_options_description:/home/takuto/mecanumrover_ws/install/mecanumrover_gazebo:/home/takuto/mecanumrover_ws/install/mecanumrover3:/home/takuto/mecanumrover_ws/install/mecanumrover_description:/home/takuto/mecanumrover_ws/install/mecanumrover3_bringup:/home/takuto/uros_ws/install/micro_ros_setup:/home/takuto/uros_ws/install/micro_ros_agent:/home/takuto/uros_ws/install/micro_ros_msgs:/home/takuto/scout_ws/src/install/scout_gazebo:/home/takuto/scout_ws/src/install/hesai_ros_driver:/home/takuto/turtlebot3_ws/install/turtlebot3:/home/takuto/turtlebot3_ws/install/turtlebot3_simulations:/home/takuto/turtlebot3_ws/install/turtlebot3_bringup:/home/takuto/turtlebot3_ws/install/turtlebot3_node:/home/takuto/turtlebot3_ws/install/turtlebot3_navigation2:/home/takuto/turtlebot3_ws/install/turtlebot3_gazebo:/home/takuto/turtlebot3_ws/install/turtlebot3_fake_node:/home/takuto/turtlebot3_ws/install/turtlebot3_description:/home/takuto/turtlebot3_ws/install/turtlebot3_cartographer:/home/takuto/scout_ws/src/install/cost_cul:/home/takuto/scout_ws/install/cost_cul:/home/takuto/scout_ws/install/cmd_vel_joy:/home/takuto/scout_ws/src/install/cmd_vel_joy:/home/takuto/turtlebot3_ws/install/turtlebot3_teleop:/home/takuto/turtlebot3_ws/install/turtlebot3_example:/home/takuto/turtlebot3_ws/install/cmd_vel_joy:/opt/ros/humble:/home/takuto/turtlebot3_ws/install/realsense_gazebo_plugin:/home/takuto/turtlebot3_ws/install/realsense2_description:/home/takuto/turtlebot3_ws/install/realsense2_camera:/home/takuto/turtlebot3_ws/install/realsense2_camera_msgs:/home/takuto/turtlebot3_ws/install/dynamixel_sdk_examples:/home/takuto/turtlebot3_ws/install/dynamixel_sdk_custom_interfaces:/home/takuto/turtlebot3_ws/install/dynamixel_sdk /usr/bin/cmake --build /home/takuto/scout_ws/build/scout_gazebo -- -j16 -l16
[9.055s] DEBUG:colcon.colcon_core.event_handler.log_command:Invoking command in '/home/takuto/scout_ws/build/scout_gazebo': CMAKE_PREFIX_PATH=/home/takuto/scout_ws/install/scout_mini_gazebo_sim:/home/takuto/scout_ws/src/install/scout_mini_gazebo_sim:/home/takuto/scout_ws/src/install/scout_mini_description:/home/takuto/scout_ws/src/install/scout_mini_control:/home/takuto/scout_ws/src/install/hesai_description:/home/takuto/scout_ws/install/scout_mini_control:/home/takuto/scout_ws/install/scout_mini_description:/home/takuto/scout_ws/install/scout_gazebo:/home/takuto/scout_ws/install/scout_description:/home/takuto/scout_ws/install/hesai_ros_driver:/home/takuto/scout_ws/install/hesai_description:/home/takuto/mecanumrover_ws/install/vs_rover_options_description:/home/takuto/mecanumrover_ws/install/mecanumrover_gazebo:/home/takuto/mecanumrover_ws/install/mecanumrover3:/home/takuto/mecanumrover_ws/install/mecanumrover_description:/home/takuto/mecanumrover_ws/install/mecanumrover3_bringup:/home/takuto/uros_ws/install/micro_ros_setup:/home/takuto/uros_ws/install/micro_ros_agent:/home/takuto/uros_ws/install/micro_ros_msgs:/home/takuto/scout_ws/src/install/scout_gazebo:/home/takuto/scout_ws/src/install/hesai_ros_driver:/home/takuto/turtlebot3_ws/install/turtlebot3:/home/takuto/turtlebot3_ws/install/turtlebot3_simulations:/home/takuto/turtlebot3_ws/install/turtlebot3_bringup:/home/takuto/turtlebot3_ws/install/turtlebot3_node:/home/takuto/turtlebot3_ws/install/turtlebot3_navigation2:/home/takuto/turtlebot3_ws/install/turtlebot3_gazebo:/home/takuto/turtlebot3_ws/install/turtlebot3_fake_node:/home/takuto/turtlebot3_ws/install/turtlebot3_description:/home/takuto/turtlebot3_ws/install/turtlebot3_cartographer:/home/takuto/scout_ws/src/install/cost_cul:/home/takuto/scout_ws/install/cost_cul:/home/takuto/scout_ws/install/cmd_vel_joy:/home/takuto/scout_ws/src/install/cmd_vel_joy:/home/takuto/turtlebot3_ws/install/turtlebot3_teleop:/home/takuto/turtlebot3_ws/install/turtlebot3_example:/home/takuto/turtlebot3_ws/install/cmd_vel_joy:/opt/ros/humble:/home/takuto/turtlebot3_ws/install/realsense_gazebo_plugin:/home/takuto/turtlebot3_ws/install/realsense2_description:/home/takuto/turtlebot3_ws/install/realsense2_camera:/home/takuto/turtlebot3_ws/install/realsense2_camera_msgs:/home/takuto/turtlebot3_ws/install/dynamixel_sdk_examples:/home/takuto/turtlebot3_ws/install/dynamixel_sdk_custom_interfaces:/home/takuto/turtlebot3_ws/install/dynamixel_sdk /usr/bin/cmake --install /home/takuto/scout_ws/build/scout_gazebo
[9.057s] DEBUG:colcon.colcon_core.event_handler.log_command:Invoked command in '/home/takuto/scout_ws/build/scout_mini_control' returned '0': CMAKE_PREFIX_PATH=/home/takuto/scout_ws/install/scout_mini_gazebo_sim:/home/takuto/scout_ws/src/install/scout_mini_gazebo_sim:/home/takuto/scout_ws/src/install/scout_mini_description:/home/takuto/scout_ws/src/install/scout_mini_control:/home/takuto/scout_ws/src/install/hesai_description:/home/takuto/scout_ws/install/scout_mini_control:/home/takuto/scout_ws/install/scout_mini_description:/home/takuto/scout_ws/install/scout_gazebo:/home/takuto/scout_ws/install/scout_description:/home/takuto/scout_ws/install/hesai_ros_driver:/home/takuto/scout_ws/install/hesai_description:/home/takuto/mecanumrover_ws/install/vs_rover_options_description:/home/takuto/mecanumrover_ws/install/mecanumrover_gazebo:/home/takuto/mecanumrover_ws/install/mecanumrover3:/home/takuto/mecanumrover_ws/install/mecanumrover_description:/home/takuto/mecanumrover_ws/install/mecanumrover3_bringup:/home/takuto/uros_ws/install/micro_ros_setup:/home/takuto/uros_ws/install/micro_ros_agent:/home/takuto/uros_ws/install/micro_ros_msgs:/home/takuto/scout_ws/src/install/scout_gazebo:/home/takuto/scout_ws/src/install/hesai_ros_driver:/home/takuto/turtlebot3_ws/install/turtlebot3:/home/takuto/turtlebot3_ws/install/turtlebot3_simulations:/home/takuto/turtlebot3_ws/install/turtlebot3_bringup:/home/takuto/turtlebot3_ws/install/turtlebot3_node:/home/takuto/turtlebot3_ws/install/turtlebot3_navigation2:/home/takuto/turtlebot3_ws/install/turtlebot3_gazebo:/home/takuto/turtlebot3_ws/install/turtlebot3_fake_node:/home/takuto/turtlebot3_ws/install/turtlebot3_description:/home/takuto/turtlebot3_ws/install/turtlebot3_cartographer:/home/takuto/scout_ws/src/install/cost_cul:/home/takuto/scout_ws/install/cost_cul:/home/takuto/scout_ws/install/cmd_vel_joy:/home/takuto/scout_ws/src/install/cmd_vel_joy:/home/takuto/turtlebot3_ws/install/turtlebot3_teleop:/home/takuto/turtlebot3_ws/install/turtlebot3_example:/home/takuto/turtlebot3_ws/install/cmd_vel_joy:/opt/ros/humble:/home/takuto/turtlebot3_ws/install/realsense_gazebo_plugin:/home/takuto/turtlebot3_ws/install/realsense2_description:/home/takuto/turtlebot3_ws/install/realsense2_camera:/home/takuto/turtlebot3_ws/install/realsense2_camera_msgs:/home/takuto/turtlebot3_ws/install/dynamixel_sdk_examples:/home/takuto/turtlebot3_ws/install/dynamixel_sdk_custom_interfaces:/home/takuto/turtlebot3_ws/install/dynamixel_sdk /usr/bin/cmake --build /home/takuto/scout_ws/build/scout_mini_control -- -j16 -l16
[9.060s] Level 1:colcon.colcon_core.environment:create_environment_scripts_only(hesai_description)
[9.061s] DEBUG:colcon.colcon_core.event_handler.log_command:Invoking command in '/home/takuto/scout_ws/build/scout_mini_control': CMAKE_PREFIX_PATH=/home/takuto/scout_ws/install/scout_mini_gazebo_sim:/home/takuto/scout_ws/src/install/scout_mini_gazebo_sim:/home/takuto/scout_ws/src/install/scout_mini_description:/home/takuto/scout_ws/src/install/scout_mini_control:/home/takuto/scout_ws/src/install/hesai_description:/home/takuto/scout_ws/install/scout_mini_control:/home/takuto/scout_ws/install/scout_mini_description:/home/takuto/scout_ws/install/scout_gazebo:/home/takuto/scout_ws/install/scout_description:/home/takuto/scout_ws/install/hesai_ros_driver:/home/takuto/scout_ws/install/hesai_description:/home/takuto/mecanumrover_ws/install/vs_rover_options_description:/home/takuto/mecanumrover_ws/install/mecanumrover_gazebo:/home/takuto/mecanumrover_ws/install/mecanumrover3:/home/takuto/mecanumrover_ws/install/mecanumrover_description:/home/takuto/mecanumrover_ws/install/mecanumrover3_bringup:/home/takuto/uros_ws/install/micro_ros_setup:/home/takuto/uros_ws/install/micro_ros_agent:/home/takuto/uros_ws/install/micro_ros_msgs:/home/takuto/scout_ws/src/install/scout_gazebo:/home/takuto/scout_ws/src/install/hesai_ros_driver:/home/takuto/turtlebot3_ws/install/turtlebot3:/home/takuto/turtlebot3_ws/install/turtlebot3_simulations:/home/takuto/turtlebot3_ws/install/turtlebot3_bringup:/home/takuto/turtlebot3_ws/install/turtlebot3_node:/home/takuto/turtlebot3_ws/install/turtlebot3_navigation2:/home/takuto/turtlebot3_ws/install/turtlebot3_gazebo:/home/takuto/turtlebot3_ws/install/turtlebot3_fake_node:/home/takuto/turtlebot3_ws/install/turtlebot3_description:/home/takuto/turtlebot3_ws/install/turtlebot3_cartographer:/home/takuto/scout_ws/src/install/cost_cul:/home/takuto/scout_ws/install/cost_cul:/home/takuto/scout_ws/install/cmd_vel_joy:/home/takuto/scout_ws/src/install/cmd_vel_joy:/home/takuto/turtlebot3_ws/install/turtlebot3_teleop:/home/takuto/turtlebot3_ws/install/turtlebot3_example:/home/takuto/turtlebot3_ws/install/cmd_vel_joy:/opt/ros/humble:/home/takuto/turtlebot3_ws/install/realsense_gazebo_plugin:/home/takuto/turtlebot3_ws/install/realsense2_description:/home/takuto/turtlebot3_ws/install/realsense2_camera:/home/takuto/turtlebot3_ws/install/realsense2_camera_msgs:/home/takuto/turtlebot3_ws/install/dynamixel_sdk_examples:/home/takuto/turtlebot3_ws/install/dynamixel_sdk_custom_interfaces:/home/takuto/turtlebot3_ws/install/dynamixel_sdk /usr/bin/cmake --install /home/takuto/scout_ws/build/scout_mini_control
[9.061s] Level 1:colcon.colcon_core.environment:checking '/home/takuto/scout_ws/install/hesai_description' for CMake module files
[9.063s] Level 1:colcon.colcon_core.environment:checking '/home/takuto/scout_ws/install/hesai_description' for CMake config files
[9.063s] DEBUG:colcon.colcon_core.event_handler.log_command:Invoked command in '/home/takuto/scout_ws/build/hesai_description' returned '0': CMAKE_PREFIX_PATH=/home/takuto/scout_ws/install/scout_mini_gazebo_sim:/home/takuto/scout_ws/src/install/scout_mini_gazebo_sim:/home/takuto/scout_ws/src/install/scout_mini_description:/home/takuto/scout_ws/src/install/scout_mini_control:/home/takuto/scout_ws/src/install/hesai_description:/home/takuto/scout_ws/install/scout_mini_control:/home/takuto/scout_ws/install/scout_mini_description:/home/takuto/scout_ws/install/scout_gazebo:/home/takuto/scout_ws/install/scout_description:/home/takuto/scout_ws/install/hesai_ros_driver:/home/takuto/scout_ws/install/hesai_description:/home/takuto/mecanumrover_ws/install/vs_rover_options_description:/home/takuto/mecanumrover_ws/install/mecanumrover_gazebo:/home/takuto/mecanumrover_ws/install/mecanumrover3:/home/takuto/mecanumrover_ws/install/mecanumrover_description:/home/takuto/mecanumrover_ws/install/mecanumrover3_bringup:/home/takuto/uros_ws/install/micro_ros_setup:/home/takuto/uros_ws/install/micro_ros_agent:/home/takuto/uros_ws/install/micro_ros_msgs:/home/takuto/scout_ws/src/install/scout_gazebo:/home/takuto/scout_ws/src/install/hesai_ros_driver:/home/takuto/turtlebot3_ws/install/turtlebot3:/home/takuto/turtlebot3_ws/install/turtlebot3_simulations:/home/takuto/turtlebot3_ws/install/turtlebot3_bringup:/home/takuto/turtlebot3_ws/install/turtlebot3_node:/home/takuto/turtlebot3_ws/install/turtlebot3_navigation2:/home/takuto/turtlebot3_ws/install/turtlebot3_gazebo:/home/takuto/turtlebot3_ws/install/turtlebot3_fake_node:/home/takuto/turtlebot3_ws/install/turtlebot3_description:/home/takuto/turtlebot3_ws/install/turtlebot3_cartographer:/home/takuto/scout_ws/src/install/cost_cul:/home/takuto/scout_ws/install/cost_cul:/home/takuto/scout_ws/install/cmd_vel_joy:/home/takuto/scout_ws/src/install/cmd_vel_joy:/home/takuto/turtlebot3_ws/install/turtlebot3_teleop:/home/takuto/turtlebot3_ws/install/turtlebot3_example:/home/takuto/turtlebot3_ws/install/cmd_vel_joy:/opt/ros/humble:/home/takuto/turtlebot3_ws/install/realsense_gazebo_plugin:/home/takuto/turtlebot3_ws/install/realsense2_description:/home/takuto/turtlebot3_ws/install/realsense2_camera:/home/takuto/turtlebot3_ws/install/realsense2_camera_msgs:/home/takuto/turtlebot3_ws/install/dynamixel_sdk_examples:/home/takuto/turtlebot3_ws/install/dynamixel_sdk_custom_interfaces:/home/takuto/turtlebot3_ws/install/dynamixel_sdk /usr/bin/cmake --install /home/takuto/scout_ws/build/hesai_description
[9.064s] Level 1:colcon.colcon_core.shell:create_environment_hook('hesai_description', 'cmake_prefix_path')
[9.064s] INFO:colcon.colcon_core.shell:Creating environment hook '/home/takuto/scout_ws/install/hesai_description/share/hesai_description/hook/cmake_prefix_path.ps1'
[9.065s] INFO:colcon.colcon_core.shell:Creating environment descriptor '/home/takuto/scout_ws/install/hesai_description/share/hesai_description/hook/cmake_prefix_path.dsv'
[9.066s] INFO:colcon.colcon_core.shell:Creating environment hook '/home/takuto/scout_ws/install/hesai_description/share/hesai_description/hook/cmake_prefix_path.sh'
[9.067s] Level 1:colcon.colcon_core.environment:checking '/home/takuto/scout_ws/install/hesai_description/bin'
[9.067s] Level 1:colcon.colcon_core.environment:checking '/home/takuto/scout_ws/install/hesai_description/lib/pkgconfig/hesai_description.pc'
[9.067s] Level 1:colcon.colcon_core.environment:checking '/home/takuto/scout_ws/install/hesai_description/lib/python3.10/site-packages'
[9.068s] Level 1:colcon.colcon_core.environment:checking '/home/takuto/scout_ws/install/hesai_description/bin'
[9.068s] INFO:colcon.colcon_core.shell:Creating package script '/home/takuto/scout_ws/install/hesai_description/share/hesai_description/package.ps1'
[9.069s] INFO:colcon.colcon_core.shell:Creating package descriptor '/home/takuto/scout_ws/install/hesai_description/share/hesai_description/package.dsv'
[9.070s] INFO:colcon.colcon_core.shell:Creating package script '/home/takuto/scout_ws/install/hesai_description/share/hesai_description/package.sh'
[9.071s] INFO:colcon.colcon_core.shell:Creating package script '/home/takuto/scout_ws/install/hesai_description/share/hesai_description/package.bash'
[9.071s] INFO:colcon.colcon_core.shell:Creating package script '/home/takuto/scout_ws/install/hesai_description/share/hesai_description/package.zsh'
[9.072s] Level 1:colcon.colcon_core.environment:create_file_with_runtime_dependencies(/home/takuto/scout_ws/install/hesai_description/share/colcon-core/packages/hesai_description)
[9.074s] Level 1:colcon.colcon_core.environment:create_environment_scripts_only(hesai_description)
[9.074s] Level 1:colcon.colcon_core.environment:checking '/home/takuto/scout_ws/install/hesai_description' for CMake module files
[9.075s] Level 1:colcon.colcon_core.environment:checking '/home/takuto/scout_ws/install/hesai_description' for CMake config files
[9.079s] Level 1:colcon.colcon_core.shell:create_environment_hook('hesai_description', 'cmake_prefix_path')
[9.080s] INFO:colcon.colcon_core.shell:Creating environment hook '/home/takuto/scout_ws/install/hesai_description/share/hesai_description/hook/cmake_prefix_path.ps1'
[9.083s] INFO:colcon.colcon_core.shell:Creating environment descriptor '/home/takuto/scout_ws/install/hesai_description/share/hesai_description/hook/cmake_prefix_path.dsv'
[9.084s] INFO:colcon.colcon_core.shell:Creating environment hook '/home/takuto/scout_ws/install/hesai_description/share/hesai_description/hook/cmake_prefix_path.sh'
[9.085s] Level 1:colcon.colcon_core.environment:checking '/home/takuto/scout_ws/install/hesai_description/bin'
[9.085s] Level 1:colcon.colcon_core.environment:checking '/home/takuto/scout_ws/install/hesai_description/lib/pkgconfig/hesai_description.pc'
[9.085s] Level 1:colcon.colcon_core.environment:checking '/home/takuto/scout_ws/install/hesai_description/lib/python3.10/site-packages'
[9.085s] Level 1:colcon.colcon_core.environment:checking '/home/takuto/scout_ws/install/hesai_description/bin'
[9.086s] INFO:colcon.colcon_core.shell:Creating package script '/home/takuto/scout_ws/install/hesai_description/share/hesai_description/package.ps1'
[9.087s] INFO:colcon.colcon_core.shell:Creating package descriptor '/home/takuto/scout_ws/install/hesai_description/share/hesai_description/package.dsv'
[9.088s] INFO:colcon.colcon_core.shell:Creating package script '/home/takuto/scout_ws/install/hesai_description/share/hesai_description/package.sh'
[9.089s] INFO:colcon.colcon_core.shell:Creating package script '/home/takuto/scout_ws/install/hesai_description/share/hesai_description/package.bash'
[9.091s] INFO:colcon.colcon_core.shell:Creating package script '/home/takuto/scout_ws/install/hesai_description/share/hesai_description/package.zsh'
[9.092s] Level 1:colcon.colcon_core.environment:create_file_with_runtime_dependencies(/home/takuto/scout_ws/install/hesai_description/share/colcon-core/packages/hesai_description)
[9.102s] Level 1:colcon.colcon_core.environment:create_environment_scripts_only(scout_mini_control)
[9.103s] Level 1:colcon.colcon_core.environment:checking '/home/takuto/scout_ws/install/scout_mini_control' for CMake module files
[9.105s] Level 1:colcon.colcon_core.environment:checking '/home/takuto/scout_ws/install/scout_mini_control' for CMake config files
[9.105s] DEBUG:colcon.colcon_core.event_handler.log_command:Invoking command in '/home/takuto/scout_ws/build/scout_mini_gazebo_sim': CMAKE_PREFIX_PATH=/home/takuto/scout_ws/install/scout_mini_description:/home/takuto/scout_ws/install/scout_mini_gazebo_sim:/home/takuto/scout_ws/src/install/scout_mini_gazebo_sim:/home/takuto/scout_ws/src/install/scout_mini_description:/home/takuto/scout_ws/src/install/scout_mini_control:/home/takuto/scout_ws/src/install/hesai_description:/home/takuto/scout_ws/install/scout_mini_control:/home/takuto/scout_ws/install/scout_gazebo:/home/takuto/scout_ws/install/scout_description:/home/takuto/scout_ws/install/hesai_ros_driver:/home/takuto/scout_ws/install/hesai_description:/home/takuto/mecanumrover_ws/install/vs_rover_options_description:/home/takuto/mecanumrover_ws/install/mecanumrover_gazebo:/home/takuto/mecanumrover_ws/install/mecanumrover3:/home/takuto/mecanumrover_ws/install/mecanumrover_description:/home/takuto/mecanumrover_ws/install/mecanumrover3_bringup:/home/takuto/uros_ws/install/micro_ros_setup:/home/takuto/uros_ws/install/micro_ros_agent:/home/takuto/uros_ws/install/micro_ros_msgs:/home/takuto/scout_ws/src/install/scout_gazebo:/home/takuto/scout_ws/src/install/hesai_ros_driver:/home/takuto/turtlebot3_ws/install/turtlebot3:/home/takuto/turtlebot3_ws/install/turtlebot3_simulations:/home/takuto/turtlebot3_ws/install/turtlebot3_bringup:/home/takuto/turtlebot3_ws/install/turtlebot3_node:/home/takuto/turtlebot3_ws/install/turtlebot3_navigation2:/home/takuto/turtlebot3_ws/install/turtlebot3_gazebo:/home/takuto/turtlebot3_ws/install/turtlebot3_fake_node:/home/takuto/turtlebot3_ws/install/turtlebot3_description:/home/takuto/turtlebot3_ws/install/turtlebot3_cartographer:/home/takuto/scout_ws/src/install/cost_cul:/home/takuto/scout_ws/install/cost_cul:/home/takuto/scout_ws/install/cmd_vel_joy:/home/takuto/scout_ws/src/install/cmd_vel_joy:/home/takuto/turtlebot3_ws/install/turtlebot3_teleop:/home/takuto/turtlebot3_ws/install/turtlebot3_example:/home/takuto/turtlebot3_ws/install/cmd_vel_joy:/opt/ros/humble:/home/takuto/turtlebot3_ws/install/realsense_gazebo_plugin:/home/takuto/turtlebot3_ws/install/realsense2_description:/home/takuto/turtlebot3_ws/install/realsense2_camera:/home/takuto/turtlebot3_ws/install/realsense2_camera_msgs:/home/takuto/turtlebot3_ws/install/dynamixel_sdk_examples:/home/takuto/turtlebot3_ws/install/dynamixel_sdk_custom_interfaces:/home/takuto/turtlebot3_ws/install/dynamixel_sdk /usr/bin/cmake --build /home/takuto/scout_ws/build/scout_mini_gazebo_sim -- -j16 -l16
[9.106s] DEBUG:colcon.colcon_core.event_handler.log_command:Invoked command in '/home/takuto/scout_ws/build/scout_mini_control' returned '0': CMAKE_PREFIX_PATH=/home/takuto/scout_ws/install/scout_mini_gazebo_sim:/home/takuto/scout_ws/src/install/scout_mini_gazebo_sim:/home/takuto/scout_ws/src/install/scout_mini_description:/home/takuto/scout_ws/src/install/scout_mini_control:/home/takuto/scout_ws/src/install/hesai_description:/home/takuto/scout_ws/install/scout_mini_control:/home/takuto/scout_ws/install/scout_mini_description:/home/takuto/scout_ws/install/scout_gazebo:/home/takuto/scout_ws/install/scout_description:/home/takuto/scout_ws/install/hesai_ros_driver:/home/takuto/scout_ws/install/hesai_description:/home/takuto/mecanumrover_ws/install/vs_rover_options_description:/home/takuto/mecanumrover_ws/install/mecanumrover_gazebo:/home/takuto/mecanumrover_ws/install/mecanumrover3:/home/takuto/mecanumrover_ws/install/mecanumrover_description:/home/takuto/mecanumrover_ws/install/mecanumrover3_bringup:/home/takuto/uros_ws/install/micro_ros_setup:/home/takuto/uros_ws/install/micro_ros_agent:/home/takuto/uros_ws/install/micro_ros_msgs:/home/takuto/scout_ws/src/install/scout_gazebo:/home/takuto/scout_ws/src/install/hesai_ros_driver:/home/takuto/turtlebot3_ws/install/turtlebot3:/home/takuto/turtlebot3_ws/install/turtlebot3_simulations:/home/takuto/turtlebot3_ws/install/turtlebot3_bringup:/home/takuto/turtlebot3_ws/install/turtlebot3_node:/home/takuto/turtlebot3_ws/install/turtlebot3_navigation2:/home/takuto/turtlebot3_ws/install/turtlebot3_gazebo:/home/takuto/turtlebot3_ws/install/turtlebot3_fake_node:/home/takuto/turtlebot3_ws/install/turtlebot3_description:/home/takuto/turtlebot3_ws/install/turtlebot3_cartographer:/home/takuto/scout_ws/src/install/cost_cul:/home/takuto/scout_ws/install/cost_cul:/home/takuto/scout_ws/install/cmd_vel_joy:/home/takuto/scout_ws/src/install/cmd_vel_joy:/home/takuto/turtlebot3_ws/install/turtlebot3_teleop:/home/takuto/turtlebot3_ws/install/turtlebot3_example:/home/takuto/turtlebot3_ws/install/cmd_vel_joy:/opt/ros/humble:/home/takuto/turtlebot3_ws/install/realsense_gazebo_plugin:/home/takuto/turtlebot3_ws/install/realsense2_description:/home/takuto/turtlebot3_ws/install/realsense2_camera:/home/takuto/turtlebot3_ws/install/realsense2_camera_msgs:/home/takuto/turtlebot3_ws/install/dynamixel_sdk_examples:/home/takuto/turtlebot3_ws/install/dynamixel_sdk_custom_interfaces:/home/takuto/turtlebot3_ws/install/dynamixel_sdk /usr/bin/cmake --install /home/takuto/scout_ws/build/scout_mini_control
[9.107s] Level 1:colcon.colcon_core.shell:create_environment_hook('scout_mini_control', 'cmake_prefix_path')
[9.108s] INFO:colcon.colcon_core.shell:Creating environment hook '/home/takuto/scout_ws/install/scout_mini_control/share/scout_mini_control/hook/cmake_prefix_path.ps1'
[9.109s] INFO:colcon.colcon_core.shell:Creating environment descriptor '/home/takuto/scout_ws/install/scout_mini_control/share/scout_mini_control/hook/cmake_prefix_path.dsv'
[9.110s] INFO:colcon.colcon_core.shell:Creating environment hook '/home/takuto/scout_ws/install/scout_mini_control/share/scout_mini_control/hook/cmake_prefix_path.sh'
[9.111s] Level 1:colcon.colcon_core.environment:checking '/home/takuto/scout_ws/install/scout_mini_control/bin'
[9.111s] Level 1:colcon.colcon_core.environment:checking '/home/takuto/scout_ws/install/scout_mini_control/lib/pkgconfig/scout_mini_control.pc'
[9.112s] Level 1:colcon.colcon_core.environment:checking '/home/takuto/scout_ws/install/scout_mini_control/lib/python3.10/site-packages'
[9.112s] Level 1:colcon.colcon_core.environment:checking '/home/takuto/scout_ws/install/scout_mini_control/bin'
[9.113s] INFO:colcon.colcon_core.shell:Creating package script '/home/takuto/scout_ws/install/scout_mini_control/share/scout_mini_control/package.ps1'
[9.113s] INFO:colcon.colcon_core.shell:Creating package descriptor '/home/takuto/scout_ws/install/scout_mini_control/share/scout_mini_control/package.dsv'
[9.114s] INFO:colcon.colcon_core.shell:Creating package script '/home/takuto/scout_ws/install/scout_mini_control/share/scout_mini_control/package.sh'
[9.115s] INFO:colcon.colcon_core.shell:Creating package script '/home/takuto/scout_ws/install/scout_mini_control/share/scout_mini_control/package.bash'
[9.116s] INFO:colcon.colcon_core.shell:Creating package script '/home/takuto/scout_ws/install/scout_mini_control/share/scout_mini_control/package.zsh'
[9.116s] Level 1:colcon.colcon_core.environment:create_file_with_runtime_dependencies(/home/takuto/scout_ws/install/scout_mini_control/share/colcon-core/packages/scout_mini_control)
[9.118s] Level 1:colcon.colcon_core.environment:create_environment_scripts_only(scout_mini_control)
[9.118s] Level 1:colcon.colcon_core.environment:checking '/home/takuto/scout_ws/install/scout_mini_control' for CMake module files
[9.119s] Level 1:colcon.colcon_core.environment:checking '/home/takuto/scout_ws/install/scout_mini_control' for CMake config files
[9.119s] Level 1:colcon.colcon_core.shell:create_environment_hook('scout_mini_control', 'cmake_prefix_path')
[9.120s] INFO:colcon.colcon_core.shell:Creating environment hook '/home/takuto/scout_ws/install/scout_mini_control/share/scout_mini_control/hook/cmake_prefix_path.ps1'
[9.121s] INFO:colcon.colcon_core.shell:Creating environment descriptor '/home/takuto/scout_ws/install/scout_mini_control/share/scout_mini_control/hook/cmake_prefix_path.dsv'
[9.121s] INFO:colcon.colcon_core.shell:Creating environment hook '/home/takuto/scout_ws/install/scout_mini_control/share/scout_mini_control/hook/cmake_prefix_path.sh'
[9.122s] Level 1:colcon.colcon_core.environment:checking '/home/takuto/scout_ws/install/scout_mini_control/bin'
[9.122s] Level 1:colcon.colcon_core.environment:checking '/home/takuto/scout_ws/install/scout_mini_control/lib/pkgconfig/scout_mini_control.pc'
[9.123s] Level 1:colcon.colcon_core.environment:checking '/home/takuto/scout_ws/install/scout_mini_control/lib/python3.10/site-packages'
[9.123s] Level 1:colcon.colcon_core.environment:checking '/home/takuto/scout_ws/install/scout_mini_control/bin'
[9.123s] INFO:colcon.colcon_core.shell:Creating package script '/home/takuto/scout_ws/install/scout_mini_control/share/scout_mini_control/package.ps1'
[9.124s] INFO:colcon.colcon_core.shell:Creating package descriptor '/home/takuto/scout_ws/install/scout_mini_control/share/scout_mini_control/package.dsv'
[9.125s] INFO:colcon.colcon_core.shell:Creating package script '/home/takuto/scout_ws/install/scout_mini_control/share/scout_mini_control/package.sh'
[9.126s] INFO:colcon.colcon_core.shell:Creating package script '/home/takuto/scout_ws/install/scout_mini_control/share/scout_mini_control/package.bash'
[9.127s] INFO:colcon.colcon_core.shell:Creating package script '/home/takuto/scout_ws/install/scout_mini_control/share/scout_mini_control/package.zsh'
[9.127s] Level 1:colcon.colcon_core.environment:create_file_with_runtime_dependencies(/home/takuto/scout_ws/install/scout_mini_control/share/colcon-core/packages/scout_mini_control)
[9.129s] Level 1:colcon.colcon_core.environment:create_environment_scripts_only(scout_gazebo)
[9.129s] Level 1:colcon.colcon_core.environment:checking '/home/takuto/scout_ws/install/scout_gazebo' for CMake module files
[9.131s] DEBUG:colcon.colcon_core.event_handler.log_command:Invoked command in '/home/takuto/scout_ws/build/scout_gazebo' returned '0': CMAKE_PREFIX_PATH=/home/takuto/scout_ws/install/scout_mini_gazebo_sim:/home/takuto/scout_ws/src/install/scout_mini_gazebo_sim:/home/takuto/scout_ws/src/install/scout_mini_description:/home/takuto/scout_ws/src/install/scout_mini_control:/home/takuto/scout_ws/src/install/hesai_description:/home/takuto/scout_ws/install/scout_mini_control:/home/takuto/scout_ws/install/scout_mini_description:/home/takuto/scout_ws/install/scout_gazebo:/home/takuto/scout_ws/install/scout_description:/home/takuto/scout_ws/install/hesai_ros_driver:/home/takuto/scout_ws/install/hesai_description:/home/takuto/mecanumrover_ws/install/vs_rover_options_description:/home/takuto/mecanumrover_ws/install/mecanumrover_gazebo:/home/takuto/mecanumrover_ws/install/mecanumrover3:/home/takuto/mecanumrover_ws/install/mecanumrover_description:/home/takuto/mecanumrover_ws/install/mecanumrover3_bringup:/home/takuto/uros_ws/install/micro_ros_setup:/home/takuto/uros_ws/install/micro_ros_agent:/home/takuto/uros_ws/install/micro_ros_msgs:/home/takuto/scout_ws/src/install/scout_gazebo:/home/takuto/scout_ws/src/install/hesai_ros_driver:/home/takuto/turtlebot3_ws/install/turtlebot3:/home/takuto/turtlebot3_ws/install/turtlebot3_simulations:/home/takuto/turtlebot3_ws/install/turtlebot3_bringup:/home/takuto/turtlebot3_ws/install/turtlebot3_node:/home/takuto/turtlebot3_ws/install/turtlebot3_navigation2:/home/takuto/turtlebot3_ws/install/turtlebot3_gazebo:/home/takuto/turtlebot3_ws/install/turtlebot3_fake_node:/home/takuto/turtlebot3_ws/install/turtlebot3_description:/home/takuto/turtlebot3_ws/install/turtlebot3_cartographer:/home/takuto/scout_ws/src/install/cost_cul:/home/takuto/scout_ws/install/cost_cul:/home/takuto/scout_ws/install/cmd_vel_joy:/home/takuto/scout_ws/src/install/cmd_vel_joy:/home/takuto/turtlebot3_ws/install/turtlebot3_teleop:/home/takuto/turtlebot3_ws/install/turtlebot3_example:/home/takuto/turtlebot3_ws/install/cmd_vel_joy:/opt/ros/humble:/home/takuto/turtlebot3_ws/install/realsense_gazebo_plugin:/home/takuto/turtlebot3_ws/install/realsense2_description:/home/takuto/turtlebot3_ws/install/realsense2_camera:/home/takuto/turtlebot3_ws/install/realsense2_camera_msgs:/home/takuto/turtlebot3_ws/install/dynamixel_sdk_examples:/home/takuto/turtlebot3_ws/install/dynamixel_sdk_custom_interfaces:/home/takuto/turtlebot3_ws/install/dynamixel_sdk /usr/bin/cmake --install /home/takuto/scout_ws/build/scout_gazebo
[9.131s] Level 1:colcon.colcon_core.environment:checking '/home/takuto/scout_ws/install/scout_gazebo' for CMake config files
[9.132s] Level 1:colcon.colcon_core.shell:create_environment_hook('scout_gazebo', 'cmake_prefix_path')
[9.132s] INFO:colcon.colcon_core.shell:Creating environment hook '/home/takuto/scout_ws/install/scout_gazebo/share/scout_gazebo/hook/cmake_prefix_path.ps1'
[9.133s] INFO:colcon.colcon_core.shell:Creating environment descriptor '/home/takuto/scout_ws/install/scout_gazebo/share/scout_gazebo/hook/cmake_prefix_path.dsv'
[9.134s] INFO:colcon.colcon_core.shell:Creating environment hook '/home/takuto/scout_ws/install/scout_gazebo/share/scout_gazebo/hook/cmake_prefix_path.sh'
[9.136s] Level 1:colcon.colcon_core.environment:checking '/home/takuto/scout_ws/install/scout_gazebo/bin'
[9.136s] Level 1:colcon.colcon_core.environment:checking '/home/takuto/scout_ws/install/scout_gazebo/lib/pkgconfig/scout_gazebo.pc'
[9.136s] Level 1:colcon.colcon_core.environment:checking '/home/takuto/scout_ws/install/scout_gazebo/lib/python3.10/site-packages'
[9.137s] Level 1:colcon.colcon_core.environment:checking '/home/takuto/scout_ws/install/scout_gazebo/bin'
[9.137s] INFO:colcon.colcon_core.shell:Creating package script '/home/takuto/scout_ws/install/scout_gazebo/share/scout_gazebo/package.ps1'
[9.138s] INFO:colcon.colcon_core.shell:Creating package descriptor '/home/takuto/scout_ws/install/scout_gazebo/share/scout_gazebo/package.dsv'
[9.139s] INFO:colcon.colcon_core.shell:Creating package script '/home/takuto/scout_ws/install/scout_gazebo/share/scout_gazebo/package.sh'
[9.139s] INFO:colcon.colcon_core.shell:Creating package script '/home/takuto/scout_ws/install/scout_gazebo/share/scout_gazebo/package.bash'
[9.140s] INFO:colcon.colcon_core.shell:Creating package script '/home/takuto/scout_ws/install/scout_gazebo/share/scout_gazebo/package.zsh'
[9.141s] Level 1:colcon.colcon_core.environment:create_file_with_runtime_dependencies(/home/takuto/scout_ws/install/scout_gazebo/share/colcon-core/packages/scout_gazebo)
[9.141s] Level 1:colcon.colcon_core.environment:create_environment_scripts_only(scout_gazebo)
[9.142s] Level 1:colcon.colcon_core.environment:checking '/home/takuto/scout_ws/install/scout_gazebo' for CMake module files
[9.143s] Level 1:colcon.colcon_core.environment:checking '/home/takuto/scout_ws/install/scout_gazebo' for CMake config files
[9.143s] Level 1:colcon.colcon_core.shell:create_environment_hook('scout_gazebo', 'cmake_prefix_path')
[9.144s] INFO:colcon.colcon_core.shell:Creating environment hook '/home/takuto/scout_ws/install/scout_gazebo/share/scout_gazebo/hook/cmake_prefix_path.ps1'
[9.145s] INFO:colcon.colcon_core.shell:Creating environment descriptor '/home/takuto/scout_ws/install/scout_gazebo/share/scout_gazebo/hook/cmake_prefix_path.dsv'
[9.145s] INFO:colcon.colcon_core.shell:Creating environment hook '/home/takuto/scout_ws/install/scout_gazebo/share/scout_gazebo/hook/cmake_prefix_path.sh'
[9.147s] Level 1:colcon.colcon_core.environment:checking '/home/takuto/scout_ws/install/scout_gazebo/bin'
[9.147s] Level 1:colcon.colcon_core.environment:checking '/home/takuto/scout_ws/install/scout_gazebo/lib/pkgconfig/scout_gazebo.pc'
[9.147s] Level 1:colcon.colcon_core.environment:checking '/home/takuto/scout_ws/install/scout_gazebo/lib/python3.10/site-packages'
[9.147s] Level 1:colcon.colcon_core.environment:checking '/home/takuto/scout_ws/install/scout_gazebo/bin'
[9.148s] INFO:colcon.colcon_core.shell:Creating package script '/home/takuto/scout_ws/install/scout_gazebo/share/scout_gazebo/package.ps1'
[9.148s] INFO:colcon.colcon_core.shell:Creating package descriptor '/home/takuto/scout_ws/install/scout_gazebo/share/scout_gazebo/package.dsv'
[9.149s] INFO:colcon.colcon_core.shell:Creating package script '/home/takuto/scout_ws/install/scout_gazebo/share/scout_gazebo/package.sh'
[9.150s] INFO:colcon.colcon_core.shell:Creating package script '/home/takuto/scout_ws/install/scout_gazebo/share/scout_gazebo/package.bash'
[9.150s] INFO:colcon.colcon_core.shell:Creating package script '/home/takuto/scout_ws/install/scout_gazebo/share/scout_gazebo/package.zsh'
[9.151s] Level 1:colcon.colcon_core.environment:create_file_with_runtime_dependencies(/home/takuto/scout_ws/install/scout_gazebo/share/colcon-core/packages/scout_gazebo)
[9.175s] DEBUG:colcon.colcon_core.event_handler.log_command:Invoked command in '/home/takuto/scout_ws/build/scout_mini_gazebo_sim' returned '0': CMAKE_PREFIX_PATH=/home/takuto/scout_ws/install/scout_mini_description:/home/takuto/scout_ws/install/scout_mini_gazebo_sim:/home/takuto/scout_ws/src/install/scout_mini_gazebo_sim:/home/takuto/scout_ws/src/install/scout_mini_description:/home/takuto/scout_ws/src/install/scout_mini_control:/home/takuto/scout_ws/src/install/hesai_description:/home/takuto/scout_ws/install/scout_mini_control:/home/takuto/scout_ws/install/scout_gazebo:/home/takuto/scout_ws/install/scout_description:/home/takuto/scout_ws/install/hesai_ros_driver:/home/takuto/scout_ws/install/hesai_description:/home/takuto/mecanumrover_ws/install/vs_rover_options_description:/home/takuto/mecanumrover_ws/install/mecanumrover_gazebo:/home/takuto/mecanumrover_ws/install/mecanumrover3:/home/takuto/mecanumrover_ws/install/mecanumrover_description:/home/takuto/mecanumrover_ws/install/mecanumrover3_bringup:/home/takuto/uros_ws/install/micro_ros_setup:/home/takuto/uros_ws/install/micro_ros_agent:/home/takuto/uros_ws/install/micro_ros_msgs:/home/takuto/scout_ws/src/install/scout_gazebo:/home/takuto/scout_ws/src/install/hesai_ros_driver:/home/takuto/turtlebot3_ws/install/turtlebot3:/home/takuto/turtlebot3_ws/install/turtlebot3_simulations:/home/takuto/turtlebot3_ws/install/turtlebot3_bringup:/home/takuto/turtlebot3_ws/install/turtlebot3_node:/home/takuto/turtlebot3_ws/install/turtlebot3_navigation2:/home/takuto/turtlebot3_ws/install/turtlebot3_gazebo:/home/takuto/turtlebot3_ws/install/turtlebot3_fake_node:/home/takuto/turtlebot3_ws/install/turtlebot3_description:/home/takuto/turtlebot3_ws/install/turtlebot3_cartographer:/home/takuto/scout_ws/src/install/cost_cul:/home/takuto/scout_ws/install/cost_cul:/home/takuto/scout_ws/install/cmd_vel_joy:/home/takuto/scout_ws/src/install/cmd_vel_joy:/home/takuto/turtlebot3_ws/install/turtlebot3_teleop:/home/takuto/turtlebot3_ws/install/turtlebot3_example:/home/takuto/turtlebot3_ws/install/cmd_vel_joy:/opt/ros/humble:/home/takuto/turtlebot3_ws/install/realsense_gazebo_plugin:/home/takuto/turtlebot3_ws/install/realsense2_description:/home/takuto/turtlebot3_ws/install/realsense2_camera:/home/takuto/turtlebot3_ws/install/realsense2_camera_msgs:/home/takuto/turtlebot3_ws/install/dynamixel_sdk_examples:/home/takuto/turtlebot3_ws/install/dynamixel_sdk_custom_interfaces:/home/takuto/turtlebot3_ws/install/dynamixel_sdk /usr/bin/cmake --build /home/takuto/scout_ws/build/scout_mini_gazebo_sim -- -j16 -l16
[9.178s] DEBUG:colcon.colcon_core.event_handler.log_command:Invoking command in '/home/takuto/scout_ws/build/scout_mini_gazebo_sim': CMAKE_PREFIX_PATH=/home/takuto/scout_ws/install/scout_mini_description:/home/takuto/scout_ws/install/scout_mini_gazebo_sim:/home/takuto/scout_ws/src/install/scout_mini_gazebo_sim:/home/takuto/scout_ws/src/install/scout_mini_description:/home/takuto/scout_ws/src/install/scout_mini_control:/home/takuto/scout_ws/src/install/hesai_description:/home/takuto/scout_ws/install/scout_mini_control:/home/takuto/scout_ws/install/scout_gazebo:/home/takuto/scout_ws/install/scout_description:/home/takuto/scout_ws/install/hesai_ros_driver:/home/takuto/scout_ws/install/hesai_description:/home/takuto/mecanumrover_ws/install/vs_rover_options_description:/home/takuto/mecanumrover_ws/install/mecanumrover_gazebo:/home/takuto/mecanumrover_ws/install/mecanumrover3:/home/takuto/mecanumrover_ws/install/mecanumrover_description:/home/takuto/mecanumrover_ws/install/mecanumrover3_bringup:/home/takuto/uros_ws/install/micro_ros_setup:/home/takuto/uros_ws/install/micro_ros_agent:/home/takuto/uros_ws/install/micro_ros_msgs:/home/takuto/scout_ws/src/install/scout_gazebo:/home/takuto/scout_ws/src/install/hesai_ros_driver:/home/takuto/turtlebot3_ws/install/turtlebot3:/home/takuto/turtlebot3_ws/install/turtlebot3_simulations:/home/takuto/turtlebot3_ws/install/turtlebot3_bringup:/home/takuto/turtlebot3_ws/install/turtlebot3_node:/home/takuto/turtlebot3_ws/install/turtlebot3_navigation2:/home/takuto/turtlebot3_ws/install/turtlebot3_gazebo:/home/takuto/turtlebot3_ws/install/turtlebot3_fake_node:/home/takuto/turtlebot3_ws/install/turtlebot3_description:/home/takuto/turtlebot3_ws/install/turtlebot3_cartographer:/home/takuto/scout_ws/src/install/cost_cul:/home/takuto/scout_ws/install/cost_cul:/home/takuto/scout_ws/install/cmd_vel_joy:/home/takuto/scout_ws/src/install/cmd_vel_joy:/home/takuto/turtlebot3_ws/install/turtlebot3_teleop:/home/takuto/turtlebot3_ws/install/turtlebot3_example:/home/takuto/turtlebot3_ws/install/cmd_vel_joy:/opt/ros/humble:/home/takuto/turtlebot3_ws/install/realsense_gazebo_plugin:/home/takuto/turtlebot3_ws/install/realsense2_description:/home/takuto/turtlebot3_ws/install/realsense2_camera:/home/takuto/turtlebot3_ws/install/realsense2_camera_msgs:/home/takuto/turtlebot3_ws/install/dynamixel_sdk_examples:/home/takuto/turtlebot3_ws/install/dynamixel_sdk_custom_interfaces:/home/takuto/turtlebot3_ws/install/dynamixel_sdk /usr/bin/cmake --install /home/takuto/scout_ws/build/scout_mini_gazebo_sim
[9.197s] Level 1:colcon.colcon_core.environment:create_environment_scripts_only(scout_mini_gazebo_sim)
[9.197s] Level 1:colcon.colcon_core.environment:checking '/home/takuto/scout_ws/install/scout_mini_gazebo_sim' for CMake module files
[9.198s] DEBUG:colcon.colcon_core.event_handler.log_command:Invoked command in '/home/takuto/scout_ws/build/scout_mini_gazebo_sim' returned '0': CMAKE_PREFIX_PATH=/home/takuto/scout_ws/install/scout_mini_description:/home/takuto/scout_ws/install/scout_mini_gazebo_sim:/home/takuto/scout_ws/src/install/scout_mini_gazebo_sim:/home/takuto/scout_ws/src/install/scout_mini_description:/home/takuto/scout_ws/src/install/scout_mini_control:/home/takuto/scout_ws/src/install/hesai_description:/home/takuto/scout_ws/install/scout_mini_control:/home/takuto/scout_ws/install/scout_gazebo:/home/takuto/scout_ws/install/scout_description:/home/takuto/scout_ws/install/hesai_ros_driver:/home/takuto/scout_ws/install/hesai_description:/home/takuto/mecanumrover_ws/install/vs_rover_options_description:/home/takuto/mecanumrover_ws/install/mecanumrover_gazebo:/home/takuto/mecanumrover_ws/install/mecanumrover3:/home/takuto/mecanumrover_ws/install/mecanumrover_description:/home/takuto/mecanumrover_ws/install/mecanumrover3_bringup:/home/takuto/uros_ws/install/micro_ros_setup:/home/takuto/uros_ws/install/micro_ros_agent:/home/takuto/uros_ws/install/micro_ros_msgs:/home/takuto/scout_ws/src/install/scout_gazebo:/home/takuto/scout_ws/src/install/hesai_ros_driver:/home/takuto/turtlebot3_ws/install/turtlebot3:/home/takuto/turtlebot3_ws/install/turtlebot3_simulations:/home/takuto/turtlebot3_ws/install/turtlebot3_bringup:/home/takuto/turtlebot3_ws/install/turtlebot3_node:/home/takuto/turtlebot3_ws/install/turtlebot3_navigation2:/home/takuto/turtlebot3_ws/install/turtlebot3_gazebo:/home/takuto/turtlebot3_ws/install/turtlebot3_fake_node:/home/takuto/turtlebot3_ws/install/turtlebot3_description:/home/takuto/turtlebot3_ws/install/turtlebot3_cartographer:/home/takuto/scout_ws/src/install/cost_cul:/home/takuto/scout_ws/install/cost_cul:/home/takuto/scout_ws/install/cmd_vel_joy:/home/takuto/scout_ws/src/install/cmd_vel_joy:/home/takuto/turtlebot3_ws/install/turtlebot3_teleop:/home/takuto/turtlebot3_ws/install/turtlebot3_example:/home/takuto/turtlebot3_ws/install/cmd_vel_joy:/opt/ros/humble:/home/takuto/turtlebot3_ws/install/realsense_gazebo_plugin:/home/takuto/turtlebot3_ws/install/realsense2_description:/home/takuto/turtlebot3_ws/install/realsense2_camera:/home/takuto/turtlebot3_ws/install/realsense2_camera_msgs:/home/takuto/turtlebot3_ws/install/dynamixel_sdk_examples:/home/takuto/turtlebot3_ws/install/dynamixel_sdk_custom_interfaces:/home/takuto/turtlebot3_ws/install/dynamixel_sdk /usr/bin/cmake --install /home/takuto/scout_ws/build/scout_mini_gazebo_sim
[9.199s] Level 1:colcon.colcon_core.environment:checking '/home/takuto/scout_ws/install/scout_mini_gazebo_sim' for CMake config files
[9.199s] Level 1:colcon.colcon_core.shell:create_environment_hook('scout_mini_gazebo_sim', 'cmake_prefix_path')
[9.200s] INFO:colcon.colcon_core.shell:Creating environment hook '/home/takuto/scout_ws/install/scout_mini_gazebo_sim/share/scout_mini_gazebo_sim/hook/cmake_prefix_path.ps1'
[9.201s] INFO:colcon.colcon_core.shell:Creating environment descriptor '/home/takuto/scout_ws/install/scout_mini_gazebo_sim/share/scout_mini_gazebo_sim/hook/cmake_prefix_path.dsv'
[9.201s] INFO:colcon.colcon_core.shell:Creating environment hook '/home/takuto/scout_ws/install/scout_mini_gazebo_sim/share/scout_mini_gazebo_sim/hook/cmake_prefix_path.sh'
[9.202s] Level 1:colcon.colcon_core.environment:checking '/home/takuto/scout_ws/install/scout_mini_gazebo_sim/bin'
[9.202s] Level 1:colcon.colcon_core.environment:checking '/home/takuto/scout_ws/install/scout_mini_gazebo_sim/lib/pkgconfig/scout_mini_gazebo_sim.pc'
[9.203s] Level 1:colcon.colcon_core.environment:checking '/home/takuto/scout_ws/install/scout_mini_gazebo_sim/lib/python3.10/site-packages'
[9.203s] Level 1:colcon.colcon_core.environment:checking '/home/takuto/scout_ws/install/scout_mini_gazebo_sim/bin'
[9.204s] INFO:colcon.colcon_core.shell:Creating package script '/home/takuto/scout_ws/install/scout_mini_gazebo_sim/share/scout_mini_gazebo_sim/package.ps1'
[9.205s] INFO:colcon.colcon_core.shell:Creating package descriptor '/home/takuto/scout_ws/install/scout_mini_gazebo_sim/share/scout_mini_gazebo_sim/package.dsv'
[9.205s] INFO:colcon.colcon_core.shell:Creating package script '/home/takuto/scout_ws/install/scout_mini_gazebo_sim/share/scout_mini_gazebo_sim/package.sh'
[9.206s] INFO:colcon.colcon_core.shell:Creating package script '/home/takuto/scout_ws/install/scout_mini_gazebo_sim/share/scout_mini_gazebo_sim/package.bash'
[9.207s] INFO:colcon.colcon_core.shell:Creating package script '/home/takuto/scout_ws/install/scout_mini_gazebo_sim/share/scout_mini_gazebo_sim/package.zsh'
[9.208s] Level 1:colcon.colcon_core.environment:create_file_with_runtime_dependencies(/home/takuto/scout_ws/install/scout_mini_gazebo_sim/share/colcon-core/packages/scout_mini_gazebo_sim)
[9.209s] Level 1:colcon.colcon_core.environment:create_environment_scripts_only(scout_mini_gazebo_sim)
[9.209s] Level 1:colcon.colcon_core.environment:checking '/home/takuto/scout_ws/install/scout_mini_gazebo_sim' for CMake module files
[9.210s] Level 1:colcon.colcon_core.environment:checking '/home/takuto/scout_ws/install/scout_mini_gazebo_sim' for CMake config files
[9.211s] Level 1:colcon.colcon_core.shell:create_environment_hook('scout_mini_gazebo_sim', 'cmake_prefix_path')
[9.211s] INFO:colcon.colcon_core.shell:Creating environment hook '/home/takuto/scout_ws/install/scout_mini_gazebo_sim/share/scout_mini_gazebo_sim/hook/cmake_prefix_path.ps1'
[9.212s] INFO:colcon.colcon_core.shell:Creating environment descriptor '/home/takuto/scout_ws/install/scout_mini_gazebo_sim/share/scout_mini_gazebo_sim/hook/cmake_prefix_path.dsv'
[9.212s] INFO:colcon.colcon_core.shell:Creating environment hook '/home/takuto/scout_ws/install/scout_mini_gazebo_sim/share/scout_mini_gazebo_sim/hook/cmake_prefix_path.sh'
[9.213s] Level 1:colcon.colcon_core.environment:checking '/home/takuto/scout_ws/install/scout_mini_gazebo_sim/bin'
[9.213s] Level 1:colcon.colcon_core.environment:checking '/home/takuto/scout_ws/install/scout_mini_gazebo_sim/lib/pkgconfig/scout_mini_gazebo_sim.pc'
[9.214s] Level 1:colcon.colcon_core.environment:checking '/home/takuto/scout_ws/install/scout_mini_gazebo_sim/lib/python3.10/site-packages'
[9.214s] Level 1:colcon.colcon_core.environment:checking '/home/takuto/scout_ws/install/scout_mini_gazebo_sim/bin'
[9.215s] INFO:colcon.colcon_core.shell:Creating package script '/home/takuto/scout_ws/install/scout_mini_gazebo_sim/share/scout_mini_gazebo_sim/package.ps1'
[9.216s] INFO:colcon.colcon_core.shell:Creating package descriptor '/home/takuto/scout_ws/install/scout_mini_gazebo_sim/share/scout_mini_gazebo_sim/package.dsv'
[9.216s] INFO:colcon.colcon_core.shell:Creating package script '/home/takuto/scout_ws/install/scout_mini_gazebo_sim/share/scout_mini_gazebo_sim/package.sh'
[9.217s] INFO:colcon.colcon_core.shell:Creating package script '/home/takuto/scout_ws/install/scout_mini_gazebo_sim/share/scout_mini_gazebo_sim/package.bash'
[9.217s] INFO:colcon.colcon_core.shell:Creating package script '/home/takuto/scout_ws/install/scout_mini_gazebo_sim/share/scout_mini_gazebo_sim/package.zsh'
[9.218s] Level 1:colcon.colcon_core.environment:create_file_with_runtime_dependencies(/home/takuto/scout_ws/install/scout_mini_gazebo_sim/share/colcon-core/packages/scout_mini_gazebo_sim)
[9.507s] DEBUG:colcon.colcon_core.event_handler.log_command:Invoking command in '/home/takuto/scout_ws/src/cost_cul': PYTHONPATH=/home/takuto/scout_ws/build/cost_cul/prefix_override:/usr/lib/python3/dist-packages/colcon_core/task/python/colcon_distutils_commands:/home/takuto/scout_ws/install/cost_cul/lib/python3.10/site-packages:${PYTHONPATH} /usr/bin/python3 -W ignore:setup.py install is deprecated -W ignore:easy_install command is deprecated setup.py egg_info --egg-base ../../build/cost_cul build --build-base /home/takuto/scout_ws/build/cost_cul/build install --record /home/takuto/scout_ws/build/cost_cul/install.log --single-version-externally-managed install_data
[9.509s] DEBUG:colcon.colcon_core.event_handler.log_command:Invoking command in '/home/takuto/scout_ws/src/cmd_vel_joy': PYTHONPATH=/home/takuto/scout_ws/build/cmd_vel_joy/prefix_override:/usr/lib/python3/dist-packages/colcon_core/task/python/colcon_distutils_commands:/home/takuto/scout_ws/install/cmd_vel_joy/lib/python3.10/site-packages:${PYTHONPATH} /usr/bin/python3 -W ignore:setup.py install is deprecated -W ignore:easy_install command is deprecated setup.py egg_info --egg-base ../../build/cmd_vel_joy build --build-base /home/takuto/scout_ws/build/cmd_vel_joy/build install --record /home/takuto/scout_ws/build/cmd_vel_joy/install.log --single-version-externally-managed install_data
[9.510s] DEBUG:colcon.colcon_core.event_handler.log_command:Invoked command in '/home/takuto/scout_ws/build/hesai_ros_driver' returned '0': CMAKE_PREFIX_PATH=/home/takuto/scout_ws/install/scout_mini_gazebo_sim:/home/takuto/scout_ws/src/install/scout_mini_gazebo_sim:/home/takuto/scout_ws/src/install/scout_mini_description:/home/takuto/scout_ws/src/install/scout_mini_control:/home/takuto/scout_ws/src/install/hesai_description:/home/takuto/scout_ws/install/scout_mini_control:/home/takuto/scout_ws/install/scout_mini_description:/home/takuto/scout_ws/install/scout_gazebo:/home/takuto/scout_ws/install/scout_description:/home/takuto/scout_ws/install/hesai_ros_driver:/home/takuto/scout_ws/install/hesai_description:/home/takuto/mecanumrover_ws/install/vs_rover_options_description:/home/takuto/mecanumrover_ws/install/mecanumrover_gazebo:/home/takuto/mecanumrover_ws/install/mecanumrover3:/home/takuto/mecanumrover_ws/install/mecanumrover_description:/home/takuto/mecanumrover_ws/install/mecanumrover3_bringup:/home/takuto/uros_ws/install/micro_ros_setup:/home/takuto/uros_ws/install/micro_ros_agent:/home/takuto/uros_ws/install/micro_ros_msgs:/home/takuto/scout_ws/src/install/scout_gazebo:/home/takuto/scout_ws/src/install/hesai_ros_driver:/home/takuto/turtlebot3_ws/install/turtlebot3:/home/takuto/turtlebot3_ws/install/turtlebot3_simulations:/home/takuto/turtlebot3_ws/install/turtlebot3_bringup:/home/takuto/turtlebot3_ws/install/turtlebot3_node:/home/takuto/turtlebot3_ws/install/turtlebot3_navigation2:/home/takuto/turtlebot3_ws/install/turtlebot3_gazebo:/home/takuto/turtlebot3_ws/install/turtlebot3_fake_node:/home/takuto/turtlebot3_ws/install/turtlebot3_description:/home/takuto/turtlebot3_ws/install/turtlebot3_cartographer:/home/takuto/scout_ws/src/install/cost_cul:/home/takuto/scout_ws/install/cost_cul:/home/takuto/scout_ws/install/cmd_vel_joy:/home/takuto/scout_ws/src/install/cmd_vel_joy:/home/takuto/turtlebot3_ws/install/turtlebot3_teleop:/home/takuto/turtlebot3_ws/install/turtlebot3_example:/home/takuto/turtlebot3_ws/install/cmd_vel_joy:/opt/ros/humble:/home/takuto/turtlebot3_ws/install/realsense_gazebo_plugin:/home/takuto/turtlebot3_ws/install/realsense2_description:/home/takuto/turtlebot3_ws/install/realsense2_camera:/home/takuto/turtlebot3_ws/install/realsense2_camera_msgs:/home/takuto/turtlebot3_ws/install/dynamixel_sdk_examples:/home/takuto/turtlebot3_ws/install/dynamixel_sdk_custom_interfaces:/home/takuto/turtlebot3_ws/install/dynamixel_sdk /usr/bin/cmake --build /home/takuto/scout_ws/build/hesai_ros_driver -- -j16 -l16
[9.510s] DEBUG:colcon.colcon_core.event_handler.log_command:Invoking command in '/home/takuto/scout_ws/build/hesai_ros_driver': CMAKE_PREFIX_PATH=/home/takuto/scout_ws/install/scout_mini_gazebo_sim:/home/takuto/scout_ws/src/install/scout_mini_gazebo_sim:/home/takuto/scout_ws/src/install/scout_mini_description:/home/takuto/scout_ws/src/install/scout_mini_control:/home/takuto/scout_ws/src/install/hesai_description:/home/takuto/scout_ws/install/scout_mini_control:/home/takuto/scout_ws/install/scout_mini_description:/home/takuto/scout_ws/install/scout_gazebo:/home/takuto/scout_ws/install/scout_description:/home/takuto/scout_ws/install/hesai_ros_driver:/home/takuto/scout_ws/install/hesai_description:/home/takuto/mecanumrover_ws/install/vs_rover_options_description:/home/takuto/mecanumrover_ws/install/mecanumrover_gazebo:/home/takuto/mecanumrover_ws/install/mecanumrover3:/home/takuto/mecanumrover_ws/install/mecanumrover_description:/home/takuto/mecanumrover_ws/install/mecanumrover3_bringup:/home/takuto/uros_ws/install/micro_ros_setup:/home/takuto/uros_ws/install/micro_ros_agent:/home/takuto/uros_ws/install/micro_ros_msgs:/home/takuto/scout_ws/src/install/scout_gazebo:/home/takuto/scout_ws/src/install/hesai_ros_driver:/home/takuto/turtlebot3_ws/install/turtlebot3:/home/takuto/turtlebot3_ws/install/turtlebot3_simulations:/home/takuto/turtlebot3_ws/install/turtlebot3_bringup:/home/takuto/turtlebot3_ws/install/turtlebot3_node:/home/takuto/turtlebot3_ws/install/turtlebot3_navigation2:/home/takuto/turtlebot3_ws/install/turtlebot3_gazebo:/home/takuto/turtlebot3_ws/install/turtlebot3_fake_node:/home/takuto/turtlebot3_ws/install/turtlebot3_description:/home/takuto/turtlebot3_ws/install/turtlebot3_cartographer:/home/takuto/scout_ws/src/install/cost_cul:/home/takuto/scout_ws/install/cost_cul:/home/takuto/scout_ws/install/cmd_vel_joy:/home/takuto/scout_ws/src/install/cmd_vel_joy:/home/takuto/turtlebot3_ws/install/turtlebot3_teleop:/home/takuto/turtlebot3_ws/install/turtlebot3_example:/home/takuto/turtlebot3_ws/install/cmd_vel_joy:/opt/ros/humble:/home/takuto/turtlebot3_ws/install/realsense_gazebo_plugin:/home/takuto/turtlebot3_ws/install/realsense2_description:/home/takuto/turtlebot3_ws/install/realsense2_camera:/home/takuto/turtlebot3_ws/install/realsense2_camera_msgs:/home/takuto/turtlebot3_ws/install/dynamixel_sdk_examples:/home/takuto/turtlebot3_ws/install/dynamixel_sdk_custom_interfaces:/home/takuto/turtlebot3_ws/install/dynamixel_sdk /usr/bin/cmake --install /home/takuto/scout_ws/build/hesai_ros_driver
[9.626s] Level 1:colcon.colcon_core.environment:create_environment_scripts_only(hesai_ros_driver)
[9.627s] Level 1:colcon.colcon_core.environment:checking '/home/takuto/scout_ws/install/hesai_ros_driver' for CMake module files
[9.627s] DEBUG:colcon.colcon_core.event_handler.log_command:Invoked command in '/home/takuto/scout_ws/build/hesai_ros_driver' returned '0': CMAKE_PREFIX_PATH=/home/takuto/scout_ws/install/scout_mini_gazebo_sim:/home/takuto/scout_ws/src/install/scout_mini_gazebo_sim:/home/takuto/scout_ws/src/install/scout_mini_description:/home/takuto/scout_ws/src/install/scout_mini_control:/home/takuto/scout_ws/src/install/hesai_description:/home/takuto/scout_ws/install/scout_mini_control:/home/takuto/scout_ws/install/scout_mini_description:/home/takuto/scout_ws/install/scout_gazebo:/home/takuto/scout_ws/install/scout_description:/home/takuto/scout_ws/install/hesai_ros_driver:/home/takuto/scout_ws/install/hesai_description:/home/takuto/mecanumrover_ws/install/vs_rover_options_description:/home/takuto/mecanumrover_ws/install/mecanumrover_gazebo:/home/takuto/mecanumrover_ws/install/mecanumrover3:/home/takuto/mecanumrover_ws/install/mecanumrover_description:/home/takuto/mecanumrover_ws/install/mecanumrover3_bringup:/home/takuto/uros_ws/install/micro_ros_setup:/home/takuto/uros_ws/install/micro_ros_agent:/home/takuto/uros_ws/install/micro_ros_msgs:/home/takuto/scout_ws/src/install/scout_gazebo:/home/takuto/scout_ws/src/install/hesai_ros_driver:/home/takuto/turtlebot3_ws/install/turtlebot3:/home/takuto/turtlebot3_ws/install/turtlebot3_simulations:/home/takuto/turtlebot3_ws/install/turtlebot3_bringup:/home/takuto/turtlebot3_ws/install/turtlebot3_node:/home/takuto/turtlebot3_ws/install/turtlebot3_navigation2:/home/takuto/turtlebot3_ws/install/turtlebot3_gazebo:/home/takuto/turtlebot3_ws/install/turtlebot3_fake_node:/home/takuto/turtlebot3_ws/install/turtlebot3_description:/home/takuto/turtlebot3_ws/install/turtlebot3_cartographer:/home/takuto/scout_ws/src/install/cost_cul:/home/takuto/scout_ws/install/cost_cul:/home/takuto/scout_ws/install/cmd_vel_joy:/home/takuto/scout_ws/src/install/cmd_vel_joy:/home/takuto/turtlebot3_ws/install/turtlebot3_teleop:/home/takuto/turtlebot3_ws/install/turtlebot3_example:/home/takuto/turtlebot3_ws/install/cmd_vel_joy:/opt/ros/humble:/home/takuto/turtlebot3_ws/install/realsense_gazebo_plugin:/home/takuto/turtlebot3_ws/install/realsense2_description:/home/takuto/turtlebot3_ws/install/realsense2_camera:/home/takuto/turtlebot3_ws/install/realsense2_camera_msgs:/home/takuto/turtlebot3_ws/install/dynamixel_sdk_examples:/home/takuto/turtlebot3_ws/install/dynamixel_sdk_custom_interfaces:/home/takuto/turtlebot3_ws/install/dynamixel_sdk /usr/bin/cmake --install /home/takuto/scout_ws/build/hesai_ros_driver
[9.628s] Level 1:colcon.colcon_core.environment:checking '/home/takuto/scout_ws/install/hesai_ros_driver' for CMake config files
[9.629s] Level 1:colcon.colcon_core.shell:create_environment_hook('hesai_ros_driver', 'cmake_prefix_path')
[9.629s] INFO:colcon.colcon_core.shell:Creating environment hook '/home/takuto/scout_ws/install/hesai_ros_driver/share/hesai_ros_driver/hook/cmake_prefix_path.ps1'
[9.630s] INFO:colcon.colcon_core.shell:Creating environment descriptor '/home/takuto/scout_ws/install/hesai_ros_driver/share/hesai_ros_driver/hook/cmake_prefix_path.dsv'
[9.630s] INFO:colcon.colcon_core.shell:Creating environment hook '/home/takuto/scout_ws/install/hesai_ros_driver/share/hesai_ros_driver/hook/cmake_prefix_path.sh'
[9.631s] Level 1:colcon.colcon_core.environment:checking '/home/takuto/scout_ws/install/hesai_ros_driver/lib'
[9.631s] Level 1:colcon.colcon_core.shell:create_environment_hook('hesai_ros_driver', 'ld_library_path_lib')
[9.631s] INFO:colcon.colcon_core.shell:Creating environment hook '/home/takuto/scout_ws/install/hesai_ros_driver/share/hesai_ros_driver/hook/ld_library_path_lib.ps1'
[9.632s] INFO:colcon.colcon_core.shell:Creating environment descriptor '/home/takuto/scout_ws/install/hesai_ros_driver/share/hesai_ros_driver/hook/ld_library_path_lib.dsv'
[9.632s] INFO:colcon.colcon_core.shell:Creating environment hook '/home/takuto/scout_ws/install/hesai_ros_driver/share/hesai_ros_driver/hook/ld_library_path_lib.sh'
[9.633s] Level 1:colcon.colcon_core.environment:checking '/home/takuto/scout_ws/install/hesai_ros_driver/bin'
[9.633s] Level 1:colcon.colcon_core.environment:checking '/home/takuto/scout_ws/install/hesai_ros_driver/lib/pkgconfig/hesai_ros_driver.pc'
[9.633s] Level 1:colcon.colcon_core.environment:checking '/home/takuto/scout_ws/install/hesai_ros_driver/lib/python3.10/site-packages'
[9.633s] Level 1:colcon.colcon_core.environment:checking '/home/takuto/scout_ws/install/hesai_ros_driver/bin'
[9.634s] INFO:colcon.colcon_core.shell:Creating package script '/home/takuto/scout_ws/install/hesai_ros_driver/share/hesai_ros_driver/package.ps1'
[9.634s] INFO:colcon.colcon_core.shell:Creating package descriptor '/home/takuto/scout_ws/install/hesai_ros_driver/share/hesai_ros_driver/package.dsv'
[9.635s] INFO:colcon.colcon_core.shell:Creating package script '/home/takuto/scout_ws/install/hesai_ros_driver/share/hesai_ros_driver/package.sh'
[9.635s] INFO:colcon.colcon_core.shell:Creating package script '/home/takuto/scout_ws/install/hesai_ros_driver/share/hesai_ros_driver/package.bash'
[9.635s] INFO:colcon.colcon_core.shell:Creating package script '/home/takuto/scout_ws/install/hesai_ros_driver/share/hesai_ros_driver/package.zsh'
[9.636s] Level 1:colcon.colcon_core.environment:create_file_with_runtime_dependencies(/home/takuto/scout_ws/install/hesai_ros_driver/share/colcon-core/packages/hesai_ros_driver)
[9.637s] Level 1:colcon.colcon_core.environment:create_environment_scripts_only(hesai_ros_driver)
[9.637s] Level 1:colcon.colcon_core.environment:checking '/home/takuto/scout_ws/install/hesai_ros_driver' for CMake module files
[9.637s] Level 1:colcon.colcon_core.environment:checking '/home/takuto/scout_ws/install/hesai_ros_driver' for CMake config files
[9.639s] Level 1:colcon.colcon_core.shell:create_environment_hook('hesai_ros_driver', 'cmake_prefix_path')
[9.639s] INFO:colcon.colcon_core.shell:Creating environment hook '/home/takuto/scout_ws/install/hesai_ros_driver/share/hesai_ros_driver/hook/cmake_prefix_path.ps1'
[9.639s] INFO:colcon.colcon_core.shell:Creating environment descriptor '/home/takuto/scout_ws/install/hesai_ros_driver/share/hesai_ros_driver/hook/cmake_prefix_path.dsv'
[9.640s] INFO:colcon.colcon_core.shell:Creating environment hook '/home/takuto/scout_ws/install/hesai_ros_driver/share/hesai_ros_driver/hook/cmake_prefix_path.sh'
[9.640s] Level 1:colcon.colcon_core.environment:checking '/home/takuto/scout_ws/install/hesai_ros_driver/lib'
[9.640s] Level 1:colcon.colcon_core.shell:create_environment_hook('hesai_ros_driver', 'ld_library_path_lib')
[9.641s] INFO:colcon.colcon_core.shell:Creating environment hook '/home/takuto/scout_ws/install/hesai_ros_driver/share/hesai_ros_driver/hook/ld_library_path_lib.ps1'
[9.641s] INFO:colcon.colcon_core.shell:Creating environment descriptor '/home/takuto/scout_ws/install/hesai_ros_driver/share/hesai_ros_driver/hook/ld_library_path_lib.dsv'
[9.642s] INFO:colcon.colcon_core.shell:Creating environment hook '/home/takuto/scout_ws/install/hesai_ros_driver/share/hesai_ros_driver/hook/ld_library_path_lib.sh'
[9.642s] Level 1:colcon.colcon_core.environment:checking '/home/takuto/scout_ws/install/hesai_ros_driver/bin'
[9.642s] Level 1:colcon.colcon_core.environment:checking '/home/takuto/scout_ws/install/hesai_ros_driver/lib/pkgconfig/hesai_ros_driver.pc'
[9.642s] Level 1:colcon.colcon_core.environment:checking '/home/takuto/scout_ws/install/hesai_ros_driver/lib/python3.10/site-packages'
[9.643s] Level 1:colcon.colcon_core.environment:checking '/home/takuto/scout_ws/install/hesai_ros_driver/bin'
[9.643s] INFO:colcon.colcon_core.shell:Creating package script '/home/takuto/scout_ws/install/hesai_ros_driver/share/hesai_ros_driver/package.ps1'
[9.643s] INFO:colcon.colcon_core.shell:Creating package descriptor '/home/takuto/scout_ws/install/hesai_ros_driver/share/hesai_ros_driver/package.dsv'
[9.644s] INFO:colcon.colcon_core.shell:Creating package script '/home/takuto/scout_ws/install/hesai_ros_driver/share/hesai_ros_driver/package.sh'
[9.644s] INFO:colcon.colcon_core.shell:Creating package script '/home/takuto/scout_ws/install/hesai_ros_driver/share/hesai_ros_driver/package.bash'
[9.645s] INFO:colcon.colcon_core.shell:Creating package script '/home/takuto/scout_ws/install/hesai_ros_driver/share/hesai_ros_driver/package.zsh'
[9.645s] Level 1:colcon.colcon_core.environment:create_file_with_runtime_dependencies(/home/takuto/scout_ws/install/hesai_ros_driver/share/colcon-core/packages/hesai_ros_driver)
[9.886s] Level 1:colcon.colcon_core.environment:checking '/home/takuto/scout_ws/install/cost_cul' for CMake module files
[9.886s] DEBUG:colcon.colcon_core.event_handler.log_command:Invoked command in '/home/takuto/scout_ws/src/cost_cul' returned '0': PYTHONPATH=/home/takuto/scout_ws/build/cost_cul/prefix_override:/usr/lib/python3/dist-packages/colcon_core/task/python/colcon_distutils_commands:/home/takuto/scout_ws/install/cost_cul/lib/python3.10/site-packages:${PYTHONPATH} /usr/bin/python3 -W ignore:setup.py install is deprecated -W ignore:easy_install command is deprecated setup.py egg_info --egg-base ../../build/cost_cul build --build-base /home/takuto/scout_ws/build/cost_cul/build install --record /home/takuto/scout_ws/build/cost_cul/install.log --single-version-externally-managed install_data
[9.887s] Level 1:colcon.colcon_core.environment:checking '/home/takuto/scout_ws/install/cost_cul' for CMake config files
[9.888s] Level 1:colcon.colcon_core.environment:checking '/home/takuto/scout_ws/install/cost_cul/lib'
[9.888s] Level 1:colcon.colcon_core.environment:checking '/home/takuto/scout_ws/install/cost_cul/bin'
[9.888s] Level 1:colcon.colcon_core.environment:checking '/home/takuto/scout_ws/install/cost_cul/lib/pkgconfig/cost_cul.pc'
[9.888s] Level 1:colcon.colcon_core.environment:checking '/home/takuto/scout_ws/install/cost_cul/lib/python3.10/site-packages'
[9.888s] Level 1:colcon.colcon_core.shell:create_environment_hook('cost_cul', 'pythonpath')
[9.889s] INFO:colcon.colcon_core.shell:Creating environment hook '/home/takuto/scout_ws/install/cost_cul/share/cost_cul/hook/pythonpath.ps1'
[9.889s] INFO:colcon.colcon_core.shell:Creating environment descriptor '/home/takuto/scout_ws/install/cost_cul/share/cost_cul/hook/pythonpath.dsv'
[9.889s] INFO:colcon.colcon_core.shell:Creating environment hook '/home/takuto/scout_ws/install/cost_cul/share/cost_cul/hook/pythonpath.sh'
[9.890s] Level 1:colcon.colcon_core.environment:checking '/home/takuto/scout_ws/install/cost_cul/bin'
[9.890s] Level 1:colcon.colcon_core.environment:create_environment_scripts_only(cost_cul)
[9.891s] INFO:colcon.colcon_core.shell:Creating package script '/home/takuto/scout_ws/install/cost_cul/share/cost_cul/package.ps1'
[9.891s] INFO:colcon.colcon_core.shell:Creating package descriptor '/home/takuto/scout_ws/install/cost_cul/share/cost_cul/package.dsv'
[9.892s] INFO:colcon.colcon_core.shell:Creating package script '/home/takuto/scout_ws/install/cost_cul/share/cost_cul/package.sh'
[9.892s] INFO:colcon.colcon_core.shell:Creating package script '/home/takuto/scout_ws/install/cost_cul/share/cost_cul/package.bash'
[9.892s] INFO:colcon.colcon_core.shell:Creating package script '/home/takuto/scout_ws/install/cost_cul/share/cost_cul/package.zsh'
[9.893s] Level 1:colcon.colcon_core.environment:create_file_with_runtime_dependencies(/home/takuto/scout_ws/install/cost_cul/share/colcon-core/packages/cost_cul)
[9.899s] Level 1:colcon.colcon_core.environment:checking '/home/takuto/scout_ws/install/cmd_vel_joy' for CMake module files
[9.900s] DEBUG:colcon.colcon_core.event_handler.log_command:Invoked command in '/home/takuto/scout_ws/src/cmd_vel_joy' returned '0': PYTHONPATH=/home/takuto/scout_ws/build/cmd_vel_joy/prefix_override:/usr/lib/python3/dist-packages/colcon_core/task/python/colcon_distutils_commands:/home/takuto/scout_ws/install/cmd_vel_joy/lib/python3.10/site-packages:${PYTHONPATH} /usr/bin/python3 -W ignore:setup.py install is deprecated -W ignore:easy_install command is deprecated setup.py egg_info --egg-base ../../build/cmd_vel_joy build --build-base /home/takuto/scout_ws/build/cmd_vel_joy/build install --record /home/takuto/scout_ws/build/cmd_vel_joy/install.log --single-version-externally-managed install_data
[9.900s] Level 1:colcon.colcon_core.environment:checking '/home/takuto/scout_ws/install/cmd_vel_joy' for CMake config files
[9.901s] Level 1:colcon.colcon_core.environment:checking '/home/takuto/scout_ws/install/cmd_vel_joy/lib'
[9.901s] Level 1:colcon.colcon_core.environment:checking '/home/takuto/scout_ws/install/cmd_vel_joy/bin'
[9.901s] Level 1:colcon.colcon_core.environment:checking '/home/takuto/scout_ws/install/cmd_vel_joy/lib/pkgconfig/cmd_vel_joy.pc'
[9.901s] Level 1:colcon.colcon_core.environment:checking '/home/takuto/scout_ws/install/cmd_vel_joy/lib/python3.10/site-packages'
[9.901s] Level 1:colcon.colcon_core.shell:create_environment_hook('cmd_vel_joy', 'pythonpath')
[9.902s] INFO:colcon.colcon_core.shell:Creating environment hook '/home/takuto/scout_ws/install/cmd_vel_joy/share/cmd_vel_joy/hook/pythonpath.ps1'
[9.902s] INFO:colcon.colcon_core.shell:Creating environment descriptor '/home/takuto/scout_ws/install/cmd_vel_joy/share/cmd_vel_joy/hook/pythonpath.dsv'
[9.903s] INFO:colcon.colcon_core.shell:Creating environment hook '/home/takuto/scout_ws/install/cmd_vel_joy/share/cmd_vel_joy/hook/pythonpath.sh'
[9.903s] Level 1:colcon.colcon_core.environment:checking '/home/takuto/scout_ws/install/cmd_vel_joy/bin'
[9.903s] Level 1:colcon.colcon_core.environment:create_environment_scripts_only(cmd_vel_joy)
[9.904s] INFO:colcon.colcon_core.shell:Creating package script '/home/takuto/scout_ws/install/cmd_vel_joy/share/cmd_vel_joy/package.ps1'
[9.904s] INFO:colcon.colcon_core.shell:Creating package descriptor '/home/takuto/scout_ws/install/cmd_vel_joy/share/cmd_vel_joy/package.dsv'
[9.905s] INFO:colcon.colcon_core.shell:Creating package script '/home/takuto/scout_ws/install/cmd_vel_joy/share/cmd_vel_joy/package.sh'
[9.905s] INFO:colcon.colcon_core.shell:Creating package script '/home/takuto/scout_ws/install/cmd_vel_joy/share/cmd_vel_joy/package.bash'
[9.905s] INFO:colcon.colcon_core.shell:Creating package script '/home/takuto/scout_ws/install/cmd_vel_joy/share/cmd_vel_joy/package.zsh'
[9.906s] Level 1:colcon.colcon_core.environment:create_file_with_runtime_dependencies(/home/takuto/scout_ws/install/cmd_vel_joy/share/colcon-core/packages/cmd_vel_joy)
[9.906s] DEBUG:colcon.colcon_parallel_executor.executor.parallel:closing loop
[9.906s] DEBUG:colcon.colcon_parallel_executor.executor.parallel:loop closed
[9.907s] DEBUG:colcon.colcon_parallel_executor.executor.parallel:run_until_complete finished with '0'
[9.907s] DEBUG:colcon.colcon_core.event_reactor:joining thread
[9.913s] INFO:colcon.colcon_core.plugin_system:Skipping extension 'colcon_notification.desktop_notification.terminal_notifier': Not used on non-Darwin systems
[9.913s] INFO:colcon.colcon_core.plugin_system:Skipping extension 'colcon_notification.desktop_notification.win32': Not used on non-Windows systems
[9.913s] INFO:colcon.colcon_notification.desktop_notification:Sending desktop notification using 'notify2'
[9.925s] DEBUG:colcon.colcon_core.event_reactor:joined thread
[9.925s] INFO:colcon.colcon_core.shell:Creating prefix script '/home/takuto/scout_ws/install/local_setup.ps1'
[9.926s] INFO:colcon.colcon_core.shell:Creating prefix util module '/home/takuto/scout_ws/install/_local_setup_util_ps1.py'
[9.928s] INFO:colcon.colcon_core.shell:Creating prefix chain script '/home/takuto/scout_ws/install/setup.ps1'
[9.931s] INFO:colcon.colcon_core.shell:Creating prefix script '/home/takuto/scout_ws/install/local_setup.sh'
[9.931s] INFO:colcon.colcon_core.shell:Creating prefix util module '/home/takuto/scout_ws/install/_local_setup_util_sh.py'
[9.932s] INFO:colcon.colcon_core.shell:Creating prefix chain script '/home/takuto/scout_ws/install/setup.sh'
[9.935s] INFO:colcon.colcon_core.shell:Creating prefix script '/home/takuto/scout_ws/install/local_setup.bash'
[9.936s] INFO:colcon.colcon_core.shell:Creating prefix chain script '/home/takuto/scout_ws/install/setup.bash'
[9.939s] INFO:colcon.colcon_core.shell:Creating prefix script '/home/takuto/scout_ws/install/local_setup.zsh'
[9.939s] INFO:colcon.colcon_core.shell:Creating prefix chain script '/home/takuto/scout_ws/install/setup.zsh'
