[0.088s] DEBUG:colcon:Command line arguments: ['/usr/bin/colcon', 'build', '--symlink-install']
[0.088s] DEBUG:colcon:Parsed command line arguments: Namespace(log_base=None, log_level=None, verb_name='build', build_base='build', install_base='install', merge_install=False, symlink_install=True, test_result_base=None, continue_on_error=False, executor='parallel', parallel_workers=16, event_handlers=None, ignore_user_meta=False, metas=['./colcon.meta'], base_paths=['.'], packages_ignore=None, packages_ignore_regex=None, paths=None, packages_up_to=None, packages_up_to_regex=None, packages_above=None, packages_above_and_dependencies=None, packages_above_depth=None, packages_select_by_dep=None, packages_skip_by_dep=None, packages_skip_up_to=None, packages_select_build_failed=False, packages_skip_build_finished=False, packages_select_test_failures=False, packages_skip_test_passed=False, packages_select=None, packages_skip=None, packages_select_regex=None, packages_skip_regex=None, packages_start=None, packages_end=None, allow_overriding=[], ament_gradle_args=None, ament_gradle_task=None, cmake_args=None, cmake_target=None, cmake_target_skip_unavailable=False, cmake_clean_cache=False, cmake_clean_first=False, cmake_force_configure=False, gradle_args=None, gradle_task=None, ament_cmake_args=None, catkin_cmake_args=None, catkin_skip_building_tests=False, verb_parser=<colcon_defaults.argument_parser.defaults.DefaultArgumentsDecorator object at 0x7ca902d08a30>, verb_extension=<colcon_core.verb.build.BuildVerb object at 0x7ca902e95f00>, main=<bound method BuildVerb.main of <colcon_core.verb.build.BuildVerb object at 0x7ca902e95f00>>)
[0.231s] Level 1:colcon.colcon_core.package_discovery:discover_packages(colcon_meta) check parameters
[0.231s] Level 1:colcon.colcon_core.package_discovery:discover_packages(recursive) check parameters
[0.231s] Level 1:colcon.colcon_core.package_discovery:discover_packages(ignore) check parameters
[0.231s] Level 1:colcon.colcon_core.package_discovery:discover_packages(path) check parameters
[0.231s] Level 1:colcon.colcon_core.package_discovery:discover_packages(colcon_meta) discover
[0.231s] Level 1:colcon.colcon_core.package_discovery:discover_packages(recursive) discover
[0.231s] INFO:colcon.colcon_core.package_discovery:Crawling recursively for packages in '/home/takuto/scout_ws'
[0.231s] Level 1:colcon.colcon_core.package_identification:_identify(.) by extensions ['ignore', 'ignore_ament_install']
[0.231s] Level 1:colcon.colcon_core.package_identification:_identify(.) by extension 'ignore'
[0.231s] Level 1:colcon.colcon_core.package_identification:_identify(.) by extension 'ignore_ament_install'
[0.231s] Level 1:colcon.colcon_core.package_identification:_identify(.) by extensions ['colcon_pkg']
[0.232s] Level 1:colcon.colcon_core.package_identification:_identify(.) by extension 'colcon_pkg'
[0.232s] Level 1:colcon.colcon_core.package_identification:_identify(.) by extensions ['colcon_meta']
[0.232s] Level 1:colcon.colcon_core.package_identification:_identify(.) by extension 'colcon_meta'
[0.232s] Level 1:colcon.colcon_core.package_identification:_identify(.) by extensions ['ament_gradle']
[0.232s] Level 1:colcon.colcon_core.package_identification:_identify(.) by extension 'ament_gradle'
[0.232s] Level 1:colcon.colcon_core.package_identification:_identify(.) by extensions ['ros']
[0.232s] Level 1:colcon.colcon_core.package_identification:_identify(.) by extension 'ros'
[0.240s] Level 1:colcon.colcon_core.package_identification:_identify(.) by extensions ['cmake', 'gradle', 'python']
[0.240s] Level 1:colcon.colcon_core.package_identification:_identify(.) by extension 'cmake'
[0.240s] Level 1:colcon.colcon_core.package_identification:_identify(.) by extension 'gradle'
[0.240s] Level 1:colcon.colcon_core.package_identification:_identify(.) by extension 'python'
[0.240s] Level 1:colcon.colcon_core.package_identification:_identify(.) by extensions ['python_setup_py']
[0.240s] Level 1:colcon.colcon_core.package_identification:_identify(.) by extension 'python_setup_py'
[0.240s] Level 1:colcon.colcon_core.package_identification:_identify(build) by extensions ['ignore', 'ignore_ament_install']
[0.240s] Level 1:colcon.colcon_core.package_identification:_identify(build) by extension 'ignore'
[0.240s] Level 1:colcon.colcon_core.package_identification:_identify(build) ignored
[0.240s] Level 1:colcon.colcon_core.package_identification:_identify(install) by extensions ['ignore', 'ignore_ament_install']
[0.241s] Level 1:colcon.colcon_core.package_identification:_identify(install) by extension 'ignore'
[0.241s] Level 1:colcon.colcon_core.package_identification:_identify(install) ignored
[0.241s] Level 1:colcon.colcon_core.package_identification:_identify(log) by extensions ['ignore', 'ignore_ament_install']
[0.241s] Level 1:colcon.colcon_core.package_identification:_identify(log) by extension 'ignore'
[0.241s] Level 1:colcon.colcon_core.package_identification:_identify(log) ignored
[0.241s] Level 1:colcon.colcon_core.package_identification:_identify(models) by extensions ['ignore', 'ignore_ament_install']
[0.241s] Level 1:colcon.colcon_core.package_identification:_identify(models) by extension 'ignore'
[0.241s] Level 1:colcon.colcon_core.package_identification:_identify(models) by extension 'ignore_ament_install'
[0.241s] Level 1:colcon.colcon_core.package_identification:_identify(models) by extensions ['colcon_pkg']
[0.241s] Level 1:colcon.colcon_core.package_identification:_identify(models) by extension 'colcon_pkg'
[0.241s] Level 1:colcon.colcon_core.package_identification:_identify(models) by extensions ['colcon_meta']
[0.241s] Level 1:colcon.colcon_core.package_identification:_identify(models) by extension 'colcon_meta'
[0.241s] Level 1:colcon.colcon_core.package_identification:_identify(models) by extensions ['ament_gradle']
[0.241s] Level 1:colcon.colcon_core.package_identification:_identify(models) by extension 'ament_gradle'
[0.241s] Level 1:colcon.colcon_core.package_identification:_identify(models) by extensions ['ros']
[0.241s] Level 1:colcon.colcon_core.package_identification:_identify(models) by extension 'ros'
[0.241s] Level 1:colcon.colcon_core.package_identification:_identify(models) by extensions ['cmake', 'gradle', 'python']
[0.241s] Level 1:colcon.colcon_core.package_identification:_identify(models) by extension 'cmake'
[0.241s] Level 1:colcon.colcon_core.package_identification:_identify(models) by extension 'gradle'
[0.241s] Level 1:colcon.colcon_core.package_identification:_identify(models) by extension 'python'
[0.241s] Level 1:colcon.colcon_core.package_identification:_identify(models) by extensions ['python_setup_py']
[0.241s] Level 1:colcon.colcon_core.package_identification:_identify(models) by extension 'python_setup_py'
[0.242s] Level 1:colcon.colcon_core.package_identification:_identify(models/nhk2026) by extensions ['ignore', 'ignore_ament_install']
[0.242s] Level 1:colcon.colcon_core.package_identification:_identify(models/nhk2026) by extension 'ignore'
[0.242s] Level 1:colcon.colcon_core.package_identification:_identify(models/nhk2026) by extension 'ignore_ament_install'
[0.242s] Level 1:colcon.colcon_core.package_identification:_identify(models/nhk2026) by extensions ['colcon_pkg']
[0.242s] Level 1:colcon.colcon_core.package_identification:_identify(models/nhk2026) by extension 'colcon_pkg'
[0.242s] Level 1:colcon.colcon_core.package_identification:_identify(models/nhk2026) by extensions ['colcon_meta']
[0.242s] Level 1:colcon.colcon_core.package_identification:_identify(models/nhk2026) by extension 'colcon_meta'
[0.242s] Level 1:colcon.colcon_core.package_identification:_identify(models/nhk2026) by extensions ['ament_gradle']
[0.242s] Level 1:colcon.colcon_core.package_identification:_identify(models/nhk2026) by extension 'ament_gradle'
[0.242s] Level 1:colcon.colcon_core.package_identification:_identify(models/nhk2026) by extensions ['ros']
[0.242s] Level 1:colcon.colcon_core.package_identification:_identify(models/nhk2026) by extension 'ros'
[0.242s] Level 1:colcon.colcon_core.package_identification:_identify(models/nhk2026) by extensions ['cmake', 'gradle', 'python']
[0.242s] Level 1:colcon.colcon_core.package_identification:_identify(models/nhk2026) by extension 'cmake'
[0.242s] Level 1:colcon.colcon_core.package_identification:_identify(models/nhk2026) by extension 'gradle'
[0.242s] Level 1:colcon.colcon_core.package_identification:_identify(models/nhk2026) by extension 'python'
[0.242s] Level 1:colcon.colcon_core.package_identification:_identify(models/nhk2026) by extensions ['python_setup_py']
[0.242s] Level 1:colcon.colcon_core.package_identification:_identify(models/nhk2026) by extension 'python_setup_py'
[0.242s] Level 1:colcon.colcon_core.package_identification:_identify(models/nhk2026/meshes) by extensions ['ignore', 'ignore_ament_install']
[0.242s] Level 1:colcon.colcon_core.package_identification:_identify(models/nhk2026/meshes) by extension 'ignore'
[0.242s] Level 1:colcon.colcon_core.package_identification:_identify(models/nhk2026/meshes) by extension 'ignore_ament_install'
[0.242s] Level 1:colcon.colcon_core.package_identification:_identify(models/nhk2026/meshes) by extensions ['colcon_pkg']
[0.242s] Level 1:colcon.colcon_core.package_identification:_identify(models/nhk2026/meshes) by extension 'colcon_pkg'
[0.242s] Level 1:colcon.colcon_core.package_identification:_identify(models/nhk2026/meshes) by extensions ['colcon_meta']
[0.242s] Level 1:colcon.colcon_core.package_identification:_identify(models/nhk2026/meshes) by extension 'colcon_meta'
[0.242s] Level 1:colcon.colcon_core.package_identification:_identify(models/nhk2026/meshes) by extensions ['ament_gradle']
[0.242s] Level 1:colcon.colcon_core.package_identification:_identify(models/nhk2026/meshes) by extension 'ament_gradle'
[0.242s] Level 1:colcon.colcon_core.package_identification:_identify(models/nhk2026/meshes) by extensions ['ros']
[0.243s] Level 1:colcon.colcon_core.package_identification:_identify(models/nhk2026/meshes) by extension 'ros'
[0.243s] Level 1:colcon.colcon_core.package_identification:_identify(models/nhk2026/meshes) by extensions ['cmake', 'gradle', 'python']
[0.243s] Level 1:colcon.colcon_core.package_identification:_identify(models/nhk2026/meshes) by extension 'cmake'
[0.243s] Level 1:colcon.colcon_core.package_identification:_identify(models/nhk2026/meshes) by extension 'gradle'
[0.243s] Level 1:colcon.colcon_core.package_identification:_identify(models/nhk2026/meshes) by extension 'python'
[0.243s] Level 1:colcon.colcon_core.package_identification:_identify(models/nhk2026/meshes) by extensions ['python_setup_py']
[0.243s] Level 1:colcon.colcon_core.package_identification:_identify(models/nhk2026/meshes) by extension 'python_setup_py'
[0.243s] Level 1:colcon.colcon_core.package_identification:_identify(models/slope) by extensions ['ignore', 'ignore_ament_install']
[0.243s] Level 1:colcon.colcon_core.package_identification:_identify(models/slope) by extension 'ignore'
[0.243s] Level 1:colcon.colcon_core.package_identification:_identify(models/slope) by extension 'ignore_ament_install'
[0.243s] Level 1:colcon.colcon_core.package_identification:_identify(models/slope) by extensions ['colcon_pkg']
[0.243s] Level 1:colcon.colcon_core.package_identification:_identify(models/slope) by extension 'colcon_pkg'
[0.243s] Level 1:colcon.colcon_core.package_identification:_identify(models/slope) by extensions ['colcon_meta']
[0.243s] Level 1:colcon.colcon_core.package_identification:_identify(models/slope) by extension 'colcon_meta'
[0.243s] Level 1:colcon.colcon_core.package_identification:_identify(models/slope) by extensions ['ament_gradle']
[0.243s] Level 1:colcon.colcon_core.package_identification:_identify(models/slope) by extension 'ament_gradle'
[0.243s] Level 1:colcon.colcon_core.package_identification:_identify(models/slope) by extensions ['ros']
[0.243s] Level 1:colcon.colcon_core.package_identification:_identify(models/slope) by extension 'ros'
[0.243s] Level 1:colcon.colcon_core.package_identification:_identify(models/slope) by extensions ['cmake', 'gradle', 'python']
[0.243s] Level 1:colcon.colcon_core.package_identification:_identify(models/slope) by extension 'cmake'
[0.243s] Level 1:colcon.colcon_core.package_identification:_identify(models/slope) by extension 'gradle'
[0.243s] Level 1:colcon.colcon_core.package_identification:_identify(models/slope) by extension 'python'
[0.243s] Level 1:colcon.colcon_core.package_identification:_identify(models/slope) by extensions ['python_setup_py']
[0.243s] Level 1:colcon.colcon_core.package_identification:_identify(models/slope) by extension 'python_setup_py'
[0.243s] Level 1:colcon.colcon_core.package_identification:_identify(models/slope/meshes) by extensions ['ignore', 'ignore_ament_install']
[0.243s] Level 1:colcon.colcon_core.package_identification:_identify(models/slope/meshes) by extension 'ignore'
[0.243s] Level 1:colcon.colcon_core.package_identification:_identify(models/slope/meshes) by extension 'ignore_ament_install'
[0.243s] Level 1:colcon.colcon_core.package_identification:_identify(models/slope/meshes) by extensions ['colcon_pkg']
[0.244s] Level 1:colcon.colcon_core.package_identification:_identify(models/slope/meshes) by extension 'colcon_pkg'
[0.244s] Level 1:colcon.colcon_core.package_identification:_identify(models/slope/meshes) by extensions ['colcon_meta']
[0.244s] Level 1:colcon.colcon_core.package_identification:_identify(models/slope/meshes) by extension 'colcon_meta'
[0.244s] Level 1:colcon.colcon_core.package_identification:_identify(models/slope/meshes) by extensions ['ament_gradle']
[0.244s] Level 1:colcon.colcon_core.package_identification:_identify(models/slope/meshes) by extension 'ament_gradle'
[0.244s] Level 1:colcon.colcon_core.package_identification:_identify(models/slope/meshes) by extensions ['ros']
[0.244s] Level 1:colcon.colcon_core.package_identification:_identify(models/slope/meshes) by extension 'ros'
[0.244s] Level 1:colcon.colcon_core.package_identification:_identify(models/slope/meshes) by extensions ['cmake', 'gradle', 'python']
[0.244s] Level 1:colcon.colcon_core.package_identification:_identify(models/slope/meshes) by extension 'cmake'
[0.244s] Level 1:colcon.colcon_core.package_identification:_identify(models/slope/meshes) by extension 'gradle'
[0.244s] Level 1:colcon.colcon_core.package_identification:_identify(models/slope/meshes) by extension 'python'
[0.244s] Level 1:colcon.colcon_core.package_identification:_identify(models/slope/meshes) by extensions ['python_setup_py']
[0.244s] Level 1:colcon.colcon_core.package_identification:_identify(models/slope/meshes) by extension 'python_setup_py'
[0.244s] Level 1:colcon.colcon_core.package_identification:_identify(src) by extensions ['ignore', 'ignore_ament_install']
[0.244s] Level 1:colcon.colcon_core.package_identification:_identify(src) by extension 'ignore'
[0.244s] Level 1:colcon.colcon_core.package_identification:_identify(src) by extension 'ignore_ament_install'
[0.244s] Level 1:colcon.colcon_core.package_identification:_identify(src) by extensions ['colcon_pkg']
[0.244s] Level 1:colcon.colcon_core.package_identification:_identify(src) by extension 'colcon_pkg'
[0.244s] Level 1:colcon.colcon_core.package_identification:_identify(src) by extensions ['colcon_meta']
[0.244s] Level 1:colcon.colcon_core.package_identification:_identify(src) by extension 'colcon_meta'
[0.244s] Level 1:colcon.colcon_core.package_identification:_identify(src) by extensions ['ament_gradle']
[0.244s] Level 1:colcon.colcon_core.package_identification:_identify(src) by extension 'ament_gradle'
[0.244s] Level 1:colcon.colcon_core.package_identification:_identify(src) by extensions ['ros']
[0.244s] Level 1:colcon.colcon_core.package_identification:_identify(src) by extension 'ros'
[0.244s] Level 1:colcon.colcon_core.package_identification:_identify(src) by extensions ['cmake', 'gradle', 'python']
[0.244s] Level 1:colcon.colcon_core.package_identification:_identify(src) by extension 'cmake'
[0.244s] Level 1:colcon.colcon_core.package_identification:_identify(src) by extension 'gradle'
[0.244s] Level 1:colcon.colcon_core.package_identification:_identify(src) by extension 'python'
[0.244s] Level 1:colcon.colcon_core.package_identification:_identify(src) by extensions ['python_setup_py']
[0.244s] Level 1:colcon.colcon_core.package_identification:_identify(src) by extension 'python_setup_py'
[0.245s] Level 1:colcon.colcon_core.package_identification:_identify(src/HesaiLidar_ROS_2.0) by extensions ['ignore', 'ignore_ament_install']
[0.245s] Level 1:colcon.colcon_core.package_identification:_identify(src/HesaiLidar_ROS_2.0) by extension 'ignore'
[0.245s] Level 1:colcon.colcon_core.package_identification:_identify(src/HesaiLidar_ROS_2.0) by extension 'ignore_ament_install'
[0.245s] Level 1:colcon.colcon_core.package_identification:_identify(src/HesaiLidar_ROS_2.0) by extensions ['colcon_pkg']
[0.245s] Level 1:colcon.colcon_core.package_identification:_identify(src/HesaiLidar_ROS_2.0) by extension 'colcon_pkg'
[0.245s] Level 1:colcon.colcon_core.package_identification:_identify(src/HesaiLidar_ROS_2.0) by extensions ['colcon_meta']
[0.245s] Level 1:colcon.colcon_core.package_identification:_identify(src/HesaiLidar_ROS_2.0) by extension 'colcon_meta'
[0.245s] Level 1:colcon.colcon_core.package_identification:_identify(src/HesaiLidar_ROS_2.0) by extensions ['ament_gradle']
[0.245s] Level 1:colcon.colcon_core.package_identification:_identify(src/HesaiLidar_ROS_2.0) by extension 'ament_gradle'
[0.245s] Level 1:colcon.colcon_core.package_identification:_identify(src/HesaiLidar_ROS_2.0) by extensions ['ros']
[0.245s] Level 1:colcon.colcon_core.package_identification:_identify(src/HesaiLidar_ROS_2.0) by extension 'ros'
[0.262s] DEBUG:colcon.colcon_core.package_identification:Package 'src/HesaiLidar_ROS_2.0' with type 'ros.ament_cmake' and name 'hesai_ros_driver'
[0.263s] Level 1:colcon.colcon_core.package_identification:_identify(src/build) by extensions ['ignore', 'ignore_ament_install']
[0.263s] Level 1:colcon.colcon_core.package_identification:_identify(src/build) by extension 'ignore'
[0.263s] Level 1:colcon.colcon_core.package_identification:_identify(src/build) ignored
[0.263s] Level 1:colcon.colcon_core.package_identification:_identify(src/cmd_vel_joy) by extensions ['ignore', 'ignore_ament_install']
[0.263s] Level 1:colcon.colcon_core.package_identification:_identify(src/cmd_vel_joy) by extension 'ignore'
[0.263s] Level 1:colcon.colcon_core.package_identification:_identify(src/cmd_vel_joy) by extension 'ignore_ament_install'
[0.263s] Level 1:colcon.colcon_core.package_identification:_identify(src/cmd_vel_joy) by extensions ['colcon_pkg']
[0.263s] Level 1:colcon.colcon_core.package_identification:_identify(src/cmd_vel_joy) by extension 'colcon_pkg'
[0.263s] Level 1:colcon.colcon_core.package_identification:_identify(src/cmd_vel_joy) by extensions ['colcon_meta']
[0.263s] Level 1:colcon.colcon_core.package_identification:_identify(src/cmd_vel_joy) by extension 'colcon_meta'
[0.263s] Level 1:colcon.colcon_core.package_identification:_identify(src/cmd_vel_joy) by extensions ['ament_gradle']
[0.263s] Level 1:colcon.colcon_core.package_identification:_identify(src/cmd_vel_joy) by extension 'ament_gradle'
[0.263s] Level 1:colcon.colcon_core.package_identification:_identify(src/cmd_vel_joy) by extensions ['ros']
[0.263s] Level 1:colcon.colcon_core.package_identification:_identify(src/cmd_vel_joy) by extension 'ros'
[0.264s] DEBUG:colcon.colcon_core.package_identification:Package 'src/cmd_vel_joy' with type 'ros.ament_python' and name 'cmd_vel_joy'
[0.264s] Level 1:colcon.colcon_core.package_identification:_identify(src/cost_cul) by extensions ['ignore', 'ignore_ament_install']
[0.264s] Level 1:colcon.colcon_core.package_identification:_identify(src/cost_cul) by extension 'ignore'
[0.264s] Level 1:colcon.colcon_core.package_identification:_identify(src/cost_cul) by extension 'ignore_ament_install'
[0.264s] Level 1:colcon.colcon_core.package_identification:_identify(src/cost_cul) by extensions ['colcon_pkg']
[0.264s] Level 1:colcon.colcon_core.package_identification:_identify(src/cost_cul) by extension 'colcon_pkg'
[0.264s] Level 1:colcon.colcon_core.package_identification:_identify(src/cost_cul) by extensions ['colcon_meta']
[0.264s] Level 1:colcon.colcon_core.package_identification:_identify(src/cost_cul) by extension 'colcon_meta'
[0.264s] Level 1:colcon.colcon_core.package_identification:_identify(src/cost_cul) by extensions ['ament_gradle']
[0.264s] Level 1:colcon.colcon_core.package_identification:_identify(src/cost_cul) by extension 'ament_gradle'
[0.264s] Level 1:colcon.colcon_core.package_identification:_identify(src/cost_cul) by extensions ['ros']
[0.264s] Level 1:colcon.colcon_core.package_identification:_identify(src/cost_cul) by extension 'ros'
[0.264s] DEBUG:colcon.colcon_core.package_identification:Package 'src/cost_cul' with type 'ros.ament_python' and name 'cost_cul'
[0.264s] Level 1:colcon.colcon_core.package_identification:_identify(src/hesai_description) by extensions ['ignore', 'ignore_ament_install']
[0.264s] Level 1:colcon.colcon_core.package_identification:_identify(src/hesai_description) by extension 'ignore'
[0.265s] Level 1:colcon.colcon_core.package_identification:_identify(src/hesai_description) by extension 'ignore_ament_install'
[0.265s] Level 1:colcon.colcon_core.package_identification:_identify(src/hesai_description) by extensions ['colcon_pkg']
[0.265s] Level 1:colcon.colcon_core.package_identification:_identify(src/hesai_description) by extension 'colcon_pkg'
[0.265s] Level 1:colcon.colcon_core.package_identification:_identify(src/hesai_description) by extensions ['colcon_meta']
[0.265s] Level 1:colcon.colcon_core.package_identification:_identify(src/hesai_description) by extension 'colcon_meta'
[0.265s] Level 1:colcon.colcon_core.package_identification:_identify(src/hesai_description) by extensions ['ament_gradle']
[0.265s] Level 1:colcon.colcon_core.package_identification:_identify(src/hesai_description) by extension 'ament_gradle'
[0.265s] Level 1:colcon.colcon_core.package_identification:_identify(src/hesai_description) by extensions ['ros']
[0.265s] Level 1:colcon.colcon_core.package_identification:_identify(src/hesai_description) by extension 'ros'
[0.265s] DEBUG:colcon.colcon_core.package_identification:Package 'src/hesai_description' with type 'ros.ament_cmake' and name 'hesai_description'
[0.265s] Level 1:colcon.colcon_core.package_identification:_identify(src/install) by extensions ['ignore', 'ignore_ament_install']
[0.265s] Level 1:colcon.colcon_core.package_identification:_identify(src/install) by extension 'ignore'
[0.265s] Level 1:colcon.colcon_core.package_identification:_identify(src/install) ignored
[0.265s] Level 1:colcon.colcon_core.package_identification:_identify(src/log) by extensions ['ignore', 'ignore_ament_install']
[0.265s] Level 1:colcon.colcon_core.package_identification:_identify(src/log) by extension 'ignore'
[0.265s] Level 1:colcon.colcon_core.package_identification:_identify(src/log) ignored
[0.266s] Level 1:colcon.colcon_core.package_identification:_identify(src/scout_gazebo) by extensions ['ignore', 'ignore_ament_install']
[0.266s] Level 1:colcon.colcon_core.package_identification:_identify(src/scout_gazebo) by extension 'ignore'
[0.266s] Level 1:colcon.colcon_core.package_identification:_identify(src/scout_gazebo) by extension 'ignore_ament_install'
[0.266s] Level 1:colcon.colcon_core.package_identification:_identify(src/scout_gazebo) by extensions ['colcon_pkg']
[0.266s] Level 1:colcon.colcon_core.package_identification:_identify(src/scout_gazebo) by extension 'colcon_pkg'
[0.266s] Level 1:colcon.colcon_core.package_identification:_identify(src/scout_gazebo) by extensions ['colcon_meta']
[0.266s] Level 1:colcon.colcon_core.package_identification:_identify(src/scout_gazebo) by extension 'colcon_meta'
[0.266s] Level 1:colcon.colcon_core.package_identification:_identify(src/scout_gazebo) by extensions ['ament_gradle']
[0.266s] Level 1:colcon.colcon_core.package_identification:_identify(src/scout_gazebo) by extension 'ament_gradle'
[0.266s] Level 1:colcon.colcon_core.package_identification:_identify(src/scout_gazebo) by extensions ['ros']
[0.266s] Level 1:colcon.colcon_core.package_identification:_identify(src/scout_gazebo) by extension 'ros'
[0.266s] DEBUG:colcon.colcon_core.package_identification:Package 'src/scout_gazebo' with type 'ros.ament_cmake' and name 'scout_gazebo'
[0.266s] Level 1:colcon.colcon_core.package_identification:_identify(src/scout_mini_control) by extensions ['ignore', 'ignore_ament_install']
[0.266s] Level 1:colcon.colcon_core.package_identification:_identify(src/scout_mini_control) by extension 'ignore'
[0.266s] Level 1:colcon.colcon_core.package_identification:_identify(src/scout_mini_control) by extension 'ignore_ament_install'
[0.266s] Level 1:colcon.colcon_core.package_identification:_identify(src/scout_mini_control) by extensions ['colcon_pkg']
[0.266s] Level 1:colcon.colcon_core.package_identification:_identify(src/scout_mini_control) by extension 'colcon_pkg'
[0.266s] Level 1:colcon.colcon_core.package_identification:_identify(src/scout_mini_control) by extensions ['colcon_meta']
[0.266s] Level 1:colcon.colcon_core.package_identification:_identify(src/scout_mini_control) by extension 'colcon_meta'
[0.266s] Level 1:colcon.colcon_core.package_identification:_identify(src/scout_mini_control) by extensions ['ament_gradle']
[0.266s] Level 1:colcon.colcon_core.package_identification:_identify(src/scout_mini_control) by extension 'ament_gradle'
[0.267s] Level 1:colcon.colcon_core.package_identification:_identify(src/scout_mini_control) by extensions ['ros']
[0.267s] Level 1:colcon.colcon_core.package_identification:_identify(src/scout_mini_control) by extension 'ros'
[0.267s] DEBUG:colcon.colcon_core.package_identification:Package 'src/scout_mini_control' with type 'ros.ament_cmake' and name 'scout_mini_control'
[0.267s] Level 1:colcon.colcon_core.package_identification:_identify(src/scout_mini_description) by extensions ['ignore', 'ignore_ament_install']
[0.267s] Level 1:colcon.colcon_core.package_identification:_identify(src/scout_mini_description) by extension 'ignore'
[0.267s] Level 1:colcon.colcon_core.package_identification:_identify(src/scout_mini_description) by extension 'ignore_ament_install'
[0.267s] Level 1:colcon.colcon_core.package_identification:_identify(src/scout_mini_description) by extensions ['colcon_pkg']
[0.267s] Level 1:colcon.colcon_core.package_identification:_identify(src/scout_mini_description) by extension 'colcon_pkg'
[0.267s] Level 1:colcon.colcon_core.package_identification:_identify(src/scout_mini_description) by extensions ['colcon_meta']
[0.267s] Level 1:colcon.colcon_core.package_identification:_identify(src/scout_mini_description) by extension 'colcon_meta'
[0.267s] Level 1:colcon.colcon_core.package_identification:_identify(src/scout_mini_description) by extensions ['ament_gradle']
[0.267s] Level 1:colcon.colcon_core.package_identification:_identify(src/scout_mini_description) by extension 'ament_gradle'
[0.267s] Level 1:colcon.colcon_core.package_identification:_identify(src/scout_mini_description) by extensions ['ros']
[0.267s] Level 1:colcon.colcon_core.package_identification:_identify(src/scout_mini_description) by extension 'ros'
[0.268s] DEBUG:colcon.colcon_core.package_identification:Package 'src/scout_mini_description' with type 'ros.ament_cmake' and name 'scout_mini_description'
[0.268s] Level 1:colcon.colcon_core.package_identification:_identify(src/scout_mini_gazebo_sim) by extensions ['ignore', 'ignore_ament_install']
[0.268s] Level 1:colcon.colcon_core.package_identification:_identify(src/scout_mini_gazebo_sim) by extension 'ignore'
[0.268s] Level 1:colcon.colcon_core.package_identification:_identify(src/scout_mini_gazebo_sim) by extension 'ignore_ament_install'
[0.268s] Level 1:colcon.colcon_core.package_identification:_identify(src/scout_mini_gazebo_sim) by extensions ['colcon_pkg']
[0.268s] Level 1:colcon.colcon_core.package_identification:_identify(src/scout_mini_gazebo_sim) by extension 'colcon_pkg'
[0.268s] Level 1:colcon.colcon_core.package_identification:_identify(src/scout_mini_gazebo_sim) by extensions ['colcon_meta']
[0.268s] Level 1:colcon.colcon_core.package_identification:_identify(src/scout_mini_gazebo_sim) by extension 'colcon_meta'
[0.268s] Level 1:colcon.colcon_core.package_identification:_identify(src/scout_mini_gazebo_sim) by extensions ['ament_gradle']
[0.268s] Level 1:colcon.colcon_core.package_identification:_identify(src/scout_mini_gazebo_sim) by extension 'ament_gradle'
[0.268s] Level 1:colcon.colcon_core.package_identification:_identify(src/scout_mini_gazebo_sim) by extensions ['ros']
[0.268s] Level 1:colcon.colcon_core.package_identification:_identify(src/scout_mini_gazebo_sim) by extension 'ros'
[0.268s] DEBUG:colcon.colcon_core.package_identification:Package 'src/scout_mini_gazebo_sim' with type 'ros.ament_cmake' and name 'scout_mini_gazebo_sim'
[0.268s] Level 1:colcon.colcon_core.package_discovery:discover_packages(recursive) using defaults
[0.269s] Level 1:colcon.colcon_core.package_discovery:discover_packages(ignore) discover
[0.269s] Level 1:colcon.colcon_core.package_discovery:discover_packages(ignore) using defaults
[0.269s] Level 1:colcon.colcon_core.package_discovery:discover_packages(path) discover
[0.269s] Level 1:colcon.colcon_core.package_discovery:discover_packages(path) using defaults
[0.285s] Level 1:colcon.colcon_core.package_discovery:discover_packages(prefix_path) check parameters
[0.285s] Level 1:colcon.colcon_core.package_discovery:discover_packages(prefix_path) discover
[0.287s] DEBUG:colcon.colcon_installed_package_information.package_discovery:Found 9 installed packages in /home/takuto/scout_ws/install
[0.288s] DEBUG:colcon.colcon_installed_package_information.package_discovery:Found 8 installed packages in /home/takuto/scout_ws/src/install
[0.289s] DEBUG:colcon.colcon_installed_package_information.package_discovery:Found 5 installed packages in /home/takuto/mecanumrover_ws/install
[0.289s] DEBUG:colcon.colcon_installed_package_information.package_discovery:Found 3 installed packages in /home/takuto/uros_ws/install
[0.290s] DEBUG:colcon.colcon_installed_package_information.package_discovery:Found 19 installed packages in /home/takuto/turtlebot3_ws/install
[0.291s] DEBUG:colcon.colcon_installed_package_information.package_discovery:Found 426 installed packages in /opt/ros/humble
[0.293s] Level 1:colcon.colcon_core.package_discovery:discover_packages(prefix_path) using defaults
[0.333s] Level 5:colcon.colcon_core.verb:set package 'cmd_vel_joy' build argument 'ament_gradle_args' from command line to 'None'
[0.333s] Level 5:colcon.colcon_core.verb:set package 'cmd_vel_joy' build argument 'ament_gradle_task' from command line to 'None'
[0.333s] Level 5:colcon.colcon_core.verb:set package 'cmd_vel_joy' build argument 'cmake_args' from command line to 'None'
[0.333s] Level 5:colcon.colcon_core.verb:set package 'cmd_vel_joy' build argument 'cmake_target' from command line to 'None'
[0.333s] Level 5:colcon.colcon_core.verb:set package 'cmd_vel_joy' build argument 'cmake_target_skip_unavailable' from command line to 'False'
[0.333s] Level 5:colcon.colcon_core.verb:set package 'cmd_vel_joy' build argument 'cmake_clean_cache' from command line to 'False'
[0.333s] Level 5:colcon.colcon_core.verb:set package 'cmd_vel_joy' build argument 'cmake_clean_first' from command line to 'False'
[0.333s] Level 5:colcon.colcon_core.verb:set package 'cmd_vel_joy' build argument 'cmake_force_configure' from command line to 'False'
[0.333s] Level 5:colcon.colcon_core.verb:set package 'cmd_vel_joy' build argument 'gradle_args' from command line to 'None'
[0.333s] Level 5:colcon.colcon_core.verb:set package 'cmd_vel_joy' build argument 'gradle_task' from command line to 'None'
[0.333s] Level 5:colcon.colcon_core.verb:set package 'cmd_vel_joy' build argument 'ament_cmake_args' from command line to 'None'
[0.333s] Level 5:colcon.colcon_core.verb:set package 'cmd_vel_joy' build argument 'catkin_cmake_args' from command line to 'None'
[0.333s] Level 5:colcon.colcon_core.verb:set package 'cmd_vel_joy' build argument 'catkin_skip_building_tests' from command line to 'False'
[0.333s] DEBUG:colcon.colcon_core.verb:Building package 'cmd_vel_joy' with the following arguments: {'ament_cmake_args': None, 'ament_gradle_args': None, 'ament_gradle_task': None, 'build_base': '/home/takuto/scout_ws/build/cmd_vel_joy', 'catkin_cmake_args': None, 'catkin_skip_building_tests': False, 'cmake_args': None, 'cmake_clean_cache': False, 'cmake_clean_first': False, 'cmake_force_configure': False, 'cmake_target': None, 'cmake_target_skip_unavailable': False, 'gradle_args': None, 'gradle_task': None, 'install_base': '/home/takuto/scout_ws/install/cmd_vel_joy', 'merge_install': False, 'path': '/home/takuto/scout_ws/src/cmd_vel_joy', 'symlink_install': True, 'test_result_base': None}
[0.333s] Level 5:colcon.colcon_core.verb:set package 'cost_cul' build argument 'ament_gradle_args' from command line to 'None'
[0.333s] Level 5:colcon.colcon_core.verb:set package 'cost_cul' build argument 'ament_gradle_task' from command line to 'None'
[0.333s] Level 5:colcon.colcon_core.verb:set package 'cost_cul' build argument 'cmake_args' from command line to 'None'
[0.333s] Level 5:colcon.colcon_core.verb:set package 'cost_cul' build argument 'cmake_target' from command line to 'None'
[0.333s] Level 5:colcon.colcon_core.verb:set package 'cost_cul' build argument 'cmake_target_skip_unavailable' from command line to 'False'
[0.333s] Level 5:colcon.colcon_core.verb:set package 'cost_cul' build argument 'cmake_clean_cache' from command line to 'False'
[0.333s] Level 5:colcon.colcon_core.verb:set package 'cost_cul' build argument 'cmake_clean_first' from command line to 'False'
[0.333s] Level 5:colcon.colcon_core.verb:set package 'cost_cul' build argument 'cmake_force_configure' from command line to 'False'
[0.333s] Level 5:colcon.colcon_core.verb:set package 'cost_cul' build argument 'gradle_args' from command line to 'None'
[0.333s] Level 5:colcon.colcon_core.verb:set package 'cost_cul' build argument 'gradle_task' from command line to 'None'
[0.333s] Level 5:colcon.colcon_core.verb:set package 'cost_cul' build argument 'ament_cmake_args' from command line to 'None'
[0.334s] Level 5:colcon.colcon_core.verb:set package 'cost_cul' build argument 'catkin_cmake_args' from command line to 'None'
[0.334s] Level 5:colcon.colcon_core.verb:set package 'cost_cul' build argument 'catkin_skip_building_tests' from command line to 'False'
[0.334s] DEBUG:colcon.colcon_core.verb:Building package 'cost_cul' with the following arguments: {'ament_cmake_args': None, 'ament_gradle_args': None, 'ament_gradle_task': None, 'build_base': '/home/takuto/scout_ws/build/cost_cul', 'catkin_cmake_args': None, 'catkin_skip_building_tests': False, 'cmake_args': None, 'cmake_clean_cache': False, 'cmake_clean_first': False, 'cmake_force_configure': False, 'cmake_target': None, 'cmake_target_skip_unavailable': False, 'gradle_args': None, 'gradle_task': None, 'install_base': '/home/takuto/scout_ws/install/cost_cul', 'merge_install': False, 'path': '/home/takuto/scout_ws/src/cost_cul', 'symlink_install': True, 'test_result_base': None}
[0.334s] Level 5:colcon.colcon_core.verb:set package 'hesai_description' build argument 'ament_gradle_args' from command line to 'None'
[0.334s] Level 5:colcon.colcon_core.verb:set package 'hesai_description' build argument 'ament_gradle_task' from command line to 'None'
[0.334s] Level 5:colcon.colcon_core.verb:set package 'hesai_description' build argument 'cmake_args' from command line to 'None'
[0.334s] Level 5:colcon.colcon_core.verb:set package 'hesai_description' build argument 'cmake_target' from command line to 'None'
[0.334s] Level 5:colcon.colcon_core.verb:set package 'hesai_description' build argument 'cmake_target_skip_unavailable' from command line to 'False'
[0.334s] Level 5:colcon.colcon_core.verb:set package 'hesai_description' build argument 'cmake_clean_cache' from command line to 'False'
[0.334s] Level 5:colcon.colcon_core.verb:set package 'hesai_description' build argument 'cmake_clean_first' from command line to 'False'
[0.334s] Level 5:colcon.colcon_core.verb:set package 'hesai_description' build argument 'cmake_force_configure' from command line to 'False'
[0.334s] Level 5:colcon.colcon_core.verb:set package 'hesai_description' build argument 'gradle_args' from command line to 'None'
[0.334s] Level 5:colcon.colcon_core.verb:set package 'hesai_description' build argument 'gradle_task' from command line to 'None'
[0.334s] Level 5:colcon.colcon_core.verb:set package 'hesai_description' build argument 'ament_cmake_args' from command line to 'None'
[0.334s] Level 5:colcon.colcon_core.verb:set package 'hesai_description' build argument 'catkin_cmake_args' from command line to 'None'
[0.334s] Level 5:colcon.colcon_core.verb:set package 'hesai_description' build argument 'catkin_skip_building_tests' from command line to 'False'
[0.334s] DEBUG:colcon.colcon_core.verb:Building package 'hesai_description' with the following arguments: {'ament_cmake_args': None, 'ament_gradle_args': None, 'ament_gradle_task': None, 'build_base': '/home/takuto/scout_ws/build/hesai_description', 'catkin_cmake_args': None, 'catkin_skip_building_tests': False, 'cmake_args': None, 'cmake_clean_cache': False, 'cmake_clean_first': False, 'cmake_force_configure': False, 'cmake_target': None, 'cmake_target_skip_unavailable': False, 'gradle_args': None, 'gradle_task': None, 'install_base': '/home/takuto/scout_ws/install/hesai_description', 'merge_install': False, 'path': '/home/takuto/scout_ws/src/hesai_description', 'symlink_install': True, 'test_result_base': None}
[0.334s] Level 5:colcon.colcon_core.verb:set package 'hesai_ros_driver' build argument 'ament_gradle_args' from command line to 'None'
[0.334s] Level 5:colcon.colcon_core.verb:set package 'hesai_ros_driver' build argument 'ament_gradle_task' from command line to 'None'
[0.334s] Level 5:colcon.colcon_core.verb:set package 'hesai_ros_driver' build argument 'cmake_args' from command line to 'None'
[0.334s] Level 5:colcon.colcon_core.verb:set package 'hesai_ros_driver' build argument 'cmake_target' from command line to 'None'
[0.334s] Level 5:colcon.colcon_core.verb:set package 'hesai_ros_driver' build argument 'cmake_target_skip_unavailable' from command line to 'False'
[0.335s] Level 5:colcon.colcon_core.verb:set package 'hesai_ros_driver' build argument 'cmake_clean_cache' from command line to 'False'
[0.335s] Level 5:colcon.colcon_core.verb:set package 'hesai_ros_driver' build argument 'cmake_clean_first' from command line to 'False'
[0.335s] Level 5:colcon.colcon_core.verb:set package 'hesai_ros_driver' build argument 'cmake_force_configure' from command line to 'False'
[0.335s] Level 5:colcon.colcon_core.verb:set package 'hesai_ros_driver' build argument 'gradle_args' from command line to 'None'
[0.335s] Level 5:colcon.colcon_core.verb:set package 'hesai_ros_driver' build argument 'gradle_task' from command line to 'None'
[0.335s] Level 5:colcon.colcon_core.verb:set package 'hesai_ros_driver' build argument 'ament_cmake_args' from command line to 'None'
[0.335s] Level 5:colcon.colcon_core.verb:set package 'hesai_ros_driver' build argument 'catkin_cmake_args' from command line to 'None'
[0.335s] Level 5:colcon.colcon_core.verb:set package 'hesai_ros_driver' build argument 'catkin_skip_building_tests' from command line to 'False'
[0.335s] DEBUG:colcon.colcon_core.verb:Building package 'hesai_ros_driver' with the following arguments: {'ament_cmake_args': None, 'ament_gradle_args': None, 'ament_gradle_task': None, 'build_base': '/home/takuto/scout_ws/build/hesai_ros_driver', 'catkin_cmake_args': None, 'catkin_skip_building_tests': False, 'cmake_args': None, 'cmake_clean_cache': False, 'cmake_clean_first': False, 'cmake_force_configure': False, 'cmake_target': None, 'cmake_target_skip_unavailable': False, 'gradle_args': None, 'gradle_task': None, 'install_base': '/home/takuto/scout_ws/install/hesai_ros_driver', 'merge_install': False, 'path': '/home/takuto/scout_ws/src/HesaiLidar_ROS_2.0', 'symlink_install': True, 'test_result_base': None}
[0.335s] Level 5:colcon.colcon_core.verb:set package 'scout_gazebo' build argument 'ament_gradle_args' from command line to 'None'
[0.335s] Level 5:colcon.colcon_core.verb:set package 'scout_gazebo' build argument 'ament_gradle_task' from command line to 'None'
[0.335s] Level 5:colcon.colcon_core.verb:set package 'scout_gazebo' build argument 'cmake_args' from command line to 'None'
[0.335s] Level 5:colcon.colcon_core.verb:set package 'scout_gazebo' build argument 'cmake_target' from command line to 'None'
[0.335s] Level 5:colcon.colcon_core.verb:set package 'scout_gazebo' build argument 'cmake_target_skip_unavailable' from command line to 'False'
[0.335s] Level 5:colcon.colcon_core.verb:set package 'scout_gazebo' build argument 'cmake_clean_cache' from command line to 'False'
[0.335s] Level 5:colcon.colcon_core.verb:set package 'scout_gazebo' build argument 'cmake_clean_first' from command line to 'False'
[0.335s] Level 5:colcon.colcon_core.verb:set package 'scout_gazebo' build argument 'cmake_force_configure' from command line to 'False'
[0.335s] Level 5:colcon.colcon_core.verb:set package 'scout_gazebo' build argument 'gradle_args' from command line to 'None'
[0.335s] Level 5:colcon.colcon_core.verb:set package 'scout_gazebo' build argument 'gradle_task' from command line to 'None'
[0.335s] Level 5:colcon.colcon_core.verb:set package 'scout_gazebo' build argument 'ament_cmake_args' from command line to 'None'
[0.335s] Level 5:colcon.colcon_core.verb:set package 'scout_gazebo' build argument 'catkin_cmake_args' from command line to 'None'
[0.335s] Level 5:colcon.colcon_core.verb:set package 'scout_gazebo' build argument 'catkin_skip_building_tests' from command line to 'False'
[0.335s] DEBUG:colcon.colcon_core.verb:Building package 'scout_gazebo' with the following arguments: {'ament_cmake_args': None, 'ament_gradle_args': None, 'ament_gradle_task': None, 'build_base': '/home/takuto/scout_ws/build/scout_gazebo', 'catkin_cmake_args': None, 'catkin_skip_building_tests': False, 'cmake_args': None, 'cmake_clean_cache': False, 'cmake_clean_first': False, 'cmake_force_configure': False, 'cmake_target': None, 'cmake_target_skip_unavailable': False, 'gradle_args': None, 'gradle_task': None, 'install_base': '/home/takuto/scout_ws/install/scout_gazebo', 'merge_install': False, 'path': '/home/takuto/scout_ws/src/scout_gazebo', 'symlink_install': True, 'test_result_base': None}
[0.335s] Level 5:colcon.colcon_core.verb:set package 'scout_mini_control' build argument 'ament_gradle_args' from command line to 'None'
[0.336s] Level 5:colcon.colcon_core.verb:set package 'scout_mini_control' build argument 'ament_gradle_task' from command line to 'None'
[0.336s] Level 5:colcon.colcon_core.verb:set package 'scout_mini_control' build argument 'cmake_args' from command line to 'None'
[0.336s] Level 5:colcon.colcon_core.verb:set package 'scout_mini_control' build argument 'cmake_target' from command line to 'None'
[0.336s] Level 5:colcon.colcon_core.verb:set package 'scout_mini_control' build argument 'cmake_target_skip_unavailable' from command line to 'False'
[0.336s] Level 5:colcon.colcon_core.verb:set package 'scout_mini_control' build argument 'cmake_clean_cache' from command line to 'False'
[0.336s] Level 5:colcon.colcon_core.verb:set package 'scout_mini_control' build argument 'cmake_clean_first' from command line to 'False'
[0.336s] Level 5:colcon.colcon_core.verb:set package 'scout_mini_control' build argument 'cmake_force_configure' from command line to 'False'
[0.336s] Level 5:colcon.colcon_core.verb:set package 'scout_mini_control' build argument 'gradle_args' from command line to 'None'
[0.336s] Level 5:colcon.colcon_core.verb:set package 'scout_mini_control' build argument 'gradle_task' from command line to 'None'
[0.336s] Level 5:colcon.colcon_core.verb:set package 'scout_mini_control' build argument 'ament_cmake_args' from command line to 'None'
[0.336s] Level 5:colcon.colcon_core.verb:set package 'scout_mini_control' build argument 'catkin_cmake_args' from command line to 'None'
[0.336s] Level 5:colcon.colcon_core.verb:set package 'scout_mini_control' build argument 'catkin_skip_building_tests' from command line to 'False'
[0.336s] DEBUG:colcon.colcon_core.verb:Building package 'scout_mini_control' with the following arguments: {'ament_cmake_args': None, 'ament_gradle_args': None, 'ament_gradle_task': None, 'build_base': '/home/takuto/scout_ws/build/scout_mini_control', 'catkin_cmake_args': None, 'catkin_skip_building_tests': False, 'cmake_args': None, 'cmake_clean_cache': False, 'cmake_clean_first': False, 'cmake_force_configure': False, 'cmake_target': None, 'cmake_target_skip_unavailable': False, 'gradle_args': None, 'gradle_task': None, 'install_base': '/home/takuto/scout_ws/install/scout_mini_control', 'merge_install': False, 'path': '/home/takuto/scout_ws/src/scout_mini_control', 'symlink_install': True, 'test_result_base': None}
[0.336s] Level 5:colcon.colcon_core.verb:set package 'scout_mini_description' build argument 'ament_gradle_args' from command line to 'None'
[0.336s] Level 5:colcon.colcon_core.verb:set package 'scout_mini_description' build argument 'ament_gradle_task' from command line to 'None'
[0.336s] Level 5:colcon.colcon_core.verb:set package 'scout_mini_description' build argument 'cmake_args' from command line to 'None'
[0.336s] Level 5:colcon.colcon_core.verb:set package 'scout_mini_description' build argument 'cmake_target' from command line to 'None'
[0.336s] Level 5:colcon.colcon_core.verb:set package 'scout_mini_description' build argument 'cmake_target_skip_unavailable' from command line to 'False'
[0.336s] Level 5:colcon.colcon_core.verb:set package 'scout_mini_description' build argument 'cmake_clean_cache' from command line to 'False'
[0.336s] Level 5:colcon.colcon_core.verb:set package 'scout_mini_description' build argument 'cmake_clean_first' from command line to 'False'
[0.336s] Level 5:colcon.colcon_core.verb:set package 'scout_mini_description' build argument 'cmake_force_configure' from command line to 'False'
[0.336s] Level 5:colcon.colcon_core.verb:set package 'scout_mini_description' build argument 'gradle_args' from command line to 'None'
[0.336s] Level 5:colcon.colcon_core.verb:set package 'scout_mini_description' build argument 'gradle_task' from command line to 'None'
[0.336s] Level 5:colcon.colcon_core.verb:set package 'scout_mini_description' build argument 'ament_cmake_args' from command line to 'None'
[0.336s] Level 5:colcon.colcon_core.verb:set package 'scout_mini_description' build argument 'catkin_cmake_args' from command line to 'None'
[0.336s] Level 5:colcon.colcon_core.verb:set package 'scout_mini_description' build argument 'catkin_skip_building_tests' from command line to 'False'
[0.336s] DEBUG:colcon.colcon_core.verb:Building package 'scout_mini_description' with the following arguments: {'ament_cmake_args': None, 'ament_gradle_args': None, 'ament_gradle_task': None, 'build_base': '/home/takuto/scout_ws/build/scout_mini_description', 'catkin_cmake_args': None, 'catkin_skip_building_tests': False, 'cmake_args': None, 'cmake_clean_cache': False, 'cmake_clean_first': False, 'cmake_force_configure': False, 'cmake_target': None, 'cmake_target_skip_unavailable': False, 'gradle_args': None, 'gradle_task': None, 'install_base': '/home/takuto/scout_ws/install/scout_mini_description', 'merge_install': False, 'path': '/home/takuto/scout_ws/src/scout_mini_description', 'symlink_install': True, 'test_result_base': None}
[0.337s] Level 5:colcon.colcon_core.verb:set package 'scout_mini_gazebo_sim' build argument 'ament_gradle_args' from command line to 'None'
[0.337s] Level 5:colcon.colcon_core.verb:set package 'scout_mini_gazebo_sim' build argument 'ament_gradle_task' from command line to 'None'
[0.337s] Level 5:colcon.colcon_core.verb:set package 'scout_mini_gazebo_sim' build argument 'cmake_args' from command line to 'None'
[0.337s] Level 5:colcon.colcon_core.verb:set package 'scout_mini_gazebo_sim' build argument 'cmake_target' from command line to 'None'
[0.337s] Level 5:colcon.colcon_core.verb:set package 'scout_mini_gazebo_sim' build argument 'cmake_target_skip_unavailable' from command line to 'False'
[0.337s] Level 5:colcon.colcon_core.verb:set package 'scout_mini_gazebo_sim' build argument 'cmake_clean_cache' from command line to 'False'
[0.337s] Level 5:colcon.colcon_core.verb:set package 'scout_mini_gazebo_sim' build argument 'cmake_clean_first' from command line to 'False'
[0.337s] Level 5:colcon.colcon_core.verb:set package 'scout_mini_gazebo_sim' build argument 'cmake_force_configure' from command line to 'False'
[0.337s] Level 5:colcon.colcon_core.verb:set package 'scout_mini_gazebo_sim' build argument 'gradle_args' from command line to 'None'
[0.337s] Level 5:colcon.colcon_core.verb:set package 'scout_mini_gazebo_sim' build argument 'gradle_task' from command line to 'None'
[0.337s] Level 5:colcon.colcon_core.verb:set package 'scout_mini_gazebo_sim' build argument 'ament_cmake_args' from command line to 'None'
[0.337s] Level 5:colcon.colcon_core.verb:set package 'scout_mini_gazebo_sim' build argument 'catkin_cmake_args' from command line to 'None'
[0.337s] Level 5:colcon.colcon_core.verb:set package 'scout_mini_gazebo_sim' build argument 'catkin_skip_building_tests' from command line to 'False'
[0.337s] DEBUG:colcon.colcon_core.verb:Building package 'scout_mini_gazebo_sim' with the following arguments: {'ament_cmake_args': None, 'ament_gradle_args': None, 'ament_gradle_task': None, 'build_base': '/home/takuto/scout_ws/build/scout_mini_gazebo_sim', 'catkin_cmake_args': None, 'catkin_skip_building_tests': False, 'cmake_args': None, 'cmake_clean_cache': False, 'cmake_clean_first': False, 'cmake_force_configure': False, 'cmake_target': None, 'cmake_target_skip_unavailable': False, 'gradle_args': None, 'gradle_task': None, 'install_base': '/home/takuto/scout_ws/install/scout_mini_gazebo_sim', 'merge_install': False, 'path': '/home/takuto/scout_ws/src/scout_mini_gazebo_sim', 'symlink_install': True, 'test_result_base': None}
[0.337s] INFO:colcon.colcon_core.executor:Executing jobs using 'parallel' executor
[0.338s] DEBUG:colcon.colcon_parallel_executor.executor.parallel:run_until_complete
[0.338s] INFO:colcon.colcon_ros.task.ament_cmake.build:Building ROS package in '/home/takuto/scout_ws/src/scout_mini_description' with build type 'ament_cmake'
[0.338s] INFO:colcon.colcon_cmake.task.cmake.build:Building CMake package in '/home/takuto/scout_ws/src/scout_mini_description'
[0.340s] INFO:colcon.colcon_core.plugin_system:Skipping extension 'colcon_core.shell.bat': Not used on non-Windows systems
[0.340s] INFO:colcon.colcon_core.shell:Skip shell extension 'powershell' for command environment: Not usable outside of PowerShell
[0.340s] DEBUG:colcon.colcon_core.shell:Skip shell extension 'dsv' for command environment
[0.346s] INFO:colcon.colcon_ros.task.ament_python.build:Building ROS package in '/home/takuto/scout_ws/src/cmd_vel_joy' with build type 'ament_python'
[0.346s] Level 1:colcon.colcon_core.shell:create_environment_hook('cmd_vel_joy', 'ament_prefix_path')
[0.346s] INFO:colcon.colcon_core.shell:Creating environment hook '/home/takuto/scout_ws/install/cmd_vel_joy/share/cmd_vel_joy/hook/ament_prefix_path.ps1'
[0.347s] INFO:colcon.colcon_core.shell:Creating environment descriptor '/home/takuto/scout_ws/install/cmd_vel_joy/share/cmd_vel_joy/hook/ament_prefix_path.dsv'
[0.347s] INFO:colcon.colcon_core.shell:Creating environment hook '/home/takuto/scout_ws/install/cmd_vel_joy/share/cmd_vel_joy/hook/ament_prefix_path.sh'
[0.348s] INFO:colcon.colcon_core.shell:Skip shell extension 'powershell' for command environment: Not usable outside of PowerShell
[0.348s] DEBUG:colcon.colcon_core.shell:Skip shell extension 'dsv' for command environment
[0.353s] INFO:colcon.colcon_ros.task.ament_python.build:Building ROS package in '/home/takuto/scout_ws/src/cost_cul' with build type 'ament_python'
[0.354s] Level 1:colcon.colcon_core.shell:create_environment_hook('cost_cul', 'ament_prefix_path')
[0.354s] INFO:colcon.colcon_core.shell:Creating environment hook '/home/takuto/scout_ws/install/cost_cul/share/cost_cul/hook/ament_prefix_path.ps1'
[0.354s] INFO:colcon.colcon_core.shell:Creating environment descriptor '/home/takuto/scout_ws/install/cost_cul/share/cost_cul/hook/ament_prefix_path.dsv'
[0.354s] INFO:colcon.colcon_core.shell:Creating environment hook '/home/takuto/scout_ws/install/cost_cul/share/cost_cul/hook/ament_prefix_path.sh'
[0.355s] INFO:colcon.colcon_core.shell:Skip shell extension 'powershell' for command environment: Not usable outside of PowerShell
[0.355s] DEBUG:colcon.colcon_core.shell:Skip shell extension 'dsv' for command environment
[0.360s] INFO:colcon.colcon_ros.task.ament_cmake.build:Building ROS package in '/home/takuto/scout_ws/src/hesai_description' with build type 'ament_cmake'
[0.360s] INFO:colcon.colcon_cmake.task.cmake.build:Building CMake package in '/home/takuto/scout_ws/src/hesai_description'
[0.361s] INFO:colcon.colcon_core.shell:Skip shell extension 'powershell' for command environment: Not usable outside of PowerShell
[0.361s] DEBUG:colcon.colcon_core.shell:Skip shell extension 'dsv' for command environment
[0.366s] INFO:colcon.colcon_ros.task.ament_cmake.build:Building ROS package in '/home/takuto/scout_ws/src/HesaiLidar_ROS_2.0' with build type 'ament_cmake'
[0.366s] INFO:colcon.colcon_cmake.task.cmake.build:Building CMake package in '/home/takuto/scout_ws/src/HesaiLidar_ROS_2.0'
[0.366s] INFO:colcon.colcon_core.shell:Skip shell extension 'powershell' for command environment: Not usable outside of PowerShell
[0.366s] DEBUG:colcon.colcon_core.shell:Skip shell extension 'dsv' for command environment
[0.372s] INFO:colcon.colcon_ros.task.ament_cmake.build:Building ROS package in '/home/takuto/scout_ws/src/scout_gazebo' with build type 'ament_cmake'
[0.372s] INFO:colcon.colcon_cmake.task.cmake.build:Building CMake package in '/home/takuto/scout_ws/src/scout_gazebo'
[0.372s] INFO:colcon.colcon_core.shell:Skip shell extension 'powershell' for command environment: Not usable outside of PowerShell
[0.372s] DEBUG:colcon.colcon_core.shell:Skip shell extension 'dsv' for command environment
[0.378s] INFO:colcon.colcon_ros.task.ament_cmake.build:Building ROS package in '/home/takuto/scout_ws/src/scout_mini_control' with build type 'ament_cmake'
[0.378s] INFO:colcon.colcon_cmake.task.cmake.build:Building CMake package in '/home/takuto/scout_ws/src/scout_mini_control'
[0.378s] INFO:colcon.colcon_core.shell:Skip shell extension 'powershell' for command environment: Not usable outside of PowerShell
[0.378s] DEBUG:colcon.colcon_core.shell:Skip shell extension 'dsv' for command environment
[0.389s] DEBUG:colcon.colcon_core.event_handler.log_command:Invoking command in '/home/takuto/scout_ws/build/scout_mini_description': CMAKE_PREFIX_PATH=/home/takuto/scout_ws/install/scout_mini_gazebo_sim:/home/takuto/scout_ws/src/install/scout_mini_gazebo_sim:/home/takuto/scout_ws/src/install/scout_mini_description:/home/takuto/scout_ws/src/install/scout_mini_control:/home/takuto/scout_ws/src/install/hesai_description:/home/takuto/scout_ws/install/scout_mini_control:/home/takuto/scout_ws/install/scout_mini_description:/home/takuto/scout_ws/install/scout_gazebo:/home/takuto/scout_ws/install/scout_description:/home/takuto/scout_ws/install/hesai_ros_driver:/home/takuto/scout_ws/install/hesai_description:/home/takuto/mecanumrover_ws/install/vs_rover_options_description:/home/takuto/mecanumrover_ws/install/mecanumrover_gazebo:/home/takuto/mecanumrover_ws/install/mecanumrover3:/home/takuto/mecanumrover_ws/install/mecanumrover_description:/home/takuto/mecanumrover_ws/install/mecanumrover3_bringup:/home/takuto/uros_ws/install/micro_ros_setup:/home/takuto/uros_ws/install/micro_ros_agent:/home/takuto/uros_ws/install/micro_ros_msgs:/home/takuto/scout_ws/src/install/scout_gazebo:/home/takuto/scout_ws/src/install/hesai_ros_driver:/home/takuto/turtlebot3_ws/install/turtlebot3:/home/takuto/turtlebot3_ws/install/turtlebot3_simulations:/home/takuto/turtlebot3_ws/install/turtlebot3_bringup:/home/takuto/turtlebot3_ws/install/turtlebot3_node:/home/takuto/turtlebot3_ws/install/turtlebot3_navigation2:/home/takuto/turtlebot3_ws/install/turtlebot3_gazebo:/home/takuto/turtlebot3_ws/install/turtlebot3_fake_node:/home/takuto/turtlebot3_ws/install/turtlebot3_description:/home/takuto/turtlebot3_ws/install/turtlebot3_cartographer:/home/takuto/scout_ws/src/install/cost_cul:/home/takuto/scout_ws/install/cost_cul:/home/takuto/scout_ws/install/cmd_vel_joy:/home/takuto/scout_ws/src/install/cmd_vel_joy:/home/takuto/turtlebot3_ws/install/turtlebot3_teleop:/home/takuto/turtlebot3_ws/install/turtlebot3_example:/home/takuto/turtlebot3_ws/install/cmd_vel_joy:/opt/ros/humble:/home/takuto/turtlebot3_ws/install/realsense_gazebo_plugin:/home/takuto/turtlebot3_ws/install/realsense2_description:/home/takuto/turtlebot3_ws/install/realsense2_camera:/home/takuto/turtlebot3_ws/install/realsense2_camera_msgs:/home/takuto/turtlebot3_ws/install/dynamixel_sdk_examples:/home/takuto/turtlebot3_ws/install/dynamixel_sdk_custom_interfaces:/home/takuto/turtlebot3_ws/install/dynamixel_sdk /usr/bin/cmake --build /home/takuto/scout_ws/build/scout_mini_description -- -j16 -l16
[0.634s] INFO:colcon.colcon_core.task.python.build:Building Python package in '/home/takuto/scout_ws/src/cmd_vel_joy'
[0.635s] INFO:colcon.colcon_core.shell:Skip shell extension 'powershell' for command environment: Not usable outside of PowerShell
[0.635s] DEBUG:colcon.colcon_core.shell:Skip shell extension 'dsv' for command environment
[0.892s] INFO:colcon.colcon_core.task.python.build:Building Python package in '/home/takuto/scout_ws/src/cost_cul'
[0.893s] INFO:colcon.colcon_core.shell:Skip shell extension 'powershell' for command environment: Not usable outside of PowerShell
[0.893s] DEBUG:colcon.colcon_core.shell:Skip shell extension 'dsv' for command environment
[0.902s] DEBUG:colcon.colcon_core.event_handler.log_command:Invoking command in '/home/takuto/scout_ws/build/hesai_description': CMAKE_PREFIX_PATH=/home/takuto/scout_ws/install/scout_mini_gazebo_sim:/home/takuto/scout_ws/src/install/scout_mini_gazebo_sim:/home/takuto/scout_ws/src/install/scout_mini_description:/home/takuto/scout_ws/src/install/scout_mini_control:/home/takuto/scout_ws/src/install/hesai_description:/home/takuto/scout_ws/install/scout_mini_control:/home/takuto/scout_ws/install/scout_mini_description:/home/takuto/scout_ws/install/scout_gazebo:/home/takuto/scout_ws/install/scout_description:/home/takuto/scout_ws/install/hesai_ros_driver:/home/takuto/scout_ws/install/hesai_description:/home/takuto/mecanumrover_ws/install/vs_rover_options_description:/home/takuto/mecanumrover_ws/install/mecanumrover_gazebo:/home/takuto/mecanumrover_ws/install/mecanumrover3:/home/takuto/mecanumrover_ws/install/mecanumrover_description:/home/takuto/mecanumrover_ws/install/mecanumrover3_bringup:/home/takuto/uros_ws/install/micro_ros_setup:/home/takuto/uros_ws/install/micro_ros_agent:/home/takuto/uros_ws/install/micro_ros_msgs:/home/takuto/scout_ws/src/install/scout_gazebo:/home/takuto/scout_ws/src/install/hesai_ros_driver:/home/takuto/turtlebot3_ws/install/turtlebot3:/home/takuto/turtlebot3_ws/install/turtlebot3_simulations:/home/takuto/turtlebot3_ws/install/turtlebot3_bringup:/home/takuto/turtlebot3_ws/install/turtlebot3_node:/home/takuto/turtlebot3_ws/install/turtlebot3_navigation2:/home/takuto/turtlebot3_ws/install/turtlebot3_gazebo:/home/takuto/turtlebot3_ws/install/turtlebot3_fake_node:/home/takuto/turtlebot3_ws/install/turtlebot3_description:/home/takuto/turtlebot3_ws/install/turtlebot3_cartographer:/home/takuto/scout_ws/src/install/cost_cul:/home/takuto/scout_ws/install/cost_cul:/home/takuto/scout_ws/install/cmd_vel_joy:/home/takuto/scout_ws/src/install/cmd_vel_joy:/home/takuto/turtlebot3_ws/install/turtlebot3_teleop:/home/takuto/turtlebot3_ws/install/turtlebot3_example:/home/takuto/turtlebot3_ws/install/cmd_vel_joy:/opt/ros/humble:/home/takuto/turtlebot3_ws/install/realsense_gazebo_plugin:/home/takuto/turtlebot3_ws/install/realsense2_description:/home/takuto/turtlebot3_ws/install/realsense2_camera:/home/takuto/turtlebot3_ws/install/realsense2_camera_msgs:/home/takuto/turtlebot3_ws/install/dynamixel_sdk_examples:/home/takuto/turtlebot3_ws/install/dynamixel_sdk_custom_interfaces:/home/takuto/turtlebot3_ws/install/dynamixel_sdk /usr/bin/cmake --build /home/takuto/scout_ws/build/hesai_description -- -j16 -l16
[0.904s] DEBUG:colcon.colcon_core.event_handler.log_command:Invoking command in '/home/takuto/scout_ws/build/hesai_ros_driver': CMAKE_PREFIX_PATH=/home/takuto/scout_ws/install/scout_mini_gazebo_sim:/home/takuto/scout_ws/src/install/scout_mini_gazebo_sim:/home/takuto/scout_ws/src/install/scout_mini_description:/home/takuto/scout_ws/src/install/scout_mini_control:/home/takuto/scout_ws/src/install/hesai_description:/home/takuto/scout_ws/install/scout_mini_control:/home/takuto/scout_ws/install/scout_mini_description:/home/takuto/scout_ws/install/scout_gazebo:/home/takuto/scout_ws/install/scout_description:/home/takuto/scout_ws/install/hesai_ros_driver:/home/takuto/scout_ws/install/hesai_description:/home/takuto/mecanumrover_ws/install/vs_rover_options_description:/home/takuto/mecanumrover_ws/install/mecanumrover_gazebo:/home/takuto/mecanumrover_ws/install/mecanumrover3:/home/takuto/mecanumrover_ws/install/mecanumrover_description:/home/takuto/mecanumrover_ws/install/mecanumrover3_bringup:/home/takuto/uros_ws/install/micro_ros_setup:/home/takuto/uros_ws/install/micro_ros_agent:/home/takuto/uros_ws/install/micro_ros_msgs:/home/takuto/scout_ws/src/install/scout_gazebo:/home/takuto/scout_ws/src/install/hesai_ros_driver:/home/takuto/turtlebot3_ws/install/turtlebot3:/home/takuto/turtlebot3_ws/install/turtlebot3_simulations:/home/takuto/turtlebot3_ws/install/turtlebot3_bringup:/home/takuto/turtlebot3_ws/install/turtlebot3_node:/home/takuto/turtlebot3_ws/install/turtlebot3_navigation2:/home/takuto/turtlebot3_ws/install/turtlebot3_gazebo:/home/takuto/turtlebot3_ws/install/turtlebot3_fake_node:/home/takuto/turtlebot3_ws/install/turtlebot3_description:/home/takuto/turtlebot3_ws/install/turtlebot3_cartographer:/home/takuto/scout_ws/src/install/cost_cul:/home/takuto/scout_ws/install/cost_cul:/home/takuto/scout_ws/install/cmd_vel_joy:/home/takuto/scout_ws/src/install/cmd_vel_joy:/home/takuto/turtlebot3_ws/install/turtlebot3_teleop:/home/takuto/turtlebot3_ws/install/turtlebot3_example:/home/takuto/turtlebot3_ws/install/cmd_vel_joy:/opt/ros/humble:/home/takuto/turtlebot3_ws/install/realsense_gazebo_plugin:/home/takuto/turtlebot3_ws/install/realsense2_description:/home/takuto/turtlebot3_ws/install/realsense2_camera:/home/takuto/turtlebot3_ws/install/realsense2_camera_msgs:/home/takuto/turtlebot3_ws/install/dynamixel_sdk_examples:/home/takuto/turtlebot3_ws/install/dynamixel_sdk_custom_interfaces:/home/takuto/turtlebot3_ws/install/dynamixel_sdk /usr/bin/cmake --build /home/takuto/scout_ws/build/hesai_ros_driver -- -j16 -l16
[0.907s] DEBUG:colcon.colcon_core.event_handler.log_command:Invoking command in '/home/takuto/scout_ws/build/scout_gazebo': CMAKE_PREFIX_PATH=/home/takuto/scout_ws/install/scout_mini_gazebo_sim:/home/takuto/scout_ws/src/install/scout_mini_gazebo_sim:/home/takuto/scout_ws/src/install/scout_mini_description:/home/takuto/scout_ws/src/install/scout_mini_control:/home/takuto/scout_ws/src/install/hesai_description:/home/takuto/scout_ws/install/scout_mini_control:/home/takuto/scout_ws/install/scout_mini_description:/home/takuto/scout_ws/install/scout_gazebo:/home/takuto/scout_ws/install/scout_description:/home/takuto/scout_ws/install/hesai_ros_driver:/home/takuto/scout_ws/install/hesai_description:/home/takuto/mecanumrover_ws/install/vs_rover_options_description:/home/takuto/mecanumrover_ws/install/mecanumrover_gazebo:/home/takuto/mecanumrover_ws/install/mecanumrover3:/home/takuto/mecanumrover_ws/install/mecanumrover_description:/home/takuto/mecanumrover_ws/install/mecanumrover3_bringup:/home/takuto/uros_ws/install/micro_ros_setup:/home/takuto/uros_ws/install/micro_ros_agent:/home/takuto/uros_ws/install/micro_ros_msgs:/home/takuto/scout_ws/src/install/scout_gazebo:/home/takuto/scout_ws/src/install/hesai_ros_driver:/home/takuto/turtlebot3_ws/install/turtlebot3:/home/takuto/turtlebot3_ws/install/turtlebot3_simulations:/home/takuto/turtlebot3_ws/install/turtlebot3_bringup:/home/takuto/turtlebot3_ws/install/turtlebot3_node:/home/takuto/turtlebot3_ws/install/turtlebot3_navigation2:/home/takuto/turtlebot3_ws/install/turtlebot3_gazebo:/home/takuto/turtlebot3_ws/install/turtlebot3_fake_node:/home/takuto/turtlebot3_ws/install/turtlebot3_description:/home/takuto/turtlebot3_ws/install/turtlebot3_cartographer:/home/takuto/scout_ws/src/install/cost_cul:/home/takuto/scout_ws/install/cost_cul:/home/takuto/scout_ws/install/cmd_vel_joy:/home/takuto/scout_ws/src/install/cmd_vel_joy:/home/takuto/turtlebot3_ws/install/turtlebot3_teleop:/home/takuto/turtlebot3_ws/install/turtlebot3_example:/home/takuto/turtlebot3_ws/install/cmd_vel_joy:/opt/ros/humble:/home/takuto/turtlebot3_ws/install/realsense_gazebo_plugin:/home/takuto/turtlebot3_ws/install/realsense2_description:/home/takuto/turtlebot3_ws/install/realsense2_camera:/home/takuto/turtlebot3_ws/install/realsense2_camera_msgs:/home/takuto/turtlebot3_ws/install/dynamixel_sdk_examples:/home/takuto/turtlebot3_ws/install/dynamixel_sdk_custom_interfaces:/home/takuto/turtlebot3_ws/install/dynamixel_sdk /usr/bin/cmake --build /home/takuto/scout_ws/build/scout_gazebo -- -j16 -l16
[0.912s] DEBUG:colcon.colcon_core.event_handler.log_command:Invoking command in '/home/takuto/scout_ws/build/scout_mini_control': CMAKE_PREFIX_PATH=/home/takuto/scout_ws/install/scout_mini_gazebo_sim:/home/takuto/scout_ws/src/install/scout_mini_gazebo_sim:/home/takuto/scout_ws/src/install/scout_mini_description:/home/takuto/scout_ws/src/install/scout_mini_control:/home/takuto/scout_ws/src/install/hesai_description:/home/takuto/scout_ws/install/scout_mini_control:/home/takuto/scout_ws/install/scout_mini_description:/home/takuto/scout_ws/install/scout_gazebo:/home/takuto/scout_ws/install/scout_description:/home/takuto/scout_ws/install/hesai_ros_driver:/home/takuto/scout_ws/install/hesai_description:/home/takuto/mecanumrover_ws/install/vs_rover_options_description:/home/takuto/mecanumrover_ws/install/mecanumrover_gazebo:/home/takuto/mecanumrover_ws/install/mecanumrover3:/home/takuto/mecanumrover_ws/install/mecanumrover_description:/home/takuto/mecanumrover_ws/install/mecanumrover3_bringup:/home/takuto/uros_ws/install/micro_ros_setup:/home/takuto/uros_ws/install/micro_ros_agent:/home/takuto/uros_ws/install/micro_ros_msgs:/home/takuto/scout_ws/src/install/scout_gazebo:/home/takuto/scout_ws/src/install/hesai_ros_driver:/home/takuto/turtlebot3_ws/install/turtlebot3:/home/takuto/turtlebot3_ws/install/turtlebot3_simulations:/home/takuto/turtlebot3_ws/install/turtlebot3_bringup:/home/takuto/turtlebot3_ws/install/turtlebot3_node:/home/takuto/turtlebot3_ws/install/turtlebot3_navigation2:/home/takuto/turtlebot3_ws/install/turtlebot3_gazebo:/home/takuto/turtlebot3_ws/install/turtlebot3_fake_node:/home/takuto/turtlebot3_ws/install/turtlebot3_description:/home/takuto/turtlebot3_ws/install/turtlebot3_cartographer:/home/takuto/scout_ws/src/install/cost_cul:/home/takuto/scout_ws/install/cost_cul:/home/takuto/scout_ws/install/cmd_vel_joy:/home/takuto/scout_ws/src/install/cmd_vel_joy:/home/takuto/turtlebot3_ws/install/turtlebot3_teleop:/home/takuto/turtlebot3_ws/install/turtlebot3_example:/home/takuto/turtlebot3_ws/install/cmd_vel_joy:/opt/ros/humble:/home/takuto/turtlebot3_ws/install/realsense_gazebo_plugin:/home/takuto/turtlebot3_ws/install/realsense2_description:/home/takuto/turtlebot3_ws/install/realsense2_camera:/home/takuto/turtlebot3_ws/install/realsense2_camera_msgs:/home/takuto/turtlebot3_ws/install/dynamixel_sdk_examples:/home/takuto/turtlebot3_ws/install/dynamixel_sdk_custom_interfaces:/home/takuto/turtlebot3_ws/install/dynamixel_sdk /usr/bin/cmake --build /home/takuto/scout_ws/build/scout_mini_control -- -j16 -l16
[0.913s] DEBUG:colcon.colcon_core.event_handler.log_command:Invoked command in '/home/takuto/scout_ws/build/scout_mini_description' returned '0': CMAKE_PREFIX_PATH=/home/takuto/scout_ws/install/scout_mini_gazebo_sim:/home/takuto/scout_ws/src/install/scout_mini_gazebo_sim:/home/takuto/scout_ws/src/install/scout_mini_description:/home/takuto/scout_ws/src/install/scout_mini_control:/home/takuto/scout_ws/src/install/hesai_description:/home/takuto/scout_ws/install/scout_mini_control:/home/takuto/scout_ws/install/scout_mini_description:/home/takuto/scout_ws/install/scout_gazebo:/home/takuto/scout_ws/install/scout_description:/home/takuto/scout_ws/install/hesai_ros_driver:/home/takuto/scout_ws/install/hesai_description:/home/takuto/mecanumrover_ws/install/vs_rover_options_description:/home/takuto/mecanumrover_ws/install/mecanumrover_gazebo:/home/takuto/mecanumrover_ws/install/mecanumrover3:/home/takuto/mecanumrover_ws/install/mecanumrover_description:/home/takuto/mecanumrover_ws/install/mecanumrover3_bringup:/home/takuto/uros_ws/install/micro_ros_setup:/home/takuto/uros_ws/install/micro_ros_agent:/home/takuto/uros_ws/install/micro_ros_msgs:/home/takuto/scout_ws/src/install/scout_gazebo:/home/takuto/scout_ws/src/install/hesai_ros_driver:/home/takuto/turtlebot3_ws/install/turtlebot3:/home/takuto/turtlebot3_ws/install/turtlebot3_simulations:/home/takuto/turtlebot3_ws/install/turtlebot3_bringup:/home/takuto/turtlebot3_ws/install/turtlebot3_node:/home/takuto/turtlebot3_ws/install/turtlebot3_navigation2:/home/takuto/turtlebot3_ws/install/turtlebot3_gazebo:/home/takuto/turtlebot3_ws/install/turtlebot3_fake_node:/home/takuto/turtlebot3_ws/install/turtlebot3_description:/home/takuto/turtlebot3_ws/install/turtlebot3_cartographer:/home/takuto/scout_ws/src/install/cost_cul:/home/takuto/scout_ws/install/cost_cul:/home/takuto/scout_ws/install/cmd_vel_joy:/home/takuto/scout_ws/src/install/cmd_vel_joy:/home/takuto/turtlebot3_ws/install/turtlebot3_teleop:/home/takuto/turtlebot3_ws/install/turtlebot3_example:/home/takuto/turtlebot3_ws/install/cmd_vel_joy:/opt/ros/humble:/home/takuto/turtlebot3_ws/install/realsense_gazebo_plugin:/home/takuto/turtlebot3_ws/install/realsense2_description:/home/takuto/turtlebot3_ws/install/realsense2_camera:/home/takuto/turtlebot3_ws/install/realsense2_camera_msgs:/home/takuto/turtlebot3_ws/install/dynamixel_sdk_examples:/home/takuto/turtlebot3_ws/install/dynamixel_sdk_custom_interfaces:/home/takuto/turtlebot3_ws/install/dynamixel_sdk /usr/bin/cmake --build /home/takuto/scout_ws/build/scout_mini_description -- -j16 -l16
[0.925s] DEBUG:colcon.colcon_core.event_handler.log_command:Invoking command in '/home/takuto/scout_ws/build/scout_mini_description': CMAKE_PREFIX_PATH=/home/takuto/scout_ws/install/scout_mini_gazebo_sim:/home/takuto/scout_ws/src/install/scout_mini_gazebo_sim:/home/takuto/scout_ws/src/install/scout_mini_description:/home/takuto/scout_ws/src/install/scout_mini_control:/home/takuto/scout_ws/src/install/hesai_description:/home/takuto/scout_ws/install/scout_mini_control:/home/takuto/scout_ws/install/scout_mini_description:/home/takuto/scout_ws/install/scout_gazebo:/home/takuto/scout_ws/install/scout_description:/home/takuto/scout_ws/install/hesai_ros_driver:/home/takuto/scout_ws/install/hesai_description:/home/takuto/mecanumrover_ws/install/vs_rover_options_description:/home/takuto/mecanumrover_ws/install/mecanumrover_gazebo:/home/takuto/mecanumrover_ws/install/mecanumrover3:/home/takuto/mecanumrover_ws/install/mecanumrover_description:/home/takuto/mecanumrover_ws/install/mecanumrover3_bringup:/home/takuto/uros_ws/install/micro_ros_setup:/home/takuto/uros_ws/install/micro_ros_agent:/home/takuto/uros_ws/install/micro_ros_msgs:/home/takuto/scout_ws/src/install/scout_gazebo:/home/takuto/scout_ws/src/install/hesai_ros_driver:/home/takuto/turtlebot3_ws/install/turtlebot3:/home/takuto/turtlebot3_ws/install/turtlebot3_simulations:/home/takuto/turtlebot3_ws/install/turtlebot3_bringup:/home/takuto/turtlebot3_ws/install/turtlebot3_node:/home/takuto/turtlebot3_ws/install/turtlebot3_navigation2:/home/takuto/turtlebot3_ws/install/turtlebot3_gazebo:/home/takuto/turtlebot3_ws/install/turtlebot3_fake_node:/home/takuto/turtlebot3_ws/install/turtlebot3_description:/home/takuto/turtlebot3_ws/install/turtlebot3_cartographer:/home/takuto/scout_ws/src/install/cost_cul:/home/takuto/scout_ws/install/cost_cul:/home/takuto/scout_ws/install/cmd_vel_joy:/home/takuto/scout_ws/src/install/cmd_vel_joy:/home/takuto/turtlebot3_ws/install/turtlebot3_teleop:/home/takuto/turtlebot3_ws/install/turtlebot3_example:/home/takuto/turtlebot3_ws/install/cmd_vel_joy:/opt/ros/humble:/home/takuto/turtlebot3_ws/install/realsense_gazebo_plugin:/home/takuto/turtlebot3_ws/install/realsense2_description:/home/takuto/turtlebot3_ws/install/realsense2_camera:/home/takuto/turtlebot3_ws/install/realsense2_camera_msgs:/home/takuto/turtlebot3_ws/install/dynamixel_sdk_examples:/home/takuto/turtlebot3_ws/install/dynamixel_sdk_custom_interfaces:/home/takuto/turtlebot3_ws/install/dynamixel_sdk /usr/bin/cmake --install /home/takuto/scout_ws/build/scout_mini_description
[0.959s] DEBUG:colcon.colcon_core.event_handler.log_command:Invoked command in '/home/takuto/scout_ws/build/hesai_description' returned '0': CMAKE_PREFIX_PATH=/home/takuto/scout_ws/install/scout_mini_gazebo_sim:/home/takuto/scout_ws/src/install/scout_mini_gazebo_sim:/home/takuto/scout_ws/src/install/scout_mini_description:/home/takuto/scout_ws/src/install/scout_mini_control:/home/takuto/scout_ws/src/install/hesai_description:/home/takuto/scout_ws/install/scout_mini_control:/home/takuto/scout_ws/install/scout_mini_description:/home/takuto/scout_ws/install/scout_gazebo:/home/takuto/scout_ws/install/scout_description:/home/takuto/scout_ws/install/hesai_ros_driver:/home/takuto/scout_ws/install/hesai_description:/home/takuto/mecanumrover_ws/install/vs_rover_options_description:/home/takuto/mecanumrover_ws/install/mecanumrover_gazebo:/home/takuto/mecanumrover_ws/install/mecanumrover3:/home/takuto/mecanumrover_ws/install/mecanumrover_description:/home/takuto/mecanumrover_ws/install/mecanumrover3_bringup:/home/takuto/uros_ws/install/micro_ros_setup:/home/takuto/uros_ws/install/micro_ros_agent:/home/takuto/uros_ws/install/micro_ros_msgs:/home/takuto/scout_ws/src/install/scout_gazebo:/home/takuto/scout_ws/src/install/hesai_ros_driver:/home/takuto/turtlebot3_ws/install/turtlebot3:/home/takuto/turtlebot3_ws/install/turtlebot3_simulations:/home/takuto/turtlebot3_ws/install/turtlebot3_bringup:/home/takuto/turtlebot3_ws/install/turtlebot3_node:/home/takuto/turtlebot3_ws/install/turtlebot3_navigation2:/home/takuto/turtlebot3_ws/install/turtlebot3_gazebo:/home/takuto/turtlebot3_ws/install/turtlebot3_fake_node:/home/takuto/turtlebot3_ws/install/turtlebot3_description:/home/takuto/turtlebot3_ws/install/turtlebot3_cartographer:/home/takuto/scout_ws/src/install/cost_cul:/home/takuto/scout_ws/install/cost_cul:/home/takuto/scout_ws/install/cmd_vel_joy:/home/takuto/scout_ws/src/install/cmd_vel_joy:/home/takuto/turtlebot3_ws/install/turtlebot3_teleop:/home/takuto/turtlebot3_ws/install/turtlebot3_example:/home/takuto/turtlebot3_ws/install/cmd_vel_joy:/opt/ros/humble:/home/takuto/turtlebot3_ws/install/realsense_gazebo_plugin:/home/takuto/turtlebot3_ws/install/realsense2_description:/home/takuto/turtlebot3_ws/install/realsense2_camera:/home/takuto/turtlebot3_ws/install/realsense2_camera_msgs:/home/takuto/turtlebot3_ws/install/dynamixel_sdk_examples:/home/takuto/turtlebot3_ws/install/dynamixel_sdk_custom_interfaces:/home/takuto/turtlebot3_ws/install/dynamixel_sdk /usr/bin/cmake --build /home/takuto/scout_ws/build/hesai_description -- -j16 -l16
[0.963s] DEBUG:colcon.colcon_core.event_handler.log_command:Invoking command in '/home/takuto/scout_ws/build/hesai_description': CMAKE_PREFIX_PATH=/home/takuto/scout_ws/install/scout_mini_gazebo_sim:/home/takuto/scout_ws/src/install/scout_mini_gazebo_sim:/home/takuto/scout_ws/src/install/scout_mini_description:/home/takuto/scout_ws/src/install/scout_mini_control:/home/takuto/scout_ws/src/install/hesai_description:/home/takuto/scout_ws/install/scout_mini_control:/home/takuto/scout_ws/install/scout_mini_description:/home/takuto/scout_ws/install/scout_gazebo:/home/takuto/scout_ws/install/scout_description:/home/takuto/scout_ws/install/hesai_ros_driver:/home/takuto/scout_ws/install/hesai_description:/home/takuto/mecanumrover_ws/install/vs_rover_options_description:/home/takuto/mecanumrover_ws/install/mecanumrover_gazebo:/home/takuto/mecanumrover_ws/install/mecanumrover3:/home/takuto/mecanumrover_ws/install/mecanumrover_description:/home/takuto/mecanumrover_ws/install/mecanumrover3_bringup:/home/takuto/uros_ws/install/micro_ros_setup:/home/takuto/uros_ws/install/micro_ros_agent:/home/takuto/uros_ws/install/micro_ros_msgs:/home/takuto/scout_ws/src/install/scout_gazebo:/home/takuto/scout_ws/src/install/hesai_ros_driver:/home/takuto/turtlebot3_ws/install/turtlebot3:/home/takuto/turtlebot3_ws/install/turtlebot3_simulations:/home/takuto/turtlebot3_ws/install/turtlebot3_bringup:/home/takuto/turtlebot3_ws/install/turtlebot3_node:/home/takuto/turtlebot3_ws/install/turtlebot3_navigation2:/home/takuto/turtlebot3_ws/install/turtlebot3_gazebo:/home/takuto/turtlebot3_ws/install/turtlebot3_fake_node:/home/takuto/turtlebot3_ws/install/turtlebot3_description:/home/takuto/turtlebot3_ws/install/turtlebot3_cartographer:/home/takuto/scout_ws/src/install/cost_cul:/home/takuto/scout_ws/install/cost_cul:/home/takuto/scout_ws/install/cmd_vel_joy:/home/takuto/scout_ws/src/install/cmd_vel_joy:/home/takuto/turtlebot3_ws/install/turtlebot3_teleop:/home/takuto/turtlebot3_ws/install/turtlebot3_example:/home/takuto/turtlebot3_ws/install/cmd_vel_joy:/opt/ros/humble:/home/takuto/turtlebot3_ws/install/realsense_gazebo_plugin:/home/takuto/turtlebot3_ws/install/realsense2_description:/home/takuto/turtlebot3_ws/install/realsense2_camera:/home/takuto/turtlebot3_ws/install/realsense2_camera_msgs:/home/takuto/turtlebot3_ws/install/dynamixel_sdk_examples:/home/takuto/turtlebot3_ws/install/dynamixel_sdk_custom_interfaces:/home/takuto/turtlebot3_ws/install/dynamixel_sdk /usr/bin/cmake --install /home/takuto/scout_ws/build/hesai_description
[0.965s] Level 1:colcon.colcon_core.environment:create_environment_scripts_only(scout_mini_description)
[0.966s] DEBUG:colcon.colcon_core.event_handler.log_command:Invoked command in '/home/takuto/scout_ws/build/scout_mini_description' returned '0': CMAKE_PREFIX_PATH=/home/takuto/scout_ws/install/scout_mini_gazebo_sim:/home/takuto/scout_ws/src/install/scout_mini_gazebo_sim:/home/takuto/scout_ws/src/install/scout_mini_description:/home/takuto/scout_ws/src/install/scout_mini_control:/home/takuto/scout_ws/src/install/hesai_description:/home/takuto/scout_ws/install/scout_mini_control:/home/takuto/scout_ws/install/scout_mini_description:/home/takuto/scout_ws/install/scout_gazebo:/home/takuto/scout_ws/install/scout_description:/home/takuto/scout_ws/install/hesai_ros_driver:/home/takuto/scout_ws/install/hesai_description:/home/takuto/mecanumrover_ws/install/vs_rover_options_description:/home/takuto/mecanumrover_ws/install/mecanumrover_gazebo:/home/takuto/mecanumrover_ws/install/mecanumrover3:/home/takuto/mecanumrover_ws/install/mecanumrover_description:/home/takuto/mecanumrover_ws/install/mecanumrover3_bringup:/home/takuto/uros_ws/install/micro_ros_setup:/home/takuto/uros_ws/install/micro_ros_agent:/home/takuto/uros_ws/install/micro_ros_msgs:/home/takuto/scout_ws/src/install/scout_gazebo:/home/takuto/scout_ws/src/install/hesai_ros_driver:/home/takuto/turtlebot3_ws/install/turtlebot3:/home/takuto/turtlebot3_ws/install/turtlebot3_simulations:/home/takuto/turtlebot3_ws/install/turtlebot3_bringup:/home/takuto/turtlebot3_ws/install/turtlebot3_node:/home/takuto/turtlebot3_ws/install/turtlebot3_navigation2:/home/takuto/turtlebot3_ws/install/turtlebot3_gazebo:/home/takuto/turtlebot3_ws/install/turtlebot3_fake_node:/home/takuto/turtlebot3_ws/install/turtlebot3_description:/home/takuto/turtlebot3_ws/install/turtlebot3_cartographer:/home/takuto/scout_ws/src/install/cost_cul:/home/takuto/scout_ws/install/cost_cul:/home/takuto/scout_ws/install/cmd_vel_joy:/home/takuto/scout_ws/src/install/cmd_vel_joy:/home/takuto/turtlebot3_ws/install/turtlebot3_teleop:/home/takuto/turtlebot3_ws/install/turtlebot3_example:/home/takuto/turtlebot3_ws/install/cmd_vel_joy:/opt/ros/humble:/home/takuto/turtlebot3_ws/install/realsense_gazebo_plugin:/home/takuto/turtlebot3_ws/install/realsense2_description:/home/takuto/turtlebot3_ws/install/realsense2_camera:/home/takuto/turtlebot3_ws/install/realsense2_camera_msgs:/home/takuto/turtlebot3_ws/install/dynamixel_sdk_examples:/home/takuto/turtlebot3_ws/install/dynamixel_sdk_custom_interfaces:/home/takuto/turtlebot3_ws/install/dynamixel_sdk /usr/bin/cmake --install /home/takuto/scout_ws/build/scout_mini_description
[0.971s] Level 1:colcon.colcon_core.environment:checking '/home/takuto/scout_ws/install/scout_mini_description' for CMake module files
[0.971s] Level 1:colcon.colcon_core.environment:checking '/home/takuto/scout_ws/install/scout_mini_description' for CMake config files
[0.972s] Level 1:colcon.colcon_core.shell:create_environment_hook('scout_mini_description', 'cmake_prefix_path')
[0.972s] INFO:colcon.colcon_core.shell:Creating environment hook '/home/takuto/scout_ws/install/scout_mini_description/share/scout_mini_description/hook/cmake_prefix_path.ps1'
[0.973s] INFO:colcon.colcon_core.shell:Creating environment descriptor '/home/takuto/scout_ws/install/scout_mini_description/share/scout_mini_description/hook/cmake_prefix_path.dsv'
[0.974s] INFO:colcon.colcon_core.shell:Creating environment hook '/home/takuto/scout_ws/install/scout_mini_description/share/scout_mini_description/hook/cmake_prefix_path.sh'
[0.975s] Level 1:colcon.colcon_core.environment:checking '/home/takuto/scout_ws/install/scout_mini_description/bin'
[0.975s] Level 1:colcon.colcon_core.environment:checking '/home/takuto/scout_ws/install/scout_mini_description/lib/pkgconfig/scout_mini_description.pc'
[0.975s] Level 1:colcon.colcon_core.environment:checking '/home/takuto/scout_ws/install/scout_mini_description/lib/python3.10/site-packages'
[0.976s] Level 1:colcon.colcon_core.environment:checking '/home/takuto/scout_ws/install/scout_mini_description/bin'
[0.976s] INFO:colcon.colcon_core.shell:Creating package script '/home/takuto/scout_ws/install/scout_mini_description/share/scout_mini_description/package.ps1'
[0.978s] INFO:colcon.colcon_core.shell:Creating package descriptor '/home/takuto/scout_ws/install/scout_mini_description/share/scout_mini_description/package.dsv'
[0.979s] INFO:colcon.colcon_core.shell:Creating package script '/home/takuto/scout_ws/install/scout_mini_description/share/scout_mini_description/package.sh'
[0.982s] INFO:colcon.colcon_core.shell:Creating package script '/home/takuto/scout_ws/install/scout_mini_description/share/scout_mini_description/package.bash'
[0.985s] INFO:colcon.colcon_core.shell:Creating package script '/home/takuto/scout_ws/install/scout_mini_description/share/scout_mini_description/package.zsh'
[0.988s] Level 1:colcon.colcon_core.environment:create_file_with_runtime_dependencies(/home/takuto/scout_ws/install/scout_mini_description/share/colcon-core/packages/scout_mini_description)
[0.991s] Level 1:colcon.colcon_core.environment:create_environment_scripts_only(scout_mini_description)
[0.992s] Level 1:colcon.colcon_core.environment:checking '/home/takuto/scout_ws/install/scout_mini_description' for CMake module files
[0.993s] Level 1:colcon.colcon_core.environment:checking '/home/takuto/scout_ws/install/scout_mini_description' for CMake config files
[0.993s] Level 1:colcon.colcon_core.shell:create_environment_hook('scout_mini_description', 'cmake_prefix_path')
[0.994s] INFO:colcon.colcon_core.shell:Creating environment hook '/home/takuto/scout_ws/install/scout_mini_description/share/scout_mini_description/hook/cmake_prefix_path.ps1'
[0.994s] INFO:colcon.colcon_core.shell:Creating environment descriptor '/home/takuto/scout_ws/install/scout_mini_description/share/scout_mini_description/hook/cmake_prefix_path.dsv'
[0.995s] INFO:colcon.colcon_core.shell:Creating environment hook '/home/takuto/scout_ws/install/scout_mini_description/share/scout_mini_description/hook/cmake_prefix_path.sh'
[0.996s] Level 1:colcon.colcon_core.environment:checking '/home/takuto/scout_ws/install/scout_mini_description/bin'
[0.996s] Level 1:colcon.colcon_core.environment:checking '/home/takuto/scout_ws/install/scout_mini_description/lib/pkgconfig/scout_mini_description.pc'
[0.996s] Level 1:colcon.colcon_core.environment:checking '/home/takuto/scout_ws/install/scout_mini_description/lib/python3.10/site-packages'
[0.997s] Level 1:colcon.colcon_core.environment:checking '/home/takuto/scout_ws/install/scout_mini_description/bin'
[0.997s] INFO:colcon.colcon_core.shell:Creating package script '/home/takuto/scout_ws/install/scout_mini_description/share/scout_mini_description/package.ps1'
[0.998s] INFO:colcon.colcon_core.shell:Creating package descriptor '/home/takuto/scout_ws/install/scout_mini_description/share/scout_mini_description/package.dsv'
[0.999s] INFO:colcon.colcon_core.shell:Creating package script '/home/takuto/scout_ws/install/scout_mini_description/share/scout_mini_description/package.sh'
[0.999s] INFO:colcon.colcon_core.shell:Creating package script '/home/takuto/scout_ws/install/scout_mini_description/share/scout_mini_description/package.bash'
[1.001s] INFO:colcon.colcon_core.shell:Creating package script '/home/takuto/scout_ws/install/scout_mini_description/share/scout_mini_description/package.zsh'
[1.001s] Level 1:colcon.colcon_core.environment:create_file_with_runtime_dependencies(/home/takuto/scout_ws/install/scout_mini_description/share/colcon-core/packages/scout_mini_description)
[1.002s] INFO:colcon.colcon_ros.task.ament_cmake.build:Building ROS package in '/home/takuto/scout_ws/src/scout_mini_gazebo_sim' with build type 'ament_cmake'
[1.003s] INFO:colcon.colcon_cmake.task.cmake.build:Building CMake package in '/home/takuto/scout_ws/src/scout_mini_gazebo_sim'
[1.003s] INFO:colcon.colcon_core.shell:Skip shell extension 'powershell' for command environment: Not usable outside of PowerShell
[1.004s] DEBUG:colcon.colcon_core.shell:Skip shell extension 'dsv' for command environment
[1.028s] DEBUG:colcon.colcon_core.event_handler.log_command:Invoked command in '/home/takuto/scout_ws/build/scout_gazebo' returned '0': CMAKE_PREFIX_PATH=/home/takuto/scout_ws/install/scout_mini_gazebo_sim:/home/takuto/scout_ws/src/install/scout_mini_gazebo_sim:/home/takuto/scout_ws/src/install/scout_mini_description:/home/takuto/scout_ws/src/install/scout_mini_control:/home/takuto/scout_ws/src/install/hesai_description:/home/takuto/scout_ws/install/scout_mini_control:/home/takuto/scout_ws/install/scout_mini_description:/home/takuto/scout_ws/install/scout_gazebo:/home/takuto/scout_ws/install/scout_description:/home/takuto/scout_ws/install/hesai_ros_driver:/home/takuto/scout_ws/install/hesai_description:/home/takuto/mecanumrover_ws/install/vs_rover_options_description:/home/takuto/mecanumrover_ws/install/mecanumrover_gazebo:/home/takuto/mecanumrover_ws/install/mecanumrover3:/home/takuto/mecanumrover_ws/install/mecanumrover_description:/home/takuto/mecanumrover_ws/install/mecanumrover3_bringup:/home/takuto/uros_ws/install/micro_ros_setup:/home/takuto/uros_ws/install/micro_ros_agent:/home/takuto/uros_ws/install/micro_ros_msgs:/home/takuto/scout_ws/src/install/scout_gazebo:/home/takuto/scout_ws/src/install/hesai_ros_driver:/home/takuto/turtlebot3_ws/install/turtlebot3:/home/takuto/turtlebot3_ws/install/turtlebot3_simulations:/home/takuto/turtlebot3_ws/install/turtlebot3_bringup:/home/takuto/turtlebot3_ws/install/turtlebot3_node:/home/takuto/turtlebot3_ws/install/turtlebot3_navigation2:/home/takuto/turtlebot3_ws/install/turtlebot3_gazebo:/home/takuto/turtlebot3_ws/install/turtlebot3_fake_node:/home/takuto/turtlebot3_ws/install/turtlebot3_description:/home/takuto/turtlebot3_ws/install/turtlebot3_cartographer:/home/takuto/scout_ws/src/install/cost_cul:/home/takuto/scout_ws/install/cost_cul:/home/takuto/scout_ws/install/cmd_vel_joy:/home/takuto/scout_ws/src/install/cmd_vel_joy:/home/takuto/turtlebot3_ws/install/turtlebot3_teleop:/home/takuto/turtlebot3_ws/install/turtlebot3_example:/home/takuto/turtlebot3_ws/install/cmd_vel_joy:/opt/ros/humble:/home/takuto/turtlebot3_ws/install/realsense_gazebo_plugin:/home/takuto/turtlebot3_ws/install/realsense2_description:/home/takuto/turtlebot3_ws/install/realsense2_camera:/home/takuto/turtlebot3_ws/install/realsense2_camera_msgs:/home/takuto/turtlebot3_ws/install/dynamixel_sdk_examples:/home/takuto/turtlebot3_ws/install/dynamixel_sdk_custom_interfaces:/home/takuto/turtlebot3_ws/install/dynamixel_sdk /usr/bin/cmake --build /home/takuto/scout_ws/build/scout_gazebo -- -j16 -l16
[1.031s] DEBUG:colcon.colcon_core.event_handler.log_command:Invoking command in '/home/takuto/scout_ws/build/scout_gazebo': CMAKE_PREFIX_PATH=/home/takuto/scout_ws/install/scout_mini_gazebo_sim:/home/takuto/scout_ws/src/install/scout_mini_gazebo_sim:/home/takuto/scout_ws/src/install/scout_mini_description:/home/takuto/scout_ws/src/install/scout_mini_control:/home/takuto/scout_ws/src/install/hesai_description:/home/takuto/scout_ws/install/scout_mini_control:/home/takuto/scout_ws/install/scout_mini_description:/home/takuto/scout_ws/install/scout_gazebo:/home/takuto/scout_ws/install/scout_description:/home/takuto/scout_ws/install/hesai_ros_driver:/home/takuto/scout_ws/install/hesai_description:/home/takuto/mecanumrover_ws/install/vs_rover_options_description:/home/takuto/mecanumrover_ws/install/mecanumrover_gazebo:/home/takuto/mecanumrover_ws/install/mecanumrover3:/home/takuto/mecanumrover_ws/install/mecanumrover_description:/home/takuto/mecanumrover_ws/install/mecanumrover3_bringup:/home/takuto/uros_ws/install/micro_ros_setup:/home/takuto/uros_ws/install/micro_ros_agent:/home/takuto/uros_ws/install/micro_ros_msgs:/home/takuto/scout_ws/src/install/scout_gazebo:/home/takuto/scout_ws/src/install/hesai_ros_driver:/home/takuto/turtlebot3_ws/install/turtlebot3:/home/takuto/turtlebot3_ws/install/turtlebot3_simulations:/home/takuto/turtlebot3_ws/install/turtlebot3_bringup:/home/takuto/turtlebot3_ws/install/turtlebot3_node:/home/takuto/turtlebot3_ws/install/turtlebot3_navigation2:/home/takuto/turtlebot3_ws/install/turtlebot3_gazebo:/home/takuto/turtlebot3_ws/install/turtlebot3_fake_node:/home/takuto/turtlebot3_ws/install/turtlebot3_description:/home/takuto/turtlebot3_ws/install/turtlebot3_cartographer:/home/takuto/scout_ws/src/install/cost_cul:/home/takuto/scout_ws/install/cost_cul:/home/takuto/scout_ws/install/cmd_vel_joy:/home/takuto/scout_ws/src/install/cmd_vel_joy:/home/takuto/turtlebot3_ws/install/turtlebot3_teleop:/home/takuto/turtlebot3_ws/install/turtlebot3_example:/home/takuto/turtlebot3_ws/install/cmd_vel_joy:/opt/ros/humble:/home/takuto/turtlebot3_ws/install/realsense_gazebo_plugin:/home/takuto/turtlebot3_ws/install/realsense2_description:/home/takuto/turtlebot3_ws/install/realsense2_camera:/home/takuto/turtlebot3_ws/install/realsense2_camera_msgs:/home/takuto/turtlebot3_ws/install/dynamixel_sdk_examples:/home/takuto/turtlebot3_ws/install/dynamixel_sdk_custom_interfaces:/home/takuto/turtlebot3_ws/install/dynamixel_sdk /usr/bin/cmake --install /home/takuto/scout_ws/build/scout_gazebo
[1.033s] DEBUG:colcon.colcon_core.event_handler.log_command:Invoked command in '/home/takuto/scout_ws/build/scout_mini_control' returned '0': CMAKE_PREFIX_PATH=/home/takuto/scout_ws/install/scout_mini_gazebo_sim:/home/takuto/scout_ws/src/install/scout_mini_gazebo_sim:/home/takuto/scout_ws/src/install/scout_mini_description:/home/takuto/scout_ws/src/install/scout_mini_control:/home/takuto/scout_ws/src/install/hesai_description:/home/takuto/scout_ws/install/scout_mini_control:/home/takuto/scout_ws/install/scout_mini_description:/home/takuto/scout_ws/install/scout_gazebo:/home/takuto/scout_ws/install/scout_description:/home/takuto/scout_ws/install/hesai_ros_driver:/home/takuto/scout_ws/install/hesai_description:/home/takuto/mecanumrover_ws/install/vs_rover_options_description:/home/takuto/mecanumrover_ws/install/mecanumrover_gazebo:/home/takuto/mecanumrover_ws/install/mecanumrover3:/home/takuto/mecanumrover_ws/install/mecanumrover_description:/home/takuto/mecanumrover_ws/install/mecanumrover3_bringup:/home/takuto/uros_ws/install/micro_ros_setup:/home/takuto/uros_ws/install/micro_ros_agent:/home/takuto/uros_ws/install/micro_ros_msgs:/home/takuto/scout_ws/src/install/scout_gazebo:/home/takuto/scout_ws/src/install/hesai_ros_driver:/home/takuto/turtlebot3_ws/install/turtlebot3:/home/takuto/turtlebot3_ws/install/turtlebot3_simulations:/home/takuto/turtlebot3_ws/install/turtlebot3_bringup:/home/takuto/turtlebot3_ws/install/turtlebot3_node:/home/takuto/turtlebot3_ws/install/turtlebot3_navigation2:/home/takuto/turtlebot3_ws/install/turtlebot3_gazebo:/home/takuto/turtlebot3_ws/install/turtlebot3_fake_node:/home/takuto/turtlebot3_ws/install/turtlebot3_description:/home/takuto/turtlebot3_ws/install/turtlebot3_cartographer:/home/takuto/scout_ws/src/install/cost_cul:/home/takuto/scout_ws/install/cost_cul:/home/takuto/scout_ws/install/cmd_vel_joy:/home/takuto/scout_ws/src/install/cmd_vel_joy:/home/takuto/turtlebot3_ws/install/turtlebot3_teleop:/home/takuto/turtlebot3_ws/install/turtlebot3_example:/home/takuto/turtlebot3_ws/install/cmd_vel_joy:/opt/ros/humble:/home/takuto/turtlebot3_ws/install/realsense_gazebo_plugin:/home/takuto/turtlebot3_ws/install/realsense2_description:/home/takuto/turtlebot3_ws/install/realsense2_camera:/home/takuto/turtlebot3_ws/install/realsense2_camera_msgs:/home/takuto/turtlebot3_ws/install/dynamixel_sdk_examples:/home/takuto/turtlebot3_ws/install/dynamixel_sdk_custom_interfaces:/home/takuto/turtlebot3_ws/install/dynamixel_sdk /usr/bin/cmake --build /home/takuto/scout_ws/build/scout_mini_control -- -j16 -l16
[1.036s] Level 1:colcon.colcon_core.environment:create_environment_scripts_only(hesai_description)
[1.037s] DEBUG:colcon.colcon_core.event_handler.log_command:Invoking command in '/home/takuto/scout_ws/build/scout_mini_control': CMAKE_PREFIX_PATH=/home/takuto/scout_ws/install/scout_mini_gazebo_sim:/home/takuto/scout_ws/src/install/scout_mini_gazebo_sim:/home/takuto/scout_ws/src/install/scout_mini_description:/home/takuto/scout_ws/src/install/scout_mini_control:/home/takuto/scout_ws/src/install/hesai_description:/home/takuto/scout_ws/install/scout_mini_control:/home/takuto/scout_ws/install/scout_mini_description:/home/takuto/scout_ws/install/scout_gazebo:/home/takuto/scout_ws/install/scout_description:/home/takuto/scout_ws/install/hesai_ros_driver:/home/takuto/scout_ws/install/hesai_description:/home/takuto/mecanumrover_ws/install/vs_rover_options_description:/home/takuto/mecanumrover_ws/install/mecanumrover_gazebo:/home/takuto/mecanumrover_ws/install/mecanumrover3:/home/takuto/mecanumrover_ws/install/mecanumrover_description:/home/takuto/mecanumrover_ws/install/mecanumrover3_bringup:/home/takuto/uros_ws/install/micro_ros_setup:/home/takuto/uros_ws/install/micro_ros_agent:/home/takuto/uros_ws/install/micro_ros_msgs:/home/takuto/scout_ws/src/install/scout_gazebo:/home/takuto/scout_ws/src/install/hesai_ros_driver:/home/takuto/turtlebot3_ws/install/turtlebot3:/home/takuto/turtlebot3_ws/install/turtlebot3_simulations:/home/takuto/turtlebot3_ws/install/turtlebot3_bringup:/home/takuto/turtlebot3_ws/install/turtlebot3_node:/home/takuto/turtlebot3_ws/install/turtlebot3_navigation2:/home/takuto/turtlebot3_ws/install/turtlebot3_gazebo:/home/takuto/turtlebot3_ws/install/turtlebot3_fake_node:/home/takuto/turtlebot3_ws/install/turtlebot3_description:/home/takuto/turtlebot3_ws/install/turtlebot3_cartographer:/home/takuto/scout_ws/src/install/cost_cul:/home/takuto/scout_ws/install/cost_cul:/home/takuto/scout_ws/install/cmd_vel_joy:/home/takuto/scout_ws/src/install/cmd_vel_joy:/home/takuto/turtlebot3_ws/install/turtlebot3_teleop:/home/takuto/turtlebot3_ws/install/turtlebot3_example:/home/takuto/turtlebot3_ws/install/cmd_vel_joy:/opt/ros/humble:/home/takuto/turtlebot3_ws/install/realsense_gazebo_plugin:/home/takuto/turtlebot3_ws/install/realsense2_description:/home/takuto/turtlebot3_ws/install/realsense2_camera:/home/takuto/turtlebot3_ws/install/realsense2_camera_msgs:/home/takuto/turtlebot3_ws/install/dynamixel_sdk_examples:/home/takuto/turtlebot3_ws/install/dynamixel_sdk_custom_interfaces:/home/takuto/turtlebot3_ws/install/dynamixel_sdk /usr/bin/cmake --install /home/takuto/scout_ws/build/scout_mini_control
[1.038s] Level 1:colcon.colcon_core.environment:checking '/home/takuto/scout_ws/install/hesai_description' for CMake module files
[1.039s] DEBUG:colcon.colcon_core.event_handler.log_command:Invoked command in '/home/takuto/scout_ws/build/hesai_description' returned '0': CMAKE_PREFIX_PATH=/home/takuto/scout_ws/install/scout_mini_gazebo_sim:/home/takuto/scout_ws/src/install/scout_mini_gazebo_sim:/home/takuto/scout_ws/src/install/scout_mini_description:/home/takuto/scout_ws/src/install/scout_mini_control:/home/takuto/scout_ws/src/install/hesai_description:/home/takuto/scout_ws/install/scout_mini_control:/home/takuto/scout_ws/install/scout_mini_description:/home/takuto/scout_ws/install/scout_gazebo:/home/takuto/scout_ws/install/scout_description:/home/takuto/scout_ws/install/hesai_ros_driver:/home/takuto/scout_ws/install/hesai_description:/home/takuto/mecanumrover_ws/install/vs_rover_options_description:/home/takuto/mecanumrover_ws/install/mecanumrover_gazebo:/home/takuto/mecanumrover_ws/install/mecanumrover3:/home/takuto/mecanumrover_ws/install/mecanumrover_description:/home/takuto/mecanumrover_ws/install/mecanumrover3_bringup:/home/takuto/uros_ws/install/micro_ros_setup:/home/takuto/uros_ws/install/micro_ros_agent:/home/takuto/uros_ws/install/micro_ros_msgs:/home/takuto/scout_ws/src/install/scout_gazebo:/home/takuto/scout_ws/src/install/hesai_ros_driver:/home/takuto/turtlebot3_ws/install/turtlebot3:/home/takuto/turtlebot3_ws/install/turtlebot3_simulations:/home/takuto/turtlebot3_ws/install/turtlebot3_bringup:/home/takuto/turtlebot3_ws/install/turtlebot3_node:/home/takuto/turtlebot3_ws/install/turtlebot3_navigation2:/home/takuto/turtlebot3_ws/install/turtlebot3_gazebo:/home/takuto/turtlebot3_ws/install/turtlebot3_fake_node:/home/takuto/turtlebot3_ws/install/turtlebot3_description:/home/takuto/turtlebot3_ws/install/turtlebot3_cartographer:/home/takuto/scout_ws/src/install/cost_cul:/home/takuto/scout_ws/install/cost_cul:/home/takuto/scout_ws/install/cmd_vel_joy:/home/takuto/scout_ws/src/install/cmd_vel_joy:/home/takuto/turtlebot3_ws/install/turtlebot3_teleop:/home/takuto/turtlebot3_ws/install/turtlebot3_example:/home/takuto/turtlebot3_ws/install/cmd_vel_joy:/opt/ros/humble:/home/takuto/turtlebot3_ws/install/realsense_gazebo_plugin:/home/takuto/turtlebot3_ws/install/realsense2_description:/home/takuto/turtlebot3_ws/install/realsense2_camera:/home/takuto/turtlebot3_ws/install/realsense2_camera_msgs:/home/takuto/turtlebot3_ws/install/dynamixel_sdk_examples:/home/takuto/turtlebot3_ws/install/dynamixel_sdk_custom_interfaces:/home/takuto/turtlebot3_ws/install/dynamixel_sdk /usr/bin/cmake --install /home/takuto/scout_ws/build/hesai_description
[1.041s] Level 1:colcon.colcon_core.environment:checking '/home/takuto/scout_ws/install/hesai_description' for CMake config files
[1.042s] Level 1:colcon.colcon_core.shell:create_environment_hook('hesai_description', 'cmake_prefix_path')
[1.043s] INFO:colcon.colcon_core.shell:Creating environment hook '/home/takuto/scout_ws/install/hesai_description/share/hesai_description/hook/cmake_prefix_path.ps1'
[1.044s] INFO:colcon.colcon_core.shell:Creating environment descriptor '/home/takuto/scout_ws/install/hesai_description/share/hesai_description/hook/cmake_prefix_path.dsv'
[1.045s] INFO:colcon.colcon_core.shell:Creating environment hook '/home/takuto/scout_ws/install/hesai_description/share/hesai_description/hook/cmake_prefix_path.sh'
[1.046s] Level 1:colcon.colcon_core.environment:checking '/home/takuto/scout_ws/install/hesai_description/bin'
[1.046s] Level 1:colcon.colcon_core.environment:checking '/home/takuto/scout_ws/install/hesai_description/lib/pkgconfig/hesai_description.pc'
[1.047s] Level 1:colcon.colcon_core.environment:checking '/home/takuto/scout_ws/install/hesai_description/lib/python3.10/site-packages'
[1.048s] Level 1:colcon.colcon_core.environment:checking '/home/takuto/scout_ws/install/hesai_description/bin'
[1.048s] INFO:colcon.colcon_core.shell:Creating package script '/home/takuto/scout_ws/install/hesai_description/share/hesai_description/package.ps1'
[1.050s] INFO:colcon.colcon_core.shell:Creating package descriptor '/home/takuto/scout_ws/install/hesai_description/share/hesai_description/package.dsv'
[1.051s] INFO:colcon.colcon_core.shell:Creating package script '/home/takuto/scout_ws/install/hesai_description/share/hesai_description/package.sh'
[1.052s] INFO:colcon.colcon_core.shell:Creating package script '/home/takuto/scout_ws/install/hesai_description/share/hesai_description/package.bash'
[1.054s] INFO:colcon.colcon_core.shell:Creating package script '/home/takuto/scout_ws/install/hesai_description/share/hesai_description/package.zsh'
[1.055s] Level 1:colcon.colcon_core.environment:create_file_with_runtime_dependencies(/home/takuto/scout_ws/install/hesai_description/share/colcon-core/packages/hesai_description)
[1.056s] Level 1:colcon.colcon_core.environment:create_environment_scripts_only(hesai_description)
[1.057s] Level 1:colcon.colcon_core.environment:checking '/home/takuto/scout_ws/install/hesai_description' for CMake module files
[1.060s] Level 1:colcon.colcon_core.environment:checking '/home/takuto/scout_ws/install/hesai_description' for CMake config files
[1.060s] Level 1:colcon.colcon_core.shell:create_environment_hook('hesai_description', 'cmake_prefix_path')
[1.061s] INFO:colcon.colcon_core.shell:Creating environment hook '/home/takuto/scout_ws/install/hesai_description/share/hesai_description/hook/cmake_prefix_path.ps1'
[1.066s] INFO:colcon.colcon_core.shell:Creating environment descriptor '/home/takuto/scout_ws/install/hesai_description/share/hesai_description/hook/cmake_prefix_path.dsv'
[1.067s] INFO:colcon.colcon_core.shell:Creating environment hook '/home/takuto/scout_ws/install/hesai_description/share/hesai_description/hook/cmake_prefix_path.sh'
[1.070s] Level 1:colcon.colcon_core.environment:checking '/home/takuto/scout_ws/install/hesai_description/bin'
[1.071s] Level 1:colcon.colcon_core.environment:checking '/home/takuto/scout_ws/install/hesai_description/lib/pkgconfig/hesai_description.pc'
[1.072s] Level 1:colcon.colcon_core.environment:checking '/home/takuto/scout_ws/install/hesai_description/lib/python3.10/site-packages'
[1.073s] Level 1:colcon.colcon_core.environment:checking '/home/takuto/scout_ws/install/hesai_description/bin'
[1.074s] INFO:colcon.colcon_core.shell:Creating package script '/home/takuto/scout_ws/install/hesai_description/share/hesai_description/package.ps1'
[1.078s] INFO:colcon.colcon_core.shell:Creating package descriptor '/home/takuto/scout_ws/install/hesai_description/share/hesai_description/package.dsv'
[1.080s] INFO:colcon.colcon_core.shell:Creating package script '/home/takuto/scout_ws/install/hesai_description/share/hesai_description/package.sh'
[1.083s] INFO:colcon.colcon_core.shell:Creating package script '/home/takuto/scout_ws/install/hesai_description/share/hesai_description/package.bash'
[1.084s] INFO:colcon.colcon_core.shell:Creating package script '/home/takuto/scout_ws/install/hesai_description/share/hesai_description/package.zsh'
[1.085s] Level 1:colcon.colcon_core.environment:create_file_with_runtime_dependencies(/home/takuto/scout_ws/install/hesai_description/share/colcon-core/packages/hesai_description)
[1.093s] DEBUG:colcon.colcon_core.event_handler.log_command:Invoking command in '/home/takuto/scout_ws/build/scout_mini_gazebo_sim': CMAKE_PREFIX_PATH=/home/takuto/scout_ws/install/scout_mini_description:/home/takuto/scout_ws/install/scout_mini_gazebo_sim:/home/takuto/scout_ws/src/install/scout_mini_gazebo_sim:/home/takuto/scout_ws/src/install/scout_mini_description:/home/takuto/scout_ws/src/install/scout_mini_control:/home/takuto/scout_ws/src/install/hesai_description:/home/takuto/scout_ws/install/scout_mini_control:/home/takuto/scout_ws/install/scout_gazebo:/home/takuto/scout_ws/install/scout_description:/home/takuto/scout_ws/install/hesai_ros_driver:/home/takuto/scout_ws/install/hesai_description:/home/takuto/mecanumrover_ws/install/vs_rover_options_description:/home/takuto/mecanumrover_ws/install/mecanumrover_gazebo:/home/takuto/mecanumrover_ws/install/mecanumrover3:/home/takuto/mecanumrover_ws/install/mecanumrover_description:/home/takuto/mecanumrover_ws/install/mecanumrover3_bringup:/home/takuto/uros_ws/install/micro_ros_setup:/home/takuto/uros_ws/install/micro_ros_agent:/home/takuto/uros_ws/install/micro_ros_msgs:/home/takuto/scout_ws/src/install/scout_gazebo:/home/takuto/scout_ws/src/install/hesai_ros_driver:/home/takuto/turtlebot3_ws/install/turtlebot3:/home/takuto/turtlebot3_ws/install/turtlebot3_simulations:/home/takuto/turtlebot3_ws/install/turtlebot3_bringup:/home/takuto/turtlebot3_ws/install/turtlebot3_node:/home/takuto/turtlebot3_ws/install/turtlebot3_navigation2:/home/takuto/turtlebot3_ws/install/turtlebot3_gazebo:/home/takuto/turtlebot3_ws/install/turtlebot3_fake_node:/home/takuto/turtlebot3_ws/install/turtlebot3_description:/home/takuto/turtlebot3_ws/install/turtlebot3_cartographer:/home/takuto/scout_ws/src/install/cost_cul:/home/takuto/scout_ws/install/cost_cul:/home/takuto/scout_ws/install/cmd_vel_joy:/home/takuto/scout_ws/src/install/cmd_vel_joy:/home/takuto/turtlebot3_ws/install/turtlebot3_teleop:/home/takuto/turtlebot3_ws/install/turtlebot3_example:/home/takuto/turtlebot3_ws/install/cmd_vel_joy:/opt/ros/humble:/home/takuto/turtlebot3_ws/install/realsense_gazebo_plugin:/home/takuto/turtlebot3_ws/install/realsense2_description:/home/takuto/turtlebot3_ws/install/realsense2_camera:/home/takuto/turtlebot3_ws/install/realsense2_camera_msgs:/home/takuto/turtlebot3_ws/install/dynamixel_sdk_examples:/home/takuto/turtlebot3_ws/install/dynamixel_sdk_custom_interfaces:/home/takuto/turtlebot3_ws/install/dynamixel_sdk /usr/bin/cmake --build /home/takuto/scout_ws/build/scout_mini_gazebo_sim -- -j16 -l16
[1.097s] Level 1:colcon.colcon_core.environment:create_environment_scripts_only(scout_gazebo)
[1.097s] Level 1:colcon.colcon_core.environment:checking '/home/takuto/scout_ws/install/scout_gazebo' for CMake module files
[1.099s] DEBUG:colcon.colcon_core.event_handler.log_command:Invoked command in '/home/takuto/scout_ws/build/scout_gazebo' returned '0': CMAKE_PREFIX_PATH=/home/takuto/scout_ws/install/scout_mini_gazebo_sim:/home/takuto/scout_ws/src/install/scout_mini_gazebo_sim:/home/takuto/scout_ws/src/install/scout_mini_description:/home/takuto/scout_ws/src/install/scout_mini_control:/home/takuto/scout_ws/src/install/hesai_description:/home/takuto/scout_ws/install/scout_mini_control:/home/takuto/scout_ws/install/scout_mini_description:/home/takuto/scout_ws/install/scout_gazebo:/home/takuto/scout_ws/install/scout_description:/home/takuto/scout_ws/install/hesai_ros_driver:/home/takuto/scout_ws/install/hesai_description:/home/takuto/mecanumrover_ws/install/vs_rover_options_description:/home/takuto/mecanumrover_ws/install/mecanumrover_gazebo:/home/takuto/mecanumrover_ws/install/mecanumrover3:/home/takuto/mecanumrover_ws/install/mecanumrover_description:/home/takuto/mecanumrover_ws/install/mecanumrover3_bringup:/home/takuto/uros_ws/install/micro_ros_setup:/home/takuto/uros_ws/install/micro_ros_agent:/home/takuto/uros_ws/install/micro_ros_msgs:/home/takuto/scout_ws/src/install/scout_gazebo:/home/takuto/scout_ws/src/install/hesai_ros_driver:/home/takuto/turtlebot3_ws/install/turtlebot3:/home/takuto/turtlebot3_ws/install/turtlebot3_simulations:/home/takuto/turtlebot3_ws/install/turtlebot3_bringup:/home/takuto/turtlebot3_ws/install/turtlebot3_node:/home/takuto/turtlebot3_ws/install/turtlebot3_navigation2:/home/takuto/turtlebot3_ws/install/turtlebot3_gazebo:/home/takuto/turtlebot3_ws/install/turtlebot3_fake_node:/home/takuto/turtlebot3_ws/install/turtlebot3_description:/home/takuto/turtlebot3_ws/install/turtlebot3_cartographer:/home/takuto/scout_ws/src/install/cost_cul:/home/takuto/scout_ws/install/cost_cul:/home/takuto/scout_ws/install/cmd_vel_joy:/home/takuto/scout_ws/src/install/cmd_vel_joy:/home/takuto/turtlebot3_ws/install/turtlebot3_teleop:/home/takuto/turtlebot3_ws/install/turtlebot3_example:/home/takuto/turtlebot3_ws/install/cmd_vel_joy:/opt/ros/humble:/home/takuto/turtlebot3_ws/install/realsense_gazebo_plugin:/home/takuto/turtlebot3_ws/install/realsense2_description:/home/takuto/turtlebot3_ws/install/realsense2_camera:/home/takuto/turtlebot3_ws/install/realsense2_camera_msgs:/home/takuto/turtlebot3_ws/install/dynamixel_sdk_examples:/home/takuto/turtlebot3_ws/install/dynamixel_sdk_custom_interfaces:/home/takuto/turtlebot3_ws/install/dynamixel_sdk /usr/bin/cmake --install /home/takuto/scout_ws/build/scout_gazebo
[1.100s] Level 1:colcon.colcon_core.environment:checking '/home/takuto/scout_ws/install/scout_gazebo' for CMake config files
[1.101s] Level 1:colcon.colcon_core.shell:create_environment_hook('scout_gazebo', 'cmake_prefix_path')
[1.102s] INFO:colcon.colcon_core.shell:Creating environment hook '/home/takuto/scout_ws/install/scout_gazebo/share/scout_gazebo/hook/cmake_prefix_path.ps1'
[1.103s] INFO:colcon.colcon_core.shell:Creating environment descriptor '/home/takuto/scout_ws/install/scout_gazebo/share/scout_gazebo/hook/cmake_prefix_path.dsv'
[1.103s] INFO:colcon.colcon_core.shell:Creating environment hook '/home/takuto/scout_ws/install/scout_gazebo/share/scout_gazebo/hook/cmake_prefix_path.sh'
[1.105s] Level 1:colcon.colcon_core.environment:checking '/home/takuto/scout_ws/install/scout_gazebo/bin'
[1.105s] Level 1:colcon.colcon_core.environment:checking '/home/takuto/scout_ws/install/scout_gazebo/lib/pkgconfig/scout_gazebo.pc'
[1.105s] Level 1:colcon.colcon_core.environment:checking '/home/takuto/scout_ws/install/scout_gazebo/lib/python3.10/site-packages'
[1.106s] Level 1:colcon.colcon_core.environment:checking '/home/takuto/scout_ws/install/scout_gazebo/bin'
[1.107s] INFO:colcon.colcon_core.shell:Creating package script '/home/takuto/scout_ws/install/scout_gazebo/share/scout_gazebo/package.ps1'
[1.108s] INFO:colcon.colcon_core.shell:Creating package descriptor '/home/takuto/scout_ws/install/scout_gazebo/share/scout_gazebo/package.dsv'
[1.108s] INFO:colcon.colcon_core.shell:Creating package script '/home/takuto/scout_ws/install/scout_gazebo/share/scout_gazebo/package.sh'
[1.109s] INFO:colcon.colcon_core.shell:Creating package script '/home/takuto/scout_ws/install/scout_gazebo/share/scout_gazebo/package.bash'
[1.110s] INFO:colcon.colcon_core.shell:Creating package script '/home/takuto/scout_ws/install/scout_gazebo/share/scout_gazebo/package.zsh'
[1.111s] Level 1:colcon.colcon_core.environment:create_file_with_runtime_dependencies(/home/takuto/scout_ws/install/scout_gazebo/share/colcon-core/packages/scout_gazebo)
[1.112s] Level 1:colcon.colcon_core.environment:create_environment_scripts_only(scout_gazebo)
[1.113s] Level 1:colcon.colcon_core.environment:checking '/home/takuto/scout_ws/install/scout_gazebo' for CMake module files
[1.114s] Level 1:colcon.colcon_core.environment:checking '/home/takuto/scout_ws/install/scout_gazebo' for CMake config files
[1.114s] Level 1:colcon.colcon_core.shell:create_environment_hook('scout_gazebo', 'cmake_prefix_path')
[1.115s] INFO:colcon.colcon_core.shell:Creating environment hook '/home/takuto/scout_ws/install/scout_gazebo/share/scout_gazebo/hook/cmake_prefix_path.ps1'
[1.116s] INFO:colcon.colcon_core.shell:Creating environment descriptor '/home/takuto/scout_ws/install/scout_gazebo/share/scout_gazebo/hook/cmake_prefix_path.dsv'
[1.117s] INFO:colcon.colcon_core.shell:Creating environment hook '/home/takuto/scout_ws/install/scout_gazebo/share/scout_gazebo/hook/cmake_prefix_path.sh'
[1.118s] Level 1:colcon.colcon_core.environment:checking '/home/takuto/scout_ws/install/scout_gazebo/bin'
[1.118s] Level 1:colcon.colcon_core.environment:checking '/home/takuto/scout_ws/install/scout_gazebo/lib/pkgconfig/scout_gazebo.pc'
[1.118s] Level 1:colcon.colcon_core.environment:checking '/home/takuto/scout_ws/install/scout_gazebo/lib/python3.10/site-packages'
[1.119s] Level 1:colcon.colcon_core.environment:checking '/home/takuto/scout_ws/install/scout_gazebo/bin'
[1.119s] INFO:colcon.colcon_core.shell:Creating package script '/home/takuto/scout_ws/install/scout_gazebo/share/scout_gazebo/package.ps1'
[1.120s] INFO:colcon.colcon_core.shell:Creating package descriptor '/home/takuto/scout_ws/install/scout_gazebo/share/scout_gazebo/package.dsv'
[1.121s] INFO:colcon.colcon_core.shell:Creating package script '/home/takuto/scout_ws/install/scout_gazebo/share/scout_gazebo/package.sh'
[1.122s] INFO:colcon.colcon_core.shell:Creating package script '/home/takuto/scout_ws/install/scout_gazebo/share/scout_gazebo/package.bash'
[1.123s] INFO:colcon.colcon_core.shell:Creating package script '/home/takuto/scout_ws/install/scout_gazebo/share/scout_gazebo/package.zsh'
[1.124s] Level 1:colcon.colcon_core.environment:create_file_with_runtime_dependencies(/home/takuto/scout_ws/install/scout_gazebo/share/colcon-core/packages/scout_gazebo)
[1.126s] Level 1:colcon.colcon_core.environment:create_environment_scripts_only(scout_mini_control)
[1.127s] Level 1:colcon.colcon_core.environment:checking '/home/takuto/scout_ws/install/scout_mini_control' for CMake module files
[1.128s] DEBUG:colcon.colcon_core.event_handler.log_command:Invoked command in '/home/takuto/scout_ws/build/scout_mini_control' returned '0': CMAKE_PREFIX_PATH=/home/takuto/scout_ws/install/scout_mini_gazebo_sim:/home/takuto/scout_ws/src/install/scout_mini_gazebo_sim:/home/takuto/scout_ws/src/install/scout_mini_description:/home/takuto/scout_ws/src/install/scout_mini_control:/home/takuto/scout_ws/src/install/hesai_description:/home/takuto/scout_ws/install/scout_mini_control:/home/takuto/scout_ws/install/scout_mini_description:/home/takuto/scout_ws/install/scout_gazebo:/home/takuto/scout_ws/install/scout_description:/home/takuto/scout_ws/install/hesai_ros_driver:/home/takuto/scout_ws/install/hesai_description:/home/takuto/mecanumrover_ws/install/vs_rover_options_description:/home/takuto/mecanumrover_ws/install/mecanumrover_gazebo:/home/takuto/mecanumrover_ws/install/mecanumrover3:/home/takuto/mecanumrover_ws/install/mecanumrover_description:/home/takuto/mecanumrover_ws/install/mecanumrover3_bringup:/home/takuto/uros_ws/install/micro_ros_setup:/home/takuto/uros_ws/install/micro_ros_agent:/home/takuto/uros_ws/install/micro_ros_msgs:/home/takuto/scout_ws/src/install/scout_gazebo:/home/takuto/scout_ws/src/install/hesai_ros_driver:/home/takuto/turtlebot3_ws/install/turtlebot3:/home/takuto/turtlebot3_ws/install/turtlebot3_simulations:/home/takuto/turtlebot3_ws/install/turtlebot3_bringup:/home/takuto/turtlebot3_ws/install/turtlebot3_node:/home/takuto/turtlebot3_ws/install/turtlebot3_navigation2:/home/takuto/turtlebot3_ws/install/turtlebot3_gazebo:/home/takuto/turtlebot3_ws/install/turtlebot3_fake_node:/home/takuto/turtlebot3_ws/install/turtlebot3_description:/home/takuto/turtlebot3_ws/install/turtlebot3_cartographer:/home/takuto/scout_ws/src/install/cost_cul:/home/takuto/scout_ws/install/cost_cul:/home/takuto/scout_ws/install/cmd_vel_joy:/home/takuto/scout_ws/src/install/cmd_vel_joy:/home/takuto/turtlebot3_ws/install/turtlebot3_teleop:/home/takuto/turtlebot3_ws/install/turtlebot3_example:/home/takuto/turtlebot3_ws/install/cmd_vel_joy:/opt/ros/humble:/home/takuto/turtlebot3_ws/install/realsense_gazebo_plugin:/home/takuto/turtlebot3_ws/install/realsense2_description:/home/takuto/turtlebot3_ws/install/realsense2_camera:/home/takuto/turtlebot3_ws/install/realsense2_camera_msgs:/home/takuto/turtlebot3_ws/install/dynamixel_sdk_examples:/home/takuto/turtlebot3_ws/install/dynamixel_sdk_custom_interfaces:/home/takuto/turtlebot3_ws/install/dynamixel_sdk /usr/bin/cmake --install /home/takuto/scout_ws/build/scout_mini_control
[1.129s] Level 1:colcon.colcon_core.environment:checking '/home/takuto/scout_ws/install/scout_mini_control' for CMake config files
[1.129s] Level 1:colcon.colcon_core.shell:create_environment_hook('scout_mini_control', 'cmake_prefix_path')
[1.130s] INFO:colcon.colcon_core.shell:Creating environment hook '/home/takuto/scout_ws/install/scout_mini_control/share/scout_mini_control/hook/cmake_prefix_path.ps1'
[1.131s] INFO:colcon.colcon_core.shell:Creating environment descriptor '/home/takuto/scout_ws/install/scout_mini_control/share/scout_mini_control/hook/cmake_prefix_path.dsv'
[1.132s] INFO:colcon.colcon_core.shell:Creating environment hook '/home/takuto/scout_ws/install/scout_mini_control/share/scout_mini_control/hook/cmake_prefix_path.sh'
[1.133s] Level 1:colcon.colcon_core.environment:checking '/home/takuto/scout_ws/install/scout_mini_control/bin'
[1.134s] Level 1:colcon.colcon_core.environment:checking '/home/takuto/scout_ws/install/scout_mini_control/lib/pkgconfig/scout_mini_control.pc'
[1.134s] Level 1:colcon.colcon_core.environment:checking '/home/takuto/scout_ws/install/scout_mini_control/lib/python3.10/site-packages'
[1.134s] Level 1:colcon.colcon_core.environment:checking '/home/takuto/scout_ws/install/scout_mini_control/bin'
[1.135s] INFO:colcon.colcon_core.shell:Creating package script '/home/takuto/scout_ws/install/scout_mini_control/share/scout_mini_control/package.ps1'
[1.136s] INFO:colcon.colcon_core.shell:Creating package descriptor '/home/takuto/scout_ws/install/scout_mini_control/share/scout_mini_control/package.dsv'
[1.137s] INFO:colcon.colcon_core.shell:Creating package script '/home/takuto/scout_ws/install/scout_mini_control/share/scout_mini_control/package.sh'
[1.137s] INFO:colcon.colcon_core.shell:Creating package script '/home/takuto/scout_ws/install/scout_mini_control/share/scout_mini_control/package.bash'
[1.138s] INFO:colcon.colcon_core.shell:Creating package script '/home/takuto/scout_ws/install/scout_mini_control/share/scout_mini_control/package.zsh'
[1.139s] Level 1:colcon.colcon_core.environment:create_file_with_runtime_dependencies(/home/takuto/scout_ws/install/scout_mini_control/share/colcon-core/packages/scout_mini_control)
[1.140s] Level 1:colcon.colcon_core.environment:create_environment_scripts_only(scout_mini_control)
[1.140s] Level 1:colcon.colcon_core.environment:checking '/home/takuto/scout_ws/install/scout_mini_control' for CMake module files
[1.141s] Level 1:colcon.colcon_core.environment:checking '/home/takuto/scout_ws/install/scout_mini_control' for CMake config files
[1.142s] Level 1:colcon.colcon_core.shell:create_environment_hook('scout_mini_control', 'cmake_prefix_path')
[1.142s] INFO:colcon.colcon_core.shell:Creating environment hook '/home/takuto/scout_ws/install/scout_mini_control/share/scout_mini_control/hook/cmake_prefix_path.ps1'
[1.143s] INFO:colcon.colcon_core.shell:Creating environment descriptor '/home/takuto/scout_ws/install/scout_mini_control/share/scout_mini_control/hook/cmake_prefix_path.dsv'
[1.143s] INFO:colcon.colcon_core.shell:Creating environment hook '/home/takuto/scout_ws/install/scout_mini_control/share/scout_mini_control/hook/cmake_prefix_path.sh'
[1.144s] Level 1:colcon.colcon_core.environment:checking '/home/takuto/scout_ws/install/scout_mini_control/bin'
[1.144s] Level 1:colcon.colcon_core.environment:checking '/home/takuto/scout_ws/install/scout_mini_control/lib/pkgconfig/scout_mini_control.pc'
[1.145s] Level 1:colcon.colcon_core.environment:checking '/home/takuto/scout_ws/install/scout_mini_control/lib/python3.10/site-packages'
[1.145s] Level 1:colcon.colcon_core.environment:checking '/home/takuto/scout_ws/install/scout_mini_control/bin'
[1.146s] INFO:colcon.colcon_core.shell:Creating package script '/home/takuto/scout_ws/install/scout_mini_control/share/scout_mini_control/package.ps1'
[1.146s] INFO:colcon.colcon_core.shell:Creating package descriptor '/home/takuto/scout_ws/install/scout_mini_control/share/scout_mini_control/package.dsv'
[1.147s] INFO:colcon.colcon_core.shell:Creating package script '/home/takuto/scout_ws/install/scout_mini_control/share/scout_mini_control/package.sh'
[1.148s] INFO:colcon.colcon_core.shell:Creating package script '/home/takuto/scout_ws/install/scout_mini_control/share/scout_mini_control/package.bash'
[1.149s] INFO:colcon.colcon_core.shell:Creating package script '/home/takuto/scout_ws/install/scout_mini_control/share/scout_mini_control/package.zsh'
[1.149s] Level 1:colcon.colcon_core.environment:create_file_with_runtime_dependencies(/home/takuto/scout_ws/install/scout_mini_control/share/colcon-core/packages/scout_mini_control)
[1.180s] DEBUG:colcon.colcon_core.event_handler.log_command:Invoked command in '/home/takuto/scout_ws/build/scout_mini_gazebo_sim' returned '0': CMAKE_PREFIX_PATH=/home/takuto/scout_ws/install/scout_mini_description:/home/takuto/scout_ws/install/scout_mini_gazebo_sim:/home/takuto/scout_ws/src/install/scout_mini_gazebo_sim:/home/takuto/scout_ws/src/install/scout_mini_description:/home/takuto/scout_ws/src/install/scout_mini_control:/home/takuto/scout_ws/src/install/hesai_description:/home/takuto/scout_ws/install/scout_mini_control:/home/takuto/scout_ws/install/scout_gazebo:/home/takuto/scout_ws/install/scout_description:/home/takuto/scout_ws/install/hesai_ros_driver:/home/takuto/scout_ws/install/hesai_description:/home/takuto/mecanumrover_ws/install/vs_rover_options_description:/home/takuto/mecanumrover_ws/install/mecanumrover_gazebo:/home/takuto/mecanumrover_ws/install/mecanumrover3:/home/takuto/mecanumrover_ws/install/mecanumrover_description:/home/takuto/mecanumrover_ws/install/mecanumrover3_bringup:/home/takuto/uros_ws/install/micro_ros_setup:/home/takuto/uros_ws/install/micro_ros_agent:/home/takuto/uros_ws/install/micro_ros_msgs:/home/takuto/scout_ws/src/install/scout_gazebo:/home/takuto/scout_ws/src/install/hesai_ros_driver:/home/takuto/turtlebot3_ws/install/turtlebot3:/home/takuto/turtlebot3_ws/install/turtlebot3_simulations:/home/takuto/turtlebot3_ws/install/turtlebot3_bringup:/home/takuto/turtlebot3_ws/install/turtlebot3_node:/home/takuto/turtlebot3_ws/install/turtlebot3_navigation2:/home/takuto/turtlebot3_ws/install/turtlebot3_gazebo:/home/takuto/turtlebot3_ws/install/turtlebot3_fake_node:/home/takuto/turtlebot3_ws/install/turtlebot3_description:/home/takuto/turtlebot3_ws/install/turtlebot3_cartographer:/home/takuto/scout_ws/src/install/cost_cul:/home/takuto/scout_ws/install/cost_cul:/home/takuto/scout_ws/install/cmd_vel_joy:/home/takuto/scout_ws/src/install/cmd_vel_joy:/home/takuto/turtlebot3_ws/install/turtlebot3_teleop:/home/takuto/turtlebot3_ws/install/turtlebot3_example:/home/takuto/turtlebot3_ws/install/cmd_vel_joy:/opt/ros/humble:/home/takuto/turtlebot3_ws/install/realsense_gazebo_plugin:/home/takuto/turtlebot3_ws/install/realsense2_description:/home/takuto/turtlebot3_ws/install/realsense2_camera:/home/takuto/turtlebot3_ws/install/realsense2_camera_msgs:/home/takuto/turtlebot3_ws/install/dynamixel_sdk_examples:/home/takuto/turtlebot3_ws/install/dynamixel_sdk_custom_interfaces:/home/takuto/turtlebot3_ws/install/dynamixel_sdk /usr/bin/cmake --build /home/takuto/scout_ws/build/scout_mini_gazebo_sim -- -j16 -l16
[1.183s] DEBUG:colcon.colcon_core.event_handler.log_command:Invoking command in '/home/takuto/scout_ws/build/scout_mini_gazebo_sim': CMAKE_PREFIX_PATH=/home/takuto/scout_ws/install/scout_mini_description:/home/takuto/scout_ws/install/scout_mini_gazebo_sim:/home/takuto/scout_ws/src/install/scout_mini_gazebo_sim:/home/takuto/scout_ws/src/install/scout_mini_description:/home/takuto/scout_ws/src/install/scout_mini_control:/home/takuto/scout_ws/src/install/hesai_description:/home/takuto/scout_ws/install/scout_mini_control:/home/takuto/scout_ws/install/scout_gazebo:/home/takuto/scout_ws/install/scout_description:/home/takuto/scout_ws/install/hesai_ros_driver:/home/takuto/scout_ws/install/hesai_description:/home/takuto/mecanumrover_ws/install/vs_rover_options_description:/home/takuto/mecanumrover_ws/install/mecanumrover_gazebo:/home/takuto/mecanumrover_ws/install/mecanumrover3:/home/takuto/mecanumrover_ws/install/mecanumrover_description:/home/takuto/mecanumrover_ws/install/mecanumrover3_bringup:/home/takuto/uros_ws/install/micro_ros_setup:/home/takuto/uros_ws/install/micro_ros_agent:/home/takuto/uros_ws/install/micro_ros_msgs:/home/takuto/scout_ws/src/install/scout_gazebo:/home/takuto/scout_ws/src/install/hesai_ros_driver:/home/takuto/turtlebot3_ws/install/turtlebot3:/home/takuto/turtlebot3_ws/install/turtlebot3_simulations:/home/takuto/turtlebot3_ws/install/turtlebot3_bringup:/home/takuto/turtlebot3_ws/install/turtlebot3_node:/home/takuto/turtlebot3_ws/install/turtlebot3_navigation2:/home/takuto/turtlebot3_ws/install/turtlebot3_gazebo:/home/takuto/turtlebot3_ws/install/turtlebot3_fake_node:/home/takuto/turtlebot3_ws/install/turtlebot3_description:/home/takuto/turtlebot3_ws/install/turtlebot3_cartographer:/home/takuto/scout_ws/src/install/cost_cul:/home/takuto/scout_ws/install/cost_cul:/home/takuto/scout_ws/install/cmd_vel_joy:/home/takuto/scout_ws/src/install/cmd_vel_joy:/home/takuto/turtlebot3_ws/install/turtlebot3_teleop:/home/takuto/turtlebot3_ws/install/turtlebot3_example:/home/takuto/turtlebot3_ws/install/cmd_vel_joy:/opt/ros/humble:/home/takuto/turtlebot3_ws/install/realsense_gazebo_plugin:/home/takuto/turtlebot3_ws/install/realsense2_description:/home/takuto/turtlebot3_ws/install/realsense2_camera:/home/takuto/turtlebot3_ws/install/realsense2_camera_msgs:/home/takuto/turtlebot3_ws/install/dynamixel_sdk_examples:/home/takuto/turtlebot3_ws/install/dynamixel_sdk_custom_interfaces:/home/takuto/turtlebot3_ws/install/dynamixel_sdk /usr/bin/cmake --install /home/takuto/scout_ws/build/scout_mini_gazebo_sim
[1.228s] Level 1:colcon.colcon_core.environment:create_environment_scripts_only(scout_mini_gazebo_sim)
[1.228s] Level 1:colcon.colcon_core.environment:checking '/home/takuto/scout_ws/install/scout_mini_gazebo_sim' for CMake module files
[1.229s] DEBUG:colcon.colcon_core.event_handler.log_command:Invoked command in '/home/takuto/scout_ws/build/scout_mini_gazebo_sim' returned '0': CMAKE_PREFIX_PATH=/home/takuto/scout_ws/install/scout_mini_description:/home/takuto/scout_ws/install/scout_mini_gazebo_sim:/home/takuto/scout_ws/src/install/scout_mini_gazebo_sim:/home/takuto/scout_ws/src/install/scout_mini_description:/home/takuto/scout_ws/src/install/scout_mini_control:/home/takuto/scout_ws/src/install/hesai_description:/home/takuto/scout_ws/install/scout_mini_control:/home/takuto/scout_ws/install/scout_gazebo:/home/takuto/scout_ws/install/scout_description:/home/takuto/scout_ws/install/hesai_ros_driver:/home/takuto/scout_ws/install/hesai_description:/home/takuto/mecanumrover_ws/install/vs_rover_options_description:/home/takuto/mecanumrover_ws/install/mecanumrover_gazebo:/home/takuto/mecanumrover_ws/install/mecanumrover3:/home/takuto/mecanumrover_ws/install/mecanumrover_description:/home/takuto/mecanumrover_ws/install/mecanumrover3_bringup:/home/takuto/uros_ws/install/micro_ros_setup:/home/takuto/uros_ws/install/micro_ros_agent:/home/takuto/uros_ws/install/micro_ros_msgs:/home/takuto/scout_ws/src/install/scout_gazebo:/home/takuto/scout_ws/src/install/hesai_ros_driver:/home/takuto/turtlebot3_ws/install/turtlebot3:/home/takuto/turtlebot3_ws/install/turtlebot3_simulations:/home/takuto/turtlebot3_ws/install/turtlebot3_bringup:/home/takuto/turtlebot3_ws/install/turtlebot3_node:/home/takuto/turtlebot3_ws/install/turtlebot3_navigation2:/home/takuto/turtlebot3_ws/install/turtlebot3_gazebo:/home/takuto/turtlebot3_ws/install/turtlebot3_fake_node:/home/takuto/turtlebot3_ws/install/turtlebot3_description:/home/takuto/turtlebot3_ws/install/turtlebot3_cartographer:/home/takuto/scout_ws/src/install/cost_cul:/home/takuto/scout_ws/install/cost_cul:/home/takuto/scout_ws/install/cmd_vel_joy:/home/takuto/scout_ws/src/install/cmd_vel_joy:/home/takuto/turtlebot3_ws/install/turtlebot3_teleop:/home/takuto/turtlebot3_ws/install/turtlebot3_example:/home/takuto/turtlebot3_ws/install/cmd_vel_joy:/opt/ros/humble:/home/takuto/turtlebot3_ws/install/realsense_gazebo_plugin:/home/takuto/turtlebot3_ws/install/realsense2_description:/home/takuto/turtlebot3_ws/install/realsense2_camera:/home/takuto/turtlebot3_ws/install/realsense2_camera_msgs:/home/takuto/turtlebot3_ws/install/dynamixel_sdk_examples:/home/takuto/turtlebot3_ws/install/dynamixel_sdk_custom_interfaces:/home/takuto/turtlebot3_ws/install/dynamixel_sdk /usr/bin/cmake --install /home/takuto/scout_ws/build/scout_mini_gazebo_sim
[1.230s] Level 1:colcon.colcon_core.environment:checking '/home/takuto/scout_ws/install/scout_mini_gazebo_sim' for CMake config files
[1.230s] Level 1:colcon.colcon_core.shell:create_environment_hook('scout_mini_gazebo_sim', 'cmake_prefix_path')
[1.231s] INFO:colcon.colcon_core.shell:Creating environment hook '/home/takuto/scout_ws/install/scout_mini_gazebo_sim/share/scout_mini_gazebo_sim/hook/cmake_prefix_path.ps1'
[1.232s] INFO:colcon.colcon_core.shell:Creating environment descriptor '/home/takuto/scout_ws/install/scout_mini_gazebo_sim/share/scout_mini_gazebo_sim/hook/cmake_prefix_path.dsv'
[1.232s] INFO:colcon.colcon_core.shell:Creating environment hook '/home/takuto/scout_ws/install/scout_mini_gazebo_sim/share/scout_mini_gazebo_sim/hook/cmake_prefix_path.sh'
[1.233s] Level 1:colcon.colcon_core.environment:checking '/home/takuto/scout_ws/install/scout_mini_gazebo_sim/bin'
[1.233s] Level 1:colcon.colcon_core.environment:checking '/home/takuto/scout_ws/install/scout_mini_gazebo_sim/lib/pkgconfig/scout_mini_gazebo_sim.pc'
[1.234s] Level 1:colcon.colcon_core.environment:checking '/home/takuto/scout_ws/install/scout_mini_gazebo_sim/lib/python3.10/site-packages'
[1.234s] Level 1:colcon.colcon_core.environment:checking '/home/takuto/scout_ws/install/scout_mini_gazebo_sim/bin'
[1.235s] INFO:colcon.colcon_core.shell:Creating package script '/home/takuto/scout_ws/install/scout_mini_gazebo_sim/share/scout_mini_gazebo_sim/package.ps1'
[1.236s] INFO:colcon.colcon_core.shell:Creating package descriptor '/home/takuto/scout_ws/install/scout_mini_gazebo_sim/share/scout_mini_gazebo_sim/package.dsv'
[1.237s] INFO:colcon.colcon_core.shell:Creating package script '/home/takuto/scout_ws/install/scout_mini_gazebo_sim/share/scout_mini_gazebo_sim/package.sh'
[1.237s] INFO:colcon.colcon_core.shell:Creating package script '/home/takuto/scout_ws/install/scout_mini_gazebo_sim/share/scout_mini_gazebo_sim/package.bash'
[1.238s] INFO:colcon.colcon_core.shell:Creating package script '/home/takuto/scout_ws/install/scout_mini_gazebo_sim/share/scout_mini_gazebo_sim/package.zsh'
[1.239s] Level 1:colcon.colcon_core.environment:create_file_with_runtime_dependencies(/home/takuto/scout_ws/install/scout_mini_gazebo_sim/share/colcon-core/packages/scout_mini_gazebo_sim)
[1.240s] Level 1:colcon.colcon_core.environment:create_environment_scripts_only(scout_mini_gazebo_sim)
[1.240s] Level 1:colcon.colcon_core.environment:checking '/home/takuto/scout_ws/install/scout_mini_gazebo_sim' for CMake module files
[1.242s] Level 1:colcon.colcon_core.environment:checking '/home/takuto/scout_ws/install/scout_mini_gazebo_sim' for CMake config files
[1.242s] Level 1:colcon.colcon_core.shell:create_environment_hook('scout_mini_gazebo_sim', 'cmake_prefix_path')
[1.242s] INFO:colcon.colcon_core.shell:Creating environment hook '/home/takuto/scout_ws/install/scout_mini_gazebo_sim/share/scout_mini_gazebo_sim/hook/cmake_prefix_path.ps1'
[1.243s] INFO:colcon.colcon_core.shell:Creating environment descriptor '/home/takuto/scout_ws/install/scout_mini_gazebo_sim/share/scout_mini_gazebo_sim/hook/cmake_prefix_path.dsv'
[1.244s] INFO:colcon.colcon_core.shell:Creating environment hook '/home/takuto/scout_ws/install/scout_mini_gazebo_sim/share/scout_mini_gazebo_sim/hook/cmake_prefix_path.sh'
[1.245s] Level 1:colcon.colcon_core.environment:checking '/home/takuto/scout_ws/install/scout_mini_gazebo_sim/bin'
[1.245s] Level 1:colcon.colcon_core.environment:checking '/home/takuto/scout_ws/install/scout_mini_gazebo_sim/lib/pkgconfig/scout_mini_gazebo_sim.pc'
[1.245s] Level 1:colcon.colcon_core.environment:checking '/home/takuto/scout_ws/install/scout_mini_gazebo_sim/lib/python3.10/site-packages'
[1.246s] Level 1:colcon.colcon_core.environment:checking '/home/takuto/scout_ws/install/scout_mini_gazebo_sim/bin'
[1.246s] INFO:colcon.colcon_core.shell:Creating package script '/home/takuto/scout_ws/install/scout_mini_gazebo_sim/share/scout_mini_gazebo_sim/package.ps1'
[1.247s] INFO:colcon.colcon_core.shell:Creating package descriptor '/home/takuto/scout_ws/install/scout_mini_gazebo_sim/share/scout_mini_gazebo_sim/package.dsv'
[1.249s] INFO:colcon.colcon_core.shell:Creating package script '/home/takuto/scout_ws/install/scout_mini_gazebo_sim/share/scout_mini_gazebo_sim/package.sh'
[1.249s] INFO:colcon.colcon_core.shell:Creating package script '/home/takuto/scout_ws/install/scout_mini_gazebo_sim/share/scout_mini_gazebo_sim/package.bash'
[1.250s] INFO:colcon.colcon_core.shell:Creating package script '/home/takuto/scout_ws/install/scout_mini_gazebo_sim/share/scout_mini_gazebo_sim/package.zsh'
[1.251s] Level 1:colcon.colcon_core.environment:create_file_with_runtime_dependencies(/home/takuto/scout_ws/install/scout_mini_gazebo_sim/share/colcon-core/packages/scout_mini_gazebo_sim)
[1.523s] DEBUG:colcon.colcon_core.event_handler.log_command:Invoking command in '/home/takuto/scout_ws/build/cost_cul': PYTHONPATH=/home/takuto/scout_ws/build/cost_cul/prefix_override:/usr/lib/python3/dist-packages/colcon_core/task/python/colcon_distutils_commands:/home/takuto/scout_ws/install/cost_cul/lib/python3.10/site-packages:${PYTHONPATH} /usr/bin/python3 -W ignore:setup.py install is deprecated -W ignore:easy_install command is deprecated setup.py develop --editable --build-directory /home/takuto/scout_ws/build/cost_cul/build --no-deps symlink_data
[1.531s] DEBUG:colcon.colcon_core.event_handler.log_command:Invoked command in '/home/takuto/scout_ws/build/hesai_ros_driver' returned '0': CMAKE_PREFIX_PATH=/home/takuto/scout_ws/install/scout_mini_gazebo_sim:/home/takuto/scout_ws/src/install/scout_mini_gazebo_sim:/home/takuto/scout_ws/src/install/scout_mini_description:/home/takuto/scout_ws/src/install/scout_mini_control:/home/takuto/scout_ws/src/install/hesai_description:/home/takuto/scout_ws/install/scout_mini_control:/home/takuto/scout_ws/install/scout_mini_description:/home/takuto/scout_ws/install/scout_gazebo:/home/takuto/scout_ws/install/scout_description:/home/takuto/scout_ws/install/hesai_ros_driver:/home/takuto/scout_ws/install/hesai_description:/home/takuto/mecanumrover_ws/install/vs_rover_options_description:/home/takuto/mecanumrover_ws/install/mecanumrover_gazebo:/home/takuto/mecanumrover_ws/install/mecanumrover3:/home/takuto/mecanumrover_ws/install/mecanumrover_description:/home/takuto/mecanumrover_ws/install/mecanumrover3_bringup:/home/takuto/uros_ws/install/micro_ros_setup:/home/takuto/uros_ws/install/micro_ros_agent:/home/takuto/uros_ws/install/micro_ros_msgs:/home/takuto/scout_ws/src/install/scout_gazebo:/home/takuto/scout_ws/src/install/hesai_ros_driver:/home/takuto/turtlebot3_ws/install/turtlebot3:/home/takuto/turtlebot3_ws/install/turtlebot3_simulations:/home/takuto/turtlebot3_ws/install/turtlebot3_bringup:/home/takuto/turtlebot3_ws/install/turtlebot3_node:/home/takuto/turtlebot3_ws/install/turtlebot3_navigation2:/home/takuto/turtlebot3_ws/install/turtlebot3_gazebo:/home/takuto/turtlebot3_ws/install/turtlebot3_fake_node:/home/takuto/turtlebot3_ws/install/turtlebot3_description:/home/takuto/turtlebot3_ws/install/turtlebot3_cartographer:/home/takuto/scout_ws/src/install/cost_cul:/home/takuto/scout_ws/install/cost_cul:/home/takuto/scout_ws/install/cmd_vel_joy:/home/takuto/scout_ws/src/install/cmd_vel_joy:/home/takuto/turtlebot3_ws/install/turtlebot3_teleop:/home/takuto/turtlebot3_ws/install/turtlebot3_example:/home/takuto/turtlebot3_ws/install/cmd_vel_joy:/opt/ros/humble:/home/takuto/turtlebot3_ws/install/realsense_gazebo_plugin:/home/takuto/turtlebot3_ws/install/realsense2_description:/home/takuto/turtlebot3_ws/install/realsense2_camera:/home/takuto/turtlebot3_ws/install/realsense2_camera_msgs:/home/takuto/turtlebot3_ws/install/dynamixel_sdk_examples:/home/takuto/turtlebot3_ws/install/dynamixel_sdk_custom_interfaces:/home/takuto/turtlebot3_ws/install/dynamixel_sdk /usr/bin/cmake --build /home/takuto/scout_ws/build/hesai_ros_driver -- -j16 -l16
[1.533s] DEBUG:colcon.colcon_core.event_handler.log_command:Invoking command in '/home/takuto/scout_ws/build/hesai_ros_driver': CMAKE_PREFIX_PATH=/home/takuto/scout_ws/install/scout_mini_gazebo_sim:/home/takuto/scout_ws/src/install/scout_mini_gazebo_sim:/home/takuto/scout_ws/src/install/scout_mini_description:/home/takuto/scout_ws/src/install/scout_mini_control:/home/takuto/scout_ws/src/install/hesai_description:/home/takuto/scout_ws/install/scout_mini_control:/home/takuto/scout_ws/install/scout_mini_description:/home/takuto/scout_ws/install/scout_gazebo:/home/takuto/scout_ws/install/scout_description:/home/takuto/scout_ws/install/hesai_ros_driver:/home/takuto/scout_ws/install/hesai_description:/home/takuto/mecanumrover_ws/install/vs_rover_options_description:/home/takuto/mecanumrover_ws/install/mecanumrover_gazebo:/home/takuto/mecanumrover_ws/install/mecanumrover3:/home/takuto/mecanumrover_ws/install/mecanumrover_description:/home/takuto/mecanumrover_ws/install/mecanumrover3_bringup:/home/takuto/uros_ws/install/micro_ros_setup:/home/takuto/uros_ws/install/micro_ros_agent:/home/takuto/uros_ws/install/micro_ros_msgs:/home/takuto/scout_ws/src/install/scout_gazebo:/home/takuto/scout_ws/src/install/hesai_ros_driver:/home/takuto/turtlebot3_ws/install/turtlebot3:/home/takuto/turtlebot3_ws/install/turtlebot3_simulations:/home/takuto/turtlebot3_ws/install/turtlebot3_bringup:/home/takuto/turtlebot3_ws/install/turtlebot3_node:/home/takuto/turtlebot3_ws/install/turtlebot3_navigation2:/home/takuto/turtlebot3_ws/install/turtlebot3_gazebo:/home/takuto/turtlebot3_ws/install/turtlebot3_fake_node:/home/takuto/turtlebot3_ws/install/turtlebot3_description:/home/takuto/turtlebot3_ws/install/turtlebot3_cartographer:/home/takuto/scout_ws/src/install/cost_cul:/home/takuto/scout_ws/install/cost_cul:/home/takuto/scout_ws/install/cmd_vel_joy:/home/takuto/scout_ws/src/install/cmd_vel_joy:/home/takuto/turtlebot3_ws/install/turtlebot3_teleop:/home/takuto/turtlebot3_ws/install/turtlebot3_example:/home/takuto/turtlebot3_ws/install/cmd_vel_joy:/opt/ros/humble:/home/takuto/turtlebot3_ws/install/realsense_gazebo_plugin:/home/takuto/turtlebot3_ws/install/realsense2_description:/home/takuto/turtlebot3_ws/install/realsense2_camera:/home/takuto/turtlebot3_ws/install/realsense2_camera_msgs:/home/takuto/turtlebot3_ws/install/dynamixel_sdk_examples:/home/takuto/turtlebot3_ws/install/dynamixel_sdk_custom_interfaces:/home/takuto/turtlebot3_ws/install/dynamixel_sdk /usr/bin/cmake --install /home/takuto/scout_ws/build/hesai_ros_driver
[1.535s] DEBUG:colcon.colcon_core.event_handler.log_command:Invoking command in '/home/takuto/scout_ws/build/cmd_vel_joy': PYTHONPATH=/home/takuto/scout_ws/build/cmd_vel_joy/prefix_override:/usr/lib/python3/dist-packages/colcon_core/task/python/colcon_distutils_commands:/home/takuto/scout_ws/install/cmd_vel_joy/lib/python3.10/site-packages:${PYTHONPATH} /usr/bin/python3 -W ignore:setup.py install is deprecated -W ignore:easy_install command is deprecated setup.py develop --editable --build-directory /home/takuto/scout_ws/build/cmd_vel_joy/build --no-deps symlink_data
[1.647s] Level 1:colcon.colcon_core.environment:create_environment_scripts_only(hesai_ros_driver)
[1.648s] Level 1:colcon.colcon_core.environment:checking '/home/takuto/scout_ws/install/hesai_ros_driver' for CMake module files
[1.649s] DEBUG:colcon.colcon_core.event_handler.log_command:Invoked command in '/home/takuto/scout_ws/build/hesai_ros_driver' returned '0': CMAKE_PREFIX_PATH=/home/takuto/scout_ws/install/scout_mini_gazebo_sim:/home/takuto/scout_ws/src/install/scout_mini_gazebo_sim:/home/takuto/scout_ws/src/install/scout_mini_description:/home/takuto/scout_ws/src/install/scout_mini_control:/home/takuto/scout_ws/src/install/hesai_description:/home/takuto/scout_ws/install/scout_mini_control:/home/takuto/scout_ws/install/scout_mini_description:/home/takuto/scout_ws/install/scout_gazebo:/home/takuto/scout_ws/install/scout_description:/home/takuto/scout_ws/install/hesai_ros_driver:/home/takuto/scout_ws/install/hesai_description:/home/takuto/mecanumrover_ws/install/vs_rover_options_description:/home/takuto/mecanumrover_ws/install/mecanumrover_gazebo:/home/takuto/mecanumrover_ws/install/mecanumrover3:/home/takuto/mecanumrover_ws/install/mecanumrover_description:/home/takuto/mecanumrover_ws/install/mecanumrover3_bringup:/home/takuto/uros_ws/install/micro_ros_setup:/home/takuto/uros_ws/install/micro_ros_agent:/home/takuto/uros_ws/install/micro_ros_msgs:/home/takuto/scout_ws/src/install/scout_gazebo:/home/takuto/scout_ws/src/install/hesai_ros_driver:/home/takuto/turtlebot3_ws/install/turtlebot3:/home/takuto/turtlebot3_ws/install/turtlebot3_simulations:/home/takuto/turtlebot3_ws/install/turtlebot3_bringup:/home/takuto/turtlebot3_ws/install/turtlebot3_node:/home/takuto/turtlebot3_ws/install/turtlebot3_navigation2:/home/takuto/turtlebot3_ws/install/turtlebot3_gazebo:/home/takuto/turtlebot3_ws/install/turtlebot3_fake_node:/home/takuto/turtlebot3_ws/install/turtlebot3_description:/home/takuto/turtlebot3_ws/install/turtlebot3_cartographer:/home/takuto/scout_ws/src/install/cost_cul:/home/takuto/scout_ws/install/cost_cul:/home/takuto/scout_ws/install/cmd_vel_joy:/home/takuto/scout_ws/src/install/cmd_vel_joy:/home/takuto/turtlebot3_ws/install/turtlebot3_teleop:/home/takuto/turtlebot3_ws/install/turtlebot3_example:/home/takuto/turtlebot3_ws/install/cmd_vel_joy:/opt/ros/humble:/home/takuto/turtlebot3_ws/install/realsense_gazebo_plugin:/home/takuto/turtlebot3_ws/install/realsense2_description:/home/takuto/turtlebot3_ws/install/realsense2_camera:/home/takuto/turtlebot3_ws/install/realsense2_camera_msgs:/home/takuto/turtlebot3_ws/install/dynamixel_sdk_examples:/home/takuto/turtlebot3_ws/install/dynamixel_sdk_custom_interfaces:/home/takuto/turtlebot3_ws/install/dynamixel_sdk /usr/bin/cmake --install /home/takuto/scout_ws/build/hesai_ros_driver
[1.650s] Level 1:colcon.colcon_core.environment:checking '/home/takuto/scout_ws/install/hesai_ros_driver' for CMake config files
[1.651s] Level 1:colcon.colcon_core.shell:create_environment_hook('hesai_ros_driver', 'cmake_prefix_path')
[1.651s] INFO:colcon.colcon_core.shell:Creating environment hook '/home/takuto/scout_ws/install/hesai_ros_driver/share/hesai_ros_driver/hook/cmake_prefix_path.ps1'
[1.652s] INFO:colcon.colcon_core.shell:Creating environment descriptor '/home/takuto/scout_ws/install/hesai_ros_driver/share/hesai_ros_driver/hook/cmake_prefix_path.dsv'
[1.652s] INFO:colcon.colcon_core.shell:Creating environment hook '/home/takuto/scout_ws/install/hesai_ros_driver/share/hesai_ros_driver/hook/cmake_prefix_path.sh'
[1.653s] Level 1:colcon.colcon_core.environment:checking '/home/takuto/scout_ws/install/hesai_ros_driver/lib'
[1.653s] Level 1:colcon.colcon_core.shell:create_environment_hook('hesai_ros_driver', 'ld_library_path_lib')
[1.653s] INFO:colcon.colcon_core.shell:Creating environment hook '/home/takuto/scout_ws/install/hesai_ros_driver/share/hesai_ros_driver/hook/ld_library_path_lib.ps1'
[1.654s] INFO:colcon.colcon_core.shell:Creating environment descriptor '/home/takuto/scout_ws/install/hesai_ros_driver/share/hesai_ros_driver/hook/ld_library_path_lib.dsv'
[1.654s] INFO:colcon.colcon_core.shell:Creating environment hook '/home/takuto/scout_ws/install/hesai_ros_driver/share/hesai_ros_driver/hook/ld_library_path_lib.sh'
[1.655s] Level 1:colcon.colcon_core.environment:checking '/home/takuto/scout_ws/install/hesai_ros_driver/bin'
[1.655s] Level 1:colcon.colcon_core.environment:checking '/home/takuto/scout_ws/install/hesai_ros_driver/lib/pkgconfig/hesai_ros_driver.pc'
[1.655s] Level 1:colcon.colcon_core.environment:checking '/home/takuto/scout_ws/install/hesai_ros_driver/lib/python3.10/site-packages'
[1.655s] Level 1:colcon.colcon_core.environment:checking '/home/takuto/scout_ws/install/hesai_ros_driver/bin'
[1.656s] INFO:colcon.colcon_core.shell:Creating package script '/home/takuto/scout_ws/install/hesai_ros_driver/share/hesai_ros_driver/package.ps1'
[1.656s] INFO:colcon.colcon_core.shell:Creating package descriptor '/home/takuto/scout_ws/install/hesai_ros_driver/share/hesai_ros_driver/package.dsv'
[1.657s] INFO:colcon.colcon_core.shell:Creating package script '/home/takuto/scout_ws/install/hesai_ros_driver/share/hesai_ros_driver/package.sh'
[1.657s] INFO:colcon.colcon_core.shell:Creating package script '/home/takuto/scout_ws/install/hesai_ros_driver/share/hesai_ros_driver/package.bash'
[1.658s] INFO:colcon.colcon_core.shell:Creating package script '/home/takuto/scout_ws/install/hesai_ros_driver/share/hesai_ros_driver/package.zsh'
[1.658s] Level 1:colcon.colcon_core.environment:create_file_with_runtime_dependencies(/home/takuto/scout_ws/install/hesai_ros_driver/share/colcon-core/packages/hesai_ros_driver)
[1.659s] Level 1:colcon.colcon_core.environment:create_environment_scripts_only(hesai_ros_driver)
[1.659s] Level 1:colcon.colcon_core.environment:checking '/home/takuto/scout_ws/install/hesai_ros_driver' for CMake module files
[1.660s] Level 1:colcon.colcon_core.environment:checking '/home/takuto/scout_ws/install/hesai_ros_driver' for CMake config files
[1.661s] Level 1:colcon.colcon_core.shell:create_environment_hook('hesai_ros_driver', 'cmake_prefix_path')
[1.661s] INFO:colcon.colcon_core.shell:Creating environment hook '/home/takuto/scout_ws/install/hesai_ros_driver/share/hesai_ros_driver/hook/cmake_prefix_path.ps1'
[1.661s] INFO:colcon.colcon_core.shell:Creating environment descriptor '/home/takuto/scout_ws/install/hesai_ros_driver/share/hesai_ros_driver/hook/cmake_prefix_path.dsv'
[1.662s] INFO:colcon.colcon_core.shell:Creating environment hook '/home/takuto/scout_ws/install/hesai_ros_driver/share/hesai_ros_driver/hook/cmake_prefix_path.sh'
[1.662s] Level 1:colcon.colcon_core.environment:checking '/home/takuto/scout_ws/install/hesai_ros_driver/lib'
[1.662s] Level 1:colcon.colcon_core.shell:create_environment_hook('hesai_ros_driver', 'ld_library_path_lib')
[1.663s] INFO:colcon.colcon_core.shell:Creating environment hook '/home/takuto/scout_ws/install/hesai_ros_driver/share/hesai_ros_driver/hook/ld_library_path_lib.ps1'
[1.663s] INFO:colcon.colcon_core.shell:Creating environment descriptor '/home/takuto/scout_ws/install/hesai_ros_driver/share/hesai_ros_driver/hook/ld_library_path_lib.dsv'
[1.663s] INFO:colcon.colcon_core.shell:Creating environment hook '/home/takuto/scout_ws/install/hesai_ros_driver/share/hesai_ros_driver/hook/ld_library_path_lib.sh'
[1.664s] Level 1:colcon.colcon_core.environment:checking '/home/takuto/scout_ws/install/hesai_ros_driver/bin'
[1.664s] Level 1:colcon.colcon_core.environment:checking '/home/takuto/scout_ws/install/hesai_ros_driver/lib/pkgconfig/hesai_ros_driver.pc'
[1.664s] Level 1:colcon.colcon_core.environment:checking '/home/takuto/scout_ws/install/hesai_ros_driver/lib/python3.10/site-packages'
[1.664s] Level 1:colcon.colcon_core.environment:checking '/home/takuto/scout_ws/install/hesai_ros_driver/bin'
[1.665s] INFO:colcon.colcon_core.shell:Creating package script '/home/takuto/scout_ws/install/hesai_ros_driver/share/hesai_ros_driver/package.ps1'
[1.665s] INFO:colcon.colcon_core.shell:Creating package descriptor '/home/takuto/scout_ws/install/hesai_ros_driver/share/hesai_ros_driver/package.dsv'
[1.666s] INFO:colcon.colcon_core.shell:Creating package script '/home/takuto/scout_ws/install/hesai_ros_driver/share/hesai_ros_driver/package.sh'
[1.666s] INFO:colcon.colcon_core.shell:Creating package script '/home/takuto/scout_ws/install/hesai_ros_driver/share/hesai_ros_driver/package.bash'
[1.667s] INFO:colcon.colcon_core.shell:Creating package script '/home/takuto/scout_ws/install/hesai_ros_driver/share/hesai_ros_driver/package.zsh'
[1.667s] Level 1:colcon.colcon_core.environment:create_file_with_runtime_dependencies(/home/takuto/scout_ws/install/hesai_ros_driver/share/colcon-core/packages/hesai_ros_driver)
[2.185s] Level 1:colcon.colcon_core.shell:create_environment_hook('cost_cul', 'pythonpath_develop')
[2.186s] INFO:colcon.colcon_core.shell:Creating environment hook '/home/takuto/scout_ws/build/cost_cul/share/cost_cul/hook/pythonpath_develop.ps1'
[2.186s] DEBUG:colcon.colcon_core.event_handler.log_command:Invoked command in '/home/takuto/scout_ws/build/cost_cul' returned '0': PYTHONPATH=/home/takuto/scout_ws/build/cost_cul/prefix_override:/usr/lib/python3/dist-packages/colcon_core/task/python/colcon_distutils_commands:/home/takuto/scout_ws/install/cost_cul/lib/python3.10/site-packages:${PYTHONPATH} /usr/bin/python3 -W ignore:setup.py install is deprecated -W ignore:easy_install command is deprecated setup.py develop --editable --build-directory /home/takuto/scout_ws/build/cost_cul/build --no-deps symlink_data
[2.187s] INFO:colcon.colcon_core.shell:Creating environment descriptor '/home/takuto/scout_ws/build/cost_cul/share/cost_cul/hook/pythonpath_develop.dsv'
[2.187s] INFO:colcon.colcon_core.shell:Creating environment hook '/home/takuto/scout_ws/build/cost_cul/share/cost_cul/hook/pythonpath_develop.sh'
[2.188s] Level 1:colcon.colcon_core.environment:checking '/home/takuto/scout_ws/install/cost_cul' for CMake module files
[2.188s] Level 1:colcon.colcon_core.environment:checking '/home/takuto/scout_ws/install/cost_cul' for CMake config files
[2.189s] Level 1:colcon.colcon_core.environment:checking '/home/takuto/scout_ws/install/cost_cul/lib'
[2.189s] Level 1:colcon.colcon_core.environment:checking '/home/takuto/scout_ws/install/cost_cul/bin'
[2.189s] Level 1:colcon.colcon_core.environment:checking '/home/takuto/scout_ws/install/cost_cul/lib/pkgconfig/cost_cul.pc'
[2.190s] Level 1:colcon.colcon_core.environment:checking '/home/takuto/scout_ws/install/cost_cul/lib/python3.10/site-packages'
[2.190s] Level 1:colcon.colcon_core.shell:create_environment_hook('cost_cul', 'pythonpath')
[2.190s] INFO:colcon.colcon_core.shell:Creating environment hook '/home/takuto/scout_ws/install/cost_cul/share/cost_cul/hook/pythonpath.ps1'
[2.190s] INFO:colcon.colcon_core.shell:Creating environment descriptor '/home/takuto/scout_ws/install/cost_cul/share/cost_cul/hook/pythonpath.dsv'
[2.191s] INFO:colcon.colcon_core.shell:Creating environment hook '/home/takuto/scout_ws/install/cost_cul/share/cost_cul/hook/pythonpath.sh'
[2.191s] Level 1:colcon.colcon_core.environment:checking '/home/takuto/scout_ws/install/cost_cul/bin'
[2.192s] Level 1:colcon.colcon_core.environment:create_environment_scripts_only(cost_cul)
[2.192s] INFO:colcon.colcon_core.shell:Creating package script '/home/takuto/scout_ws/install/cost_cul/share/cost_cul/package.ps1'
[2.193s] INFO:colcon.colcon_core.shell:Creating package descriptor '/home/takuto/scout_ws/install/cost_cul/share/cost_cul/package.dsv'
[2.193s] INFO:colcon.colcon_core.shell:Creating package script '/home/takuto/scout_ws/install/cost_cul/share/cost_cul/package.sh'
[2.194s] INFO:colcon.colcon_core.shell:Creating package script '/home/takuto/scout_ws/install/cost_cul/share/cost_cul/package.bash'
[2.194s] INFO:colcon.colcon_core.shell:Creating package script '/home/takuto/scout_ws/install/cost_cul/share/cost_cul/package.zsh'
[2.195s] Level 1:colcon.colcon_core.environment:create_file_with_runtime_dependencies(/home/takuto/scout_ws/install/cost_cul/share/colcon-core/packages/cost_cul)
[2.208s] Level 1:colcon.colcon_core.shell:create_environment_hook('cmd_vel_joy', 'pythonpath_develop')
[2.208s] INFO:colcon.colcon_core.shell:Creating environment hook '/home/takuto/scout_ws/build/cmd_vel_joy/share/cmd_vel_joy/hook/pythonpath_develop.ps1'
[2.208s] DEBUG:colcon.colcon_core.event_handler.log_command:Invoked command in '/home/takuto/scout_ws/build/cmd_vel_joy' returned '0': PYTHONPATH=/home/takuto/scout_ws/build/cmd_vel_joy/prefix_override:/usr/lib/python3/dist-packages/colcon_core/task/python/colcon_distutils_commands:/home/takuto/scout_ws/install/cmd_vel_joy/lib/python3.10/site-packages:${PYTHONPATH} /usr/bin/python3 -W ignore:setup.py install is deprecated -W ignore:easy_install command is deprecated setup.py develop --editable --build-directory /home/takuto/scout_ws/build/cmd_vel_joy/build --no-deps symlink_data
[2.209s] INFO:colcon.colcon_core.shell:Creating environment descriptor '/home/takuto/scout_ws/build/cmd_vel_joy/share/cmd_vel_joy/hook/pythonpath_develop.dsv'
[2.210s] INFO:colcon.colcon_core.shell:Creating environment hook '/home/takuto/scout_ws/build/cmd_vel_joy/share/cmd_vel_joy/hook/pythonpath_develop.sh'
[2.210s] Level 1:colcon.colcon_core.environment:checking '/home/takuto/scout_ws/install/cmd_vel_joy' for CMake module files
[2.211s] Level 1:colcon.colcon_core.environment:checking '/home/takuto/scout_ws/install/cmd_vel_joy' for CMake config files
[2.211s] Level 1:colcon.colcon_core.environment:checking '/home/takuto/scout_ws/install/cmd_vel_joy/lib'
[2.212s] Level 1:colcon.colcon_core.environment:checking '/home/takuto/scout_ws/install/cmd_vel_joy/bin'
[2.212s] Level 1:colcon.colcon_core.environment:checking '/home/takuto/scout_ws/install/cmd_vel_joy/lib/pkgconfig/cmd_vel_joy.pc'
[2.212s] Level 1:colcon.colcon_core.environment:checking '/home/takuto/scout_ws/install/cmd_vel_joy/lib/python3.10/site-packages'
[2.212s] Level 1:colcon.colcon_core.shell:create_environment_hook('cmd_vel_joy', 'pythonpath')
[2.212s] INFO:colcon.colcon_core.shell:Creating environment hook '/home/takuto/scout_ws/install/cmd_vel_joy/share/cmd_vel_joy/hook/pythonpath.ps1'
[2.213s] INFO:colcon.colcon_core.shell:Creating environment descriptor '/home/takuto/scout_ws/install/cmd_vel_joy/share/cmd_vel_joy/hook/pythonpath.dsv'
[2.213s] INFO:colcon.colcon_core.shell:Creating environment hook '/home/takuto/scout_ws/install/cmd_vel_joy/share/cmd_vel_joy/hook/pythonpath.sh'
[2.214s] Level 1:colcon.colcon_core.environment:checking '/home/takuto/scout_ws/install/cmd_vel_joy/bin'
[2.214s] Level 1:colcon.colcon_core.environment:create_environment_scripts_only(cmd_vel_joy)
[2.214s] INFO:colcon.colcon_core.shell:Creating package script '/home/takuto/scout_ws/install/cmd_vel_joy/share/cmd_vel_joy/package.ps1'
[2.215s] INFO:colcon.colcon_core.shell:Creating package descriptor '/home/takuto/scout_ws/install/cmd_vel_joy/share/cmd_vel_joy/package.dsv'
[2.215s] INFO:colcon.colcon_core.shell:Creating package script '/home/takuto/scout_ws/install/cmd_vel_joy/share/cmd_vel_joy/package.sh'
[2.216s] INFO:colcon.colcon_core.shell:Creating package script '/home/takuto/scout_ws/install/cmd_vel_joy/share/cmd_vel_joy/package.bash'
[2.216s] INFO:colcon.colcon_core.shell:Creating package script '/home/takuto/scout_ws/install/cmd_vel_joy/share/cmd_vel_joy/package.zsh'
[2.217s] Level 1:colcon.colcon_core.environment:create_file_with_runtime_dependencies(/home/takuto/scout_ws/install/cmd_vel_joy/share/colcon-core/packages/cmd_vel_joy)
[2.217s] DEBUG:colcon.colcon_parallel_executor.executor.parallel:closing loop
[2.218s] DEBUG:colcon.colcon_parallel_executor.executor.parallel:loop closed
[2.218s] DEBUG:colcon.colcon_parallel_executor.executor.parallel:run_until_complete finished with '0'
[2.218s] DEBUG:colcon.colcon_core.event_reactor:joining thread
[2.226s] INFO:colcon.colcon_core.plugin_system:Skipping extension 'colcon_notification.desktop_notification.terminal_notifier': Not used on non-Darwin systems
[2.226s] INFO:colcon.colcon_core.plugin_system:Skipping extension 'colcon_notification.desktop_notification.win32': Not used on non-Windows systems
[2.226s] INFO:colcon.colcon_notification.desktop_notification:Sending desktop notification using 'notify2'
[2.240s] DEBUG:colcon.colcon_core.event_reactor:joined thread
[2.240s] INFO:colcon.colcon_core.shell:Creating prefix script '/home/takuto/scout_ws/install/local_setup.ps1'
[2.242s] INFO:colcon.colcon_core.shell:Creating prefix util module '/home/takuto/scout_ws/install/_local_setup_util_ps1.py'
[2.244s] INFO:colcon.colcon_core.shell:Creating prefix chain script '/home/takuto/scout_ws/install/setup.ps1'
[2.248s] INFO:colcon.colcon_core.shell:Creating prefix script '/home/takuto/scout_ws/install/local_setup.sh'
[2.249s] INFO:colcon.colcon_core.shell:Creating prefix util module '/home/takuto/scout_ws/install/_local_setup_util_sh.py'
[2.250s] INFO:colcon.colcon_core.shell:Creating prefix chain script '/home/takuto/scout_ws/install/setup.sh'
[2.254s] INFO:colcon.colcon_core.shell:Creating prefix script '/home/takuto/scout_ws/install/local_setup.bash'
[2.254s] INFO:colcon.colcon_core.shell:Creating prefix chain script '/home/takuto/scout_ws/install/setup.bash'
[2.258s] INFO:colcon.colcon_core.shell:Creating prefix script '/home/takuto/scout_ws/install/local_setup.zsh'
[2.259s] INFO:colcon.colcon_core.shell:Creating prefix chain script '/home/takuto/scout_ws/install/setup.zsh'
